user_id,module_id,user_skill,words_on_slide,time_on_task_sec,interaction_rate,completed,test_score,pre_assessment_score,sim_completed,sim_time_on_task,baseline_retention,sim_retention
0,1,0.354,452,158.8,3,0,,0.40367141530112327,1,142.92000000000002,,
0,2,0.354,317,111.4,5,1,0.286,0.3401735698828815,1,100.26,0.0572,0.21449999999999997
0,3,0.354,396,139.2,2,1,0.475,0.41876885381006923,1,125.27999999999999,0.095,0.35624999999999996
0,4,0.354,495,174.0,4,0,,0.5063029856408026,1,156.6,,
0,5,0.354,229,80.5,4,1,0.564,0.3305846625276664,1,80.5,0.1128,0.42299999999999993
0,6,0.354,232,81.5,2,1,0.421,0.3305863043050819,1,81.5,0.0842,0.31575
0,7,0.354,578,203.1,4,0,,0.5119212815507391,1,182.79,,
0,8,0.354,457,160.6,4,0,,0.43074347291529086,1,144.54,,
1,1,0.249,280,112.2,4,1,0.491,0.2020525614065048,1,112.2,0.09820000000000001,0.36824999999999997
1,2,0.249,286,114.6,6,1,0.386,0.30325600435859645,1,114.6,0.0772,0.2895
1,3,0.249,224,89.8,5,0,,0.20265823071875377,0,89.8,,
1,4,0.249,302,121.0,7,1,0.386,0.2024270246429743,1,108.9,0.0772,0.2895
1,5,0.249,550,220.4,2,0,,0.2731962271566034,1,198.36,,
1,6,0.249,557,223.2,2,0,,0.05767197553422021,1,200.88,,
1,7,0.249,109,43.7,8,1,0.484,0.0765082167486967,1,43.7,0.0968,0.363
1,8,0.249,354,141.9,2,1,0.409,0.19277124707590274,1,127.71000000000001,0.0818,0.30674999999999997
2,1,0.416,535,175.2,10,0,,0.3147168879665576,0,157.68,,
2,2,0.416,298,97.6,5,1,0.484,0.44742473325952736,1,97.6,0.0968,0.363
2,3,0.416,130,42.6,8,1,0.436,0.3251975924478789,1,42.6,0.0872,0.327
2,4,0.416,201,65.8,4,1,0.506,0.2747696298664708,1,65.8,0.10120000000000001,0.3795
2,5,0.416,315,103.2,9,1,0.596,0.5625648768921554,1,92.88000000000001,0.1192,0.44699999999999995
2,6,0.416,186,60.9,4,1,0.669,0.3934223699513464,1,60.9,0.1338,0.50175
2,7,0.416,165,54.0,6,1,0.485,0.42275282046879237,1,54.0,0.097,0.36375
2,8,0.416,336,110.0,4,1,0.526,0.27352518137865434,1,99.0,0.10520000000000002,0.3945
3,1,0.16,509,231.4,1,0,,0.10556172754748173,1,208.26000000000002,,
3,2,0.16,123,55.9,4,1,0.414,0.17109225897098662,1,55.9,0.0828,0.3105
3,3,0.16,434,197.3,4,0,,0.04490064225776971,0,177.57000000000002,,
3,4,0.16,396,180.0,4,0,,0.1975698018345672,1,162.0,,
3,5,0.16,456,207.3,4,0,,0.0999361310081195,1,186.57000000000002,,
3,6,0.16,387,175.9,3,1,0.496,0.13083062502067233,0,158.31,0.09920000000000001,
3,7,0.16,538,244.6,3,0,,0.09982933877706031,1,220.14,,
3,8,0.16,206,93.6,4,1,0.296,0.3452278184508938,1,93.6,0.0592,0.22199999999999998
4,1,0.55,165,47.1,4,1,0.551,0.5486502775262067,1,47.1,0.11020000000000002,0.41325
4,2,0.55,435,124.3,4,1,0.835,0.44422890710441,1,111.87,0.167,0.62625
4,3,0.55,541,154.5,7,0,,0.632254491210319,1,139.05,,
4,4,0.55,346,98.8,3,0,,0.4279156350028978,1,88.92,,
4,5,0.55,168,48.0,4,1,0.606,0.5708863595004756,1,48.0,0.1212,0.4545
4,6,0.55,480,137.1,5,0,,0.3540329876120225,1,123.39,,
4,7,0.55,532,152.0,6,0,,0.41718139511015695,1,136.8,,
4,8,0.55,354,101.1,1,0,,0.5696861235869124,1,90.99,,
5,1,0.111,560,275.0,6,0,,0.18484665799954103,0,247.5,,
5,2,0.111,236,115.9,2,1,0.224,0.12813682811899704,1,115.9,0.044800000000000006,0.168
5,3,0.111,352,172.8,3,1,0.351,0.09943517176117594,1,155.52,0.0702,0.26325
5,4,0.111,240,117.9,2,1,0.329,0.08088963044107111,1,117.9,0.06580000000000001,0.24675000000000002
5,5,0.111,130,63.8,7,1,0.198,0.0,1,63.8,0.0396,0.14850000000000002
5,6,0.111,584,286.8,3,1,0.385,0.03901557916052914,1,258.12,0.07700000000000001,0.28875
5,7,0.111,297,145.8,6,1,0.325,0.06493612290402125,1,145.8,0.065,0.24375000000000002
5,8,0.111,203,99.7,1,1,0.087,0.21671222262189158,1,99.7,0.0174,0.06525
6,1,0.51,480,142.6,8,1,0.542,0.5443618289568461,1,128.34,0.10840000000000001,0.40650000000000003
6,2,0.51,139,41.3,6,1,0.492,0.3336959844637266,1,41.3,0.0984,0.369
6,3,0.51,171,50.8,7,1,0.566,0.5424083969394795,1,50.8,0.1132,0.4245
6,4,0.51,341,101.3,5,1,0.687,0.47149177195836833,1,91.17,0.13740000000000002,0.51525
6,5,0.51,372,110.5,8,1,0.755,0.4423077999694041,0,99.45,0.15100000000000002,
6,6,0.51,533,158.3,4,0,,0.5711676288840868,0,142.47000000000003,,
6,7,0.51,508,150.9,7,0,,0.6130999522495951,1,135.81,,
6,8,0.51,422,125.4,7,0,,0.6031280119116199,1,112.86000000000001,,
7,1,0.177,111,49.2,2,0,,0.09307824767773613,0,49.2,,
7,2,0.177,198,87.7,5,1,0.321,0.14607876241487852,1,87.7,0.06420000000000001,0.24075000000000002
7,3,0.177,532,235.7,3,0,,0.2101263431403564,1,212.13,,
7,4,0.177,470,208.2,4,1,0.407,0.2745545127122359,0,187.38,0.0814,
7,5,0.177,445,197.1,3,0,,0.12908257621547098,1,177.39,,
7,6,0.177,478,211.7,5,0,,0.15843410233361827,1,190.53,,
7,7,0.177,175,77.5,4,1,0.369,0.06636650259939716,1,77.5,0.0738,0.27675
7,8,0.177,549,243.2,3,0,,0.05737933759193291,1,218.88,,
8,1,0.198,130,55.9,3,1,0.23,0.27925258223941984,1,55.9,0.046000000000000006,0.17250000000000001
8,2,0.198,200,85.9,1,1,0.351,0.33362400285708227,1,85.9,0.0702,0.26325
8,3,0.198,137,58.9,3,1,0.042,0.19079898784196664,1,58.9,0.008400000000000001,0.0315
8,4,0.198,422,181.3,4,0,,0.29835328978920245,1,163.17000000000002,,
8,5,0.198,431,185.2,3,1,0.42,0.23416360250476342,1,166.68,0.084,0.315
8,6,0.198,168,72.2,4,1,0.376,0.13348802453948758,1,72.2,0.0752,0.28200000000000003
8,7,0.198,431,185.2,1,0,,0.2341395605508414,1,166.68,,
8,8,0.198,355,152.5,3,0,,0.35180365664659696,0,137.25,,
9,1,0.376,483,165.4,6,0,,0.37241739608900487,1,148.86,,
9,2,0.376,565,193.4,4,0,,0.5324643655814006,1,174.06,,
9,3,0.376,565,193.4,4,0,,0.11402548959102554,1,174.06,,
9,4,0.376,590,202.0,9,0,,0.4581902504375224,1,181.8,,
9,5,0.376,288,98.6,9,1,0.358,0.38470470682381713,1,98.6,0.0716,0.26849999999999996
9,6,0.376,106,36.3,6,1,0.475,0.34609926495341325,1,36.3,0.095,0.35624999999999996
9,7,0.376,396,135.6,4,1,0.317,0.3851760776535502,1,122.03999999999999,0.0634,0.23775000000000002
9,8,0.376,154,52.7,3,1,0.492,0.1772431085399107,1,52.7,0.0984,0.369
10,1,0.543,497,142.9,5,0,,0.5210328112162489,1,128.61,,
10,2,0.543,497,142.9,5,0,,0.5787112571511747,0,128.61,,
10,3,0.543,437,125.6,4,0,,0.6907894044741516,1,113.03999999999999,,
10,4,0.543,185,53.2,2,0,,0.4911729781726353,0,53.2,,
10,5,0.543,386,111.0,7,1,0.733,0.46215063971068127,1,99.9,0.1466,0.54975
10,6,0.543,343,98.6,7,0,,0.4928242956415464,1,88.74,,
10,7,0.543,538,154.7,1,0,,0.6345402117702075,0,139.23,,
10,8,0.543,492,141.5,4,0,,0.5758751109659684,1,127.35000000000001,,
11,1,0.085,394,202.1,6,0,,0.032023979623296124,0,181.89,,
11,2,0.085,168,86.2,4,1,0.116,0.13632674331133562,1,86.2,0.023200000000000002,0.08700000000000001
11,3,0.085,452,231.9,3,0,,0.09470775493480404,1,208.71,,
11,4,0.085,305,156.5,2,1,0.134,0.18186449905328894,0,140.85,0.026800000000000004,
11,5,0.085,234,120.0,2,1,0.311,0.014794690612264766,1,120.0,0.062200000000000005,0.23325
11,6,0.085,425,218.0,2,0,,0.05223378534022318,1,196.20000000000002,,
11,7,0.085,379,194.4,2,0,,0.04578918468678424,1,174.96,,
11,8,0.085,123,63.1,3,1,0.343,0.0,1,63.1,0.06860000000000001,0.25725000000000003
12,1,0.358,569,199.0,9,0,,0.3876120277064576,0,179.1,,
12,2,0.358,580,202.8,4,0,,0.3841055272179889,0,182.52,,
12,3,0.358,226,79.0,3,1,0.469,0.3585113456642461,1,79.0,0.0938,0.35175
12,4,0.358,585,204.6,7,0,,0.3345412866624853,1,184.14,,
12,5,0.358,339,118.5,5,1,0.22,0.21646292579495854,1,106.65,0.044000000000000004,0.165
12,6,0.358,140,49.0,3,1,0.487,0.3159354677234641,1,49.0,0.0974,0.36524999999999996
12,7,0.358,218,76.2,3,1,0.511,0.323728548347323,1,76.2,0.10220000000000001,0.38325
12,8,0.358,305,106.7,3,0,,0.2777722730778381,1,96.03,,
13,1,0.273,558,216.5,4,0,,0.2568714288333991,1,194.85,,
13,2,0.273,357,138.5,5,1,0.477,0.31340508568145387,1,124.65,0.0954,0.35775
13,3,0.273,210,81.5,4,1,0.307,0.46161859012105305,1,81.5,0.0614,0.23025
13,4,0.273,372,144.3,4,0,,0.2904577812831839,0,129.87,,
13,5,0.273,536,207.9,6,0,,0.29875503907227646,1,187.11,,
13,6,0.273,394,152.8,5,0,,0.2655554084233833,0,137.52,,
13,7,0.273,335,130.0,6,1,0.401,0.08112287847009586,0,117.0,0.08020000000000001,
13,8,0.273,285,110.6,2,1,0.209,0.27034861245507835,1,110.6,0.041800000000000004,0.15675
14,1,0.134,401,189.6,5,0,,0.14002302099410266,0,170.64,,
14,2,0.134,545,257.7,4,0,,0.38032421124852867,0,231.93,,
14,3,0.134,487,230.3,5,0,,0.11476390352188776,0,207.27,,
14,4,0.134,234,110.7,4,1,0.376,0.16415473423336124,1,110.7,0.0752,0.28200000000000003
14,5,0.134,227,107.3,3,0,,0.1305288230294757,0,107.3,,
14,6,0.134,453,214.2,3,0,,0.017132196238046793,1,192.78,,
14,7,0.134,240,113.5,5,1,0.186,0.24828228145150205,1,113.5,0.037200000000000004,0.1395
14,8,0.134,323,152.7,2,1,0.353,0.2091933032686774,0,137.43,0.0706,
15,1,0.353,130,45.7,2,1,0.587,0.4321031947043047,1,45.7,0.1174,0.44025
15,2,0.353,146,51.3,6,1,0.619,0.2620612545205261,1,51.3,0.12380000000000001,0.46425
15,3,0.353,190,66.8,5,1,0.656,0.49327943109360994,1,66.8,0.1312,0.492
15,4,0.353,353,124.1,4,1,0.271,0.2128148937207719,1,111.69,0.054200000000000005,0.20325000000000001
15,5,0.353,280,98.4,4,1,0.553,0.411685709380027,1,98.4,0.11060000000000002,0.41475000000000006
15,6,0.353,195,68.6,6,1,0.448,0.5720455625809978,1,68.6,0.08960000000000001,0.336
15,7,0.353,417,146.6,6,0,,0.2539463674869311,0,131.94,,
15,8,0.353,191,67.2,9,1,0.312,0.29637022703972277,1,67.2,0.062400000000000004,0.23399999999999999
16,1,0.133,527,249.8,5,0,,0.14296513650876413,0,224.82000000000002,,
16,2,0.133,230,109.0,9,1,0.251,0.08265243458838009,1,109.0,0.0502,0.18825
16,3,0.133,276,130.8,8,1,0.331,0.0,1,130.8,0.06620000000000001,0.24825000000000003
16,4,0.133,181,85.8,3,1,0.207,0.13985629748060274,1,85.8,0.0414,0.15525
16,5,0.133,279,132.3,4,1,0.274,0.02676962862738952,1,132.3,0.05480000000000001,0.20550000000000002
16,6,0.133,124,58.8,6,1,0.213,0.18035924306351817,1,58.8,0.0426,0.15975
16,7,0.133,551,261.2,4,0,,0.04105757657661968,1,235.07999999999998,,
16,8,0.133,495,234.7,1,0,,0.28799344050175396,0,211.23,,
17,1,0.326,289,104.9,5,1,0.419,0.24767467076637628,1,104.9,0.0838,0.31425
17,2,0.326,176,63.9,3,1,0.567,0.29379384837943245,1,63.9,0.1134,0.42524999999999996
17,3,0.326,202,73.3,6,1,0.502,0.407351721736967,1,73.3,0.1004,0.3765
17,4,0.326,324,117.6,4,1,0.463,0.20291356835660448,1,105.84,0.09260000000000002,0.34725
17,5,0.326,439,159.4,2,0,,0.34874599346041296,0,143.46,,
17,6,0.326,500,181.5,3,0,,0.45671427542824283,1,163.35,,
17,7,0.326,252,91.5,4,1,0.584,0.16525167654387724,1,91.5,0.1168,0.43799999999999994
17,8,0.326,266,96.6,0,1,0.382,0.34446338585323044,1,96.6,0.07640000000000001,0.2865
18,1,0.166,327,147.3,4,0,,0.19198827942484237,1,132.57000000000002,,
18,2,0.166,486,219.0,5,0,,0.24418228717773105,1,197.1,,
18,3,0.166,388,174.8,3,0,,0.042304928912191814,0,157.32000000000002,,
18,4,0.166,214,96.4,3,1,0.348,0.03395433869157238,1,96.4,0.0696,0.261
18,5,0.166,276,124.4,5,1,0.41,0.21819415656168978,1,124.4,0.082,0.3075
18,6,0.166,455,205.0,5,1,0.248,0.1956984673233186,1,184.5,0.049600000000000005,0.186
18,7,0.166,224,100.9,3,1,0.397,0.19104928503458768,1,100.9,0.07940000000000001,0.29775
18,8,0.166,326,146.9,6,1,0.373,0.20064482094969757,0,132.21,0.0746,
19,1,0.208,245,103.9,4,1,0.279,0.13999752784215092,1,103.9,0.05580000000000001,0.20925000000000002
19,2,0.208,485,205.6,8,0,,0.23122536971610036,1,185.04,,
19,3,0.208,170,72.1,3,1,0.247,0.23730724732986813,1,72.1,0.0494,0.18525
19,4,0.208,193,81.8,3,1,0.373,0.1365648581973632,1,81.8,0.0746,0.27975
19,5,0.208,247,104.7,3,1,0.299,0.3945774511144756,1,104.7,0.0598,0.22425
19,6,0.208,379,160.7,2,1,0.455,0.2553832920911787,0,144.63,0.09100000000000001,
19,7,0.208,560,237.4,3,0,,0.08886965027973512,0,213.66,,
19,8,0.208,420,178.0,4,0,,0.27365536086338293,1,160.20000000000002,,
20,1,0.263,511,200.8,5,0,,0.16553183297726787,1,180.72000000000003,,
20,2,0.263,525,206.3,7,0,,0.34170846037424524,0,185.67000000000002,,
20,3,0.263,389,152.9,4,1,0.121,0.37885955790074044,1,137.61,0.0242,0.09075
20,4,0.263,245,96.3,4,1,0.402,0.18093176816482898,1,96.3,0.08040000000000001,0.3015
20,5,0.263,552,216.9,4,0,,0.3593376129244322,0,195.21,,
20,6,0.263,313,123.0,4,1,0.391,0.30427809269364986,1,110.7,0.0782,0.29325
20,7,0.263,231,90.8,5,1,0.465,0.345206015999449,1,90.8,0.09300000000000001,0.34875
20,8,0.263,300,117.9,5,0,,0.45267929826539477,0,117.9,,
21,1,0.39,540,182.0,4,0,,0.365461188399713,1,163.8,,
21,2,0.39,574,193.5,5,0,,0.31462638356425104,0,174.15,,
21,3,0.39,386,130.1,7,0,,0.3010485570374477,1,117.09,,
21,4,0.39,307,103.5,4,0,,0.3084189715034562,1,93.15,,
21,5,0.39,205,69.1,4,1,0.531,0.3822898290585896,1,69.1,0.10620000000000002,0.39825
21,6,0.39,330,111.2,5,0,,0.4241151974816644,1,100.08,,
21,7,0.39,595,200.6,2,0,,0.4176690799330019,1,180.54,,
21,8,0.39,383,129.1,6,1,0.621,0.4727183249036024,1,116.19,0.1242,0.46575
22,1,0.154,296,135.9,1,1,0.327,0.1553001891877907,1,135.9,0.0654,0.24525000000000002
22,2,0.154,484,222.1,8,0,,0.2993534077157317,1,199.89,,
22,3,0.154,293,134.5,3,1,0.462,0.12753431667620438,1,134.5,0.09240000000000001,0.34650000000000003
22,4,0.154,114,52.3,5,1,0.287,0.4260169166589619,1,52.3,0.0574,0.21525
22,5,0.154,167,76.6,5,1,0.193,0.21656673477650062,1,76.6,0.0386,0.14475
22,6,0.154,425,195.1,5,0,,0.06828424435837174,1,175.59,,
22,7,0.154,118,54.2,4,1,0.276,0.04691075019388877,1,54.2,0.055200000000000006,0.20700000000000002
22,8,0.154,268,123.0,2,1,0.254,0.20224724152431853,1,123.0,0.050800000000000005,0.1905
23,1,0.306,396,147.5,4,1,0.451,0.2836537214674149,1,132.75,0.0902,0.33825
23,2,0.306,481,179.1,4,0,,0.3774000494092092,1,161.19,,
23,3,0.306,352,131.1,5,1,0.365,0.3533237624573545,1,117.99,0.073,0.27375
23,4,0.306,285,106.1,3,1,0.313,0.29871710873431273,1,106.1,0.0626,0.23475000000000001
23,5,0.306,441,164.2,6,1,0.524,0.2213206281931595,0,147.78,0.1048,
23,6,0.306,274,102.0,4,1,0.427,0.15451527753141353,1,102.0,0.0854,0.32025
23,7,0.306,535,199.3,3,0,,0.26134850479329785,1,179.37,,
23,8,0.306,176,65.5,5,1,0.464,0.39163987943234724,1,65.5,0.09280000000000001,0.34800000000000003
24,1,0.203,176,75.1,6,1,0.514,0.22440937441302042,1,75.1,0.1028,0.3855
24,2,0.203,257,109.6,5,1,0.401,0.0784261221288012,1,109.6,0.08020000000000001,0.30075
24,3,0.203,224,95.5,7,0,,0.22031809258511822,0,95.5,,
24,4,0.203,114,48.6,6,1,0.549,0.2415317379728837,1,48.6,0.10980000000000001,0.41175000000000006
24,5,0.203,348,148.4,5,1,0.464,0.1146142563798867,1,133.56,0.09280000000000001,0.34800000000000003
24,6,0.203,119,50.8,5,1,0.462,0.21837251059455282,1,50.8,0.09240000000000001,0.34650000000000003
24,7,0.203,416,177.4,2,0,,0.2088208718446,0,159.66,,
24,8,0.203,309,131.8,5,1,0.326,0.0887029702169377,1,118.62000000000002,0.06520000000000001,0.2445
25,1,0.184,232,101.8,4,1,0.28,0.21977873603482834,1,101.8,0.05600000000000001,0.21000000000000002
25,2,0.184,221,96.9,3,1,0.269,0.24007845263682343,1,96.9,0.05380000000000001,0.20175
25,3,0.184,112,49.1,3,1,0.331,0.2923051243175277,1,49.1,0.06620000000000001,0.24825000000000003
25,4,0.184,526,230.7,2,1,0.597,0.2893802052034903,0,207.63,0.1194,
25,5,0.184,204,89.5,5,1,0.551,0.04623306320429088,1,89.5,0.11020000000000002,0.41325
25,6,0.184,367,161.0,2,0,,0.09021749600848772,1,144.9,,
25,7,0.184,188,82.5,6,1,0.394,0.23550352672086597,1,82.5,0.07880000000000001,0.2955
25,8,0.184,108,47.4,3,1,0.549,0.2353785950912209,1,47.4,0.10980000000000001,0.41175000000000006
26,1,0.368,369,127.6,6,1,0.517,0.4195047686306048,1,114.84,0.1034,0.38775000000000004
26,2,0.368,122,42.2,3,1,0.578,0.7532731490654722,1,42.2,0.1156,0.4335
26,3,0.368,436,150.7,1,0,,0.4250890510693167,0,135.63,,
26,4,0.368,368,127.2,2,0,,0.4815565640180599,1,114.48,,
26,5,0.368,286,98.9,3,1,0.698,0.46340017634932024,1,98.9,0.1396,0.5235
26,6,0.368,164,56.7,4,1,0.35,0.4331391251305798,1,56.7,0.06999999999999999,0.26249999999999996
26,7,0.368,130,44.9,6,1,0.563,0.33647307553596545,1,44.9,0.11259999999999999,0.42224999999999996
26,8,0.368,312,107.9,7,1,0.471,0.44389692204932674,1,97.11000000000001,0.0942,0.35324999999999995
27,1,0.202,321,137.2,3,1,0.459,0.12471747854624282,0,123.47999999999999,0.0918,
27,2,0.202,341,145.7,4,0,,0.17831813932599913,0,131.13,,
27,3,0.202,364,155.5,6,0,,0.15346364521708966,1,139.95000000000002,,
27,4,0.202,370,158.1,5,0,,0.21018741393863227,1,142.29,,
27,5,0.202,217,92.7,5,1,0.072,0.4334658566673509,1,92.7,0.0144,0.05399999999999999
27,6,0.202,579,247.4,3,0,,0.015273480740825185,0,222.66,,
27,7,0.202,112,47.9,4,0,,0.27062601903745137,0,47.9,,
27,8,0.202,337,144.0,4,0,,0.04072841288103485,1,129.6,,
28,1,0.186,448,195.8,3,1,0.347,0.13880681342105666,0,176.22000000000003,0.0694,
28,2,0.186,297,129.8,4,1,0.241,0.29489505969673663,1,129.8,0.0482,0.18075
28,3,0.186,406,177.5,5,0,,0.1924280019095463,0,159.75,,
28,4,0.186,438,191.5,2,0,,0.07822552220706938,0,172.35,,
28,5,0.186,349,152.5,6,1,0.361,0.11446962907400317,1,137.25,0.0722,0.27075
28,6,0.186,372,162.6,5,0,,0.2539597748934676,1,146.34,,
28,7,0.186,379,165.7,5,0,,0.11296333682828633,0,149.13,,
28,8,0.186,109,47.6,6,1,0.169,0.20764585895819748,1,47.6,0.033800000000000004,0.12675
29,1,0.284,585,224.0,3,0,,0.2885571839903813,1,201.6,,
29,2,0.284,348,133.2,5,1,0.454,0.21883996523941826,1,119.88,0.0908,0.3405
29,3,0.284,339,129.8,7,1,0.228,0.49839440893253256,1,116.82000000000001,0.0456,0.171
29,4,0.284,477,182.6,3,0,,0.3473919022318011,1,164.34,,
29,5,0.284,597,228.6,5,0,,0.08148574133423925,0,205.74,,
29,6,0.284,575,220.2,4,0,,0.30264543147694273,1,198.18,,
29,7,0.284,164,62.8,3,1,0.236,0.21782135352316118,1,62.8,0.0472,0.177
29,8,0.284,589,225.5,5,0,,0.36924333347962235,0,202.95000000000002,,
30,1,0.1,519,259.3,2,0,,0.020747926156729934,1,233.37,,
30,2,0.1,142,71.0,2,0,,0.0885263558533101,0,71.0,,
30,3,0.1,370,184.9,2,0,,0.15049872789804572,0,166.41,,
30,4,0.1,291,145.4,1,1,0.125,0.18657551941701217,1,145.4,0.025,0.09375
30,5,0.1,160,79.9,4,1,0.564,0.0,1,79.9,0.1128,0.42299999999999993
30,6,0.1,514,256.8,5,1,0.365,0.06654987641590517,1,231.12,0.073,0.27375
30,7,0.1,258,128.9,3,1,0.153,0.05250546888390439,1,128.9,0.030600000000000002,0.11474999999999999
30,8,0.1,430,214.9,5,1,0.59,0.03466707674262881,0,193.41,0.118,
31,1,0.208,509,215.8,2,0,,0.38454542402810965,0,194.22000000000003,,
31,2,0.208,474,200.9,7,0,,0.24849817109609554,1,180.81,,
31,3,0.208,288,122.1,3,1,0.34,0.08191160456649546,1,122.1,0.068,0.255
31,4,0.208,304,128.9,1,1,0.522,0.2997861947054776,0,116.01,0.1044,
31,5,0.208,492,208.6,8,0,,0.4202156197012633,1,187.74,,
31,6,0.208,490,207.7,1,0,,0.3112465260551147,0,186.93,,
31,7,0.208,146,61.9,4,1,0.196,0.05606300340459863,1,61.9,0.039200000000000006,0.14700000000000002
31,8,0.208,428,181.4,3,0,,0.15957659271337485,0,163.26000000000002,,
32,1,0.31,583,216.0,3,0,,0.4366911149186623,0,194.4,,
32,2,0.31,551,204.2,5,0,,0.2392330534381219,0,183.78,,
32,3,0.31,399,147.8,3,0,,0.3543819428146229,1,133.02,,
32,4,0.31,215,79.7,3,1,0.324,0.38746340534293366,1,79.7,0.06480000000000001,0.243
32,5,0.31,390,144.5,6,1,0.544,0.2173069528421917,1,130.05,0.10880000000000001,0.40800000000000003
32,6,0.31,576,213.4,2,0,,0.30404746439381997,1,192.06,,
32,7,0.31,505,187.1,7,0,,0.0,1,168.39,,
32,8,0.31,366,135.6,6,1,0.425,0.207561235866571,0,122.03999999999999,0.085,
33,1,0.044,243,133.9,6,1,0.307,0.018743184860683965,1,133.9,0.0614,0.23025
33,2,0.044,130,71.6,4,1,0.037,0.0,1,71.6,0.0074,0.027749999999999997
33,3,0.044,517,284.9,3,0,,0.20724113039316355,1,256.40999999999997,,
33,4,0.044,347,191.2,4,1,0.168,0.0,0,172.07999999999998,0.033600000000000005,
33,5,0.044,385,212.2,2,0,,0.0,1,190.98,,
33,6,0.044,212,116.8,4,1,0.3,0.05707405772860913,1,116.8,0.06,0.22499999999999998
33,7,0.044,359,197.8,3,1,0.244,0.18812732890661155,1,178.02,0.0488,0.183
33,8,0.044,272,149.9,0,1,0.354,0.0,1,149.9,0.0708,0.26549999999999996
34,1,0.125,599,287.7,9,0,,0.24131637521549598,0,258.93,,
34,2,0.125,556,267.1,2,0,,0.1260233061019587,1,240.39000000000001,,
34,3,0.125,402,193.1,3,1,0.34,0.026849134895204907,0,173.79,0.068,
34,4,0.125,171,82.1,3,1,0.37,0.17121034742632707,1,82.1,0.074,0.27749999999999997
34,5,0.125,486,233.4,3,0,,0.144905969557347,1,210.06,,
34,6,0.125,520,249.8,3,0,,0.06497831228412053,0,224.82000000000002,,
34,7,0.125,571,274.3,1,0,,0.13198020849900188,1,246.87,,
34,8,0.125,130,62.4,3,1,0.247,0.08646864031382398,1,62.4,0.0494,0.18525
35,1,0.211,441,186.1,4,0,,0.2223517345251248,1,167.49,,
35,2,0.211,167,70.5,6,1,0.568,0.27721306745210467,1,70.5,0.11359999999999999,0.42599999999999993
35,3,0.211,107,45.1,5,1,0.408,0.3696016816145352,1,45.1,0.0816,0.306
35,4,0.211,276,116.5,3,0,,0.08721845011731508,0,116.5,,
35,5,0.211,424,178.9,3,0,,0.42430333746562665,0,161.01000000000002,,
35,6,0.211,480,202.5,4,0,,0.0157912200477498,0,182.25,,
35,7,0.211,418,176.4,3,0,,0.19582149049644165,1,158.76000000000002,,
35,8,0.211,175,73.8,6,1,0.448,0.2698317206484576,1,73.8,0.08960000000000001,0.336
36,1,0.358,588,205.5,3,0,,0.38609918677350324,1,184.95000000000002,,
36,2,0.358,145,50.7,4,1,0.517,0.2957300480179406,1,50.7,0.1034,0.38775000000000004
36,3,0.358,153,53.5,4,1,0.4,0.33718777496427244,1,53.5,0.08000000000000002,0.30000000000000004
36,4,0.358,148,51.7,3,1,0.518,0.3086999065341167,1,51.7,0.10360000000000001,0.3885
36,5,0.358,432,151.0,5,0,,0.2990635243055788,1,135.9,,
36,6,0.358,570,199.3,8,0,,0.4429602097021025,1,179.37,,
36,7,0.358,592,206.9,7,0,,0.39370154859650475,0,186.21,,
36,8,0.358,166,58.0,6,1,0.452,0.28870904047393453,1,58.0,0.09040000000000001,0.339
37,1,0.652,391,101.8,7,1,0.775,0.7419599875433252,1,91.62,0.15500000000000003,0.58125
37,2,0.652,186,48.4,2,1,0.744,0.682729952087661,1,48.4,0.14880000000000002,0.558
37,3,0.652,322,83.8,5,1,0.88,0.7332862118838961,1,75.42,0.17600000000000002,0.66
37,4,0.652,169,44.0,5,1,0.706,0.7149628841923612,1,44.0,0.1412,0.5295
37,5,0.652,282,73.4,9,1,0.635,0.5691004989077928,1,73.4,0.127,0.47625
37,6,0.652,123,32.0,6,1,0.826,0.595981895980303,1,32.0,0.1652,0.6194999999999999
37,7,0.652,348,90.6,9,1,0.595,0.7267293605123262,1,81.53999999999999,0.119,0.44625
37,8,0.652,368,95.8,6,0,,0.7130370265433466,1,86.22,,
38,1,0.162,417,188.9,5,0,,0.15990984060358518,1,170.01000000000002,,
38,2,0.162,529,239.6,3,0,,0.1737327383308782,0,215.64,,
38,3,0.162,415,188.0,4,0,,0.2897664895788425,1,169.20000000000002,,
38,4,0.162,478,216.5,5,0,,0.10284286111641701,0,194.85,,
38,5,0.162,538,243.7,4,0,,0.2167097381170038,1,219.32999999999998,,
38,6,0.162,274,124.1,1,1,0.286,0.1417807347566106,1,124.1,0.0572,0.21449999999999997
38,7,0.162,454,205.7,4,0,,0.14023187967727796,0,185.13,,
38,8,0.162,158,71.6,5,1,0.394,0.271877685198719,1,71.6,0.07880000000000001,0.2955
39,1,0.069,461,242.9,5,0,,0.151541634898803,1,218.61,,
39,2,0.069,183,96.4,3,1,0.415,0.15035096360006386,1,96.4,0.083,0.31124999999999997
39,3,0.069,500,263.4,3,0,,0.19954788071543292,1,237.05999999999997,,
39,4,0.069,539,284.0,4,1,0.343,0.07110038416327591,0,255.6,0.06860000000000001,
39,5,0.069,577,304.0,4,0,,0.1371952971294964,1,273.6,,
39,6,0.069,282,148.6,1,1,0.2,0.037973324340654396,1,148.6,0.04000000000000001,0.15000000000000002
39,7,0.069,226,119.1,4,1,0.146,0.10141663524884423,1,119.1,0.0292,0.10949999999999999
39,8,0.069,562,296.1,4,0,,0.05598569456323155,1,266.49,,
40,1,0.077,494,256.9,2,0,,0.08669959649927182,1,231.20999999999998,,
40,2,0.077,518,269.4,2,0,,0.13651570254369136,1,242.45999999999998,,
40,3,0.077,467,242.9,2,0,,0.0,0,218.61,,
40,4,0.077,134,69.7,6,1,0.216,0.286238727568546,1,69.7,0.0432,0.162
40,5,0.077,402,209.1,7,0,,0.0,0,188.19,,
40,6,0.077,448,233.0,3,1,0.39,0.0,1,209.70000000000002,0.07800000000000001,0.2925
40,7,0.077,150,78.0,2,1,0.171,0.1928110873500068,1,78.0,0.0342,0.12825
40,8,0.077,475,247.0,1,1,0.379,0.15616626939629358,0,222.3,0.0758,
41,1,0.174,304,135.2,6,1,0.374,0.2364119817052155,1,121.67999999999999,0.0748,0.28049999999999997
41,2,0.174,593,263.8,4,0,,0.23683455092642797,0,237.42000000000002,,
41,3,0.174,137,60.9,5,1,0.241,0.17277532271530852,1,60.9,0.0482,0.18075
41,4,0.174,320,142.3,4,1,0.404,0.08427456285141682,1,128.07000000000002,0.08080000000000001,0.30300000000000005
41,5,0.174,392,174.4,5,0,,0.18158045581937263,0,156.96,,
41,6,0.174,396,176.1,4,1,0.355,0.10628382884878881,1,158.49,0.071,0.26625
41,7,0.174,567,252.2,5,0,,0.2715119733417751,1,226.98,,
41,8,0.174,248,110.3,2,1,0.317,0.15929426184978612,1,110.3,0.0634,0.23775000000000002
42,1,0.543,348,100.1,6,1,0.491,0.46045028032074886,1,90.09,0.09820000000000001,0.36824999999999997
42,2,0.543,375,107.8,4,0,,0.5108614158347007,1,97.02,,
42,3,0.543,262,75.3,6,1,0.73,0.5842931454275625,1,75.3,0.146,0.5475
42,4,0.543,460,132.3,6,0,,0.48662754471960257,1,119.07000000000001,,
42,5,0.543,589,169.3,7,0,,0.4607779604433569,1,152.37,,
42,6,0.543,349,100.3,3,1,0.46,0.5673687211491912,0,90.27,0.09200000000000001,
42,7,0.543,134,38.5,8,1,0.497,0.5674966571108723,1,38.5,0.0994,0.37275
42,8,0.543,394,113.3,5,1,0.749,0.4923056824628871,1,101.97,0.14980000000000002,0.56175
43,1,0.062,148,79.1,3,1,0.229,0.014896169438167718,1,79.1,0.04580000000000001,0.17175
43,2,0.062,140,74.8,3,1,0.197,0.08520499373576362,1,74.8,0.039400000000000004,0.14775
43,3,0.062,314,167.7,6,0,,0.0,0,150.93,,
43,4,0.062,435,232.3,7,1,0.455,0.0,0,209.07000000000002,0.09100000000000001,
43,5,0.062,334,178.4,7,1,0.105,0.0,0,160.56,0.021,
43,6,0.062,405,216.3,5,0,,0.04065528482881527,0,194.67000000000002,,
43,7,0.062,502,268.1,2,0,,0.09309075655980045,0,241.29000000000002,,
43,8,0.062,238,127.1,1,1,0.219,0.2095356216949552,1,127.1,0.043800000000000006,0.16425
44,1,0.236,476,194.1,7,0,,0.32176596232020194,1,174.69,,
44,2,0.236,364,148.4,5,1,0.338,0.22000614700365728,1,133.56,0.06760000000000001,0.2535
44,3,0.236,488,199.0,1,0,,0.23409837920973112,1,179.1,,
44,4,0.236,418,170.5,3,0,,0.1357470635362191,1,153.45000000000002,,
44,5,0.236,387,157.8,5,0,,0.234148686400761,1,142.02,,
44,6,0.236,325,132.5,4,1,0.542,0.20713413610798614,0,119.25,0.10840000000000001,
44,7,0.236,381,155.4,4,0,,0.26827185603380893,1,139.86,,
44,8,0.236,440,179.4,2,1,0.51,0.1532769056447677,1,161.46,0.10200000000000001,0.3825
45,1,0.313,192,70.8,3,1,0.225,0.36493465142411724,1,70.8,0.045000000000000005,0.16875
45,2,0.313,415,153.1,3,1,0.484,0.46627389130025776,1,137.79,0.0968,0.363
45,3,0.313,299,110.3,3,1,0.516,0.30212398515431427,1,110.3,0.10320000000000001,0.387
45,4,0.313,112,41.3,11,1,0.437,0.35317117220989414,1,41.3,0.0874,0.32775
45,5,0.313,310,114.3,5,0,,0.38201439917111124,0,102.87,,
45,6,0.313,548,202.1,5,0,,0.27287795281141636,1,181.89,,
45,7,0.313,170,62.7,6,1,0.55,0.3354092481810417,1,62.7,0.11000000000000001,0.41250000000000003
45,8,0.313,379,139.8,5,1,0.569,0.3142592400781795,1,125.82000000000001,0.1138,0.42674999999999996
46,1,0.153,570,262.0,2,0,,0.16276760985488317,1,235.8,,
46,2,0.153,516,237.2,2,0,,0.07569902161445334,0,213.48,,
46,3,0.153,107,49.2,2,1,0.453,0.15545101742589426,1,49.2,0.09060000000000001,0.33975
46,4,0.153,426,195.8,3,0,,0.20279982912454497,0,176.22000000000003,,
46,5,0.153,455,209.2,4,0,,0.29811436077950415,0,188.28,,
46,6,0.153,364,167.3,1,0,,0.2489270826085207,0,150.57000000000002,,
46,7,0.153,598,274.9,2,0,,0.3683182457511557,1,247.41,,
46,8,0.153,354,162.7,3,1,0.164,0.07626524371119504,0,146.43,0.0328,
47,1,0.387,351,118.7,5,1,0.414,0.4742320636720678,1,106.83,0.0828,0.3105
47,2,0.387,559,189.1,12,0,,0.4053342005738352,1,170.19,,
47,3,0.387,162,54.8,4,1,0.579,0.6059802933217673,1,54.8,0.1158,0.43424999999999997
47,4,0.387,438,148.2,5,0,,0.3061701714644849,1,133.38,,
47,5,0.387,344,116.4,9,1,0.724,0.3030278157819224,1,104.76,0.1448,0.5429999999999999
47,6,0.387,497,168.1,11,1,0.463,0.3270607354555978,1,151.29,0.09260000000000002,0.34725
47,7,0.387,520,175.9,6,0,,0.17461042756901932,1,158.31,,
47,8,0.387,385,130.2,5,1,0.382,0.3344244978319239,0,117.17999999999999,0.07640000000000001,
48,1,0.485,571,174.0,7,0,,0.4090867338446302,1,156.6,,
48,2,0.485,489,149.0,5,0,,0.5000393786476207,1,134.1,,
48,3,0.485,403,122.8,7,1,0.472,0.5191755975777159,1,110.52,0.0944,0.354
48,4,0.485,570,173.7,0,0,,0.6726170839215886,1,156.32999999999998,,
48,5,0.485,295,89.9,4,1,0.739,0.5800423838186051,1,89.9,0.14780000000000001,0.55425
48,6,0.485,230,70.1,8,1,0.629,0.4273096344337597,1,70.1,0.1258,0.47175
48,7,0.485,304,92.6,5,1,0.591,0.39515853286516417,1,83.34,0.1182,0.44325
48,8,0.485,338,103.0,2,1,0.576,0.5341919171506506,1,92.7,0.1152,0.43199999999999994
49,1,0.096,333,167.6,4,0,,0.0,0,150.84,,
49,2,0.096,234,117.8,8,1,0.386,0.2791458765854354,1,117.8,0.0772,0.2895
49,3,0.096,281,141.5,5,1,0.355,0.2139440120721287,1,141.5,0.071,0.26625
49,4,0.096,580,292.0,0,0,,0.04908243478952952,1,262.8,,
49,5,0.096,503,253.2,3,0,,0.0,0,227.88,,
49,6,0.096,586,295.0,1,0,,0.2313872374165413,0,265.5,,
49,7,0.096,108,54.4,2,1,0.286,0.08454601547473821,1,54.4,0.0572,0.21449999999999997
49,8,0.096,344,173.2,5,1,0.283,0.21978163119734617,1,155.88,0.0566,0.21225
50,1,0.366,591,204.7,7,0,,0.20655723412056326,0,184.23,,
50,2,0.366,436,151.0,5,0,,0.3060624977046227,1,135.9,,
50,3,0.366,437,151.3,3,0,,0.3665243699718183,1,136.17000000000002,,
50,4,0.366,136,47.1,2,1,0.561,0.3706980593764742,1,47.1,0.11220000000000002,0.42075000000000007
50,5,0.366,587,203.3,5,0,,0.32099345285207564,0,182.97000000000003,,
50,6,0.366,497,172.1,10,0,,0.4282849932347499,1,154.89,,
50,7,0.366,527,182.5,4,0,,0.2592379570617406,1,164.25,,
50,8,0.366,563,195.0,4,0,,0.35176205149787065,1,175.5,,
51,1,0.298,280,105.2,4,1,0.546,0.31002956317118985,1,105.2,0.10920000000000002,0.40950000000000003
51,2,0.298,354,133.0,4,0,,0.3494438834058749,1,119.7,,
51,3,0.298,248,93.2,4,1,0.372,0.36916148780888897,1,93.2,0.07440000000000001,0.279
51,4,0.298,578,217.2,7,0,,0.18553579081621308,0,195.48,,
51,5,0.298,258,96.9,1,1,0.407,0.14458858292643775,1,96.9,0.0814,0.30524999999999997
51,6,0.298,292,109.7,6,1,0.606,0.4257676821898509,1,109.7,0.1212,0.4545
51,7,0.298,204,76.7,3,1,0.356,0.33123140119795913,1,76.7,0.0712,0.267
51,8,0.298,357,134.1,4,1,0.44,0.22315134634434464,1,120.69,0.08800000000000001,0.33
52,1,0.224,470,194.8,6,0,,0.3791151975522523,0,175.32000000000002,,
52,2,0.224,576,238.8,1,0,,0.23556746342928586,1,214.92000000000002,,
52,3,0.224,206,85.4,6,1,0.245,0.34192971840638264,1,85.4,0.049,0.18375
52,4,0.224,556,230.5,3,0,,0.2307518481410109,1,207.45000000000002,,
52,5,0.224,239,99.1,5,1,0.356,0.4300747924881987,1,99.1,0.0712,0.267
52,6,0.224,365,151.3,3,1,0.465,0.39953408424432046,1,136.17000000000002,0.09300000000000001,0.34875
52,7,0.224,363,150.5,1,1,0.37,0.19910358515209264,1,135.45000000000002,0.074,0.27749999999999997
52,8,0.224,566,234.6,3,0,,0.32115709509543555,0,211.14,,
53,1,0.164,563,254.3,3,0,,0.22853759495851478,0,228.87,,
53,2,0.164,368,166.2,4,1,0.334,0.30086315575323486,1,149.57999999999998,0.06680000000000001,0.2505
53,3,0.164,569,257.0,3,0,,0.06750765394198956,0,231.3,,
53,4,0.164,229,103.4,0,1,0.376,0.23260514599984394,1,103.4,0.0752,0.28200000000000003
53,5,0.164,335,151.3,6,1,0.342,0.26984244868495877,0,136.17000000000002,0.0684,
53,6,0.164,560,252.9,3,0,,0.0,1,227.61,,
53,7,0.164,159,71.8,5,1,0.447,0.04567414873342249,1,71.8,0.08940000000000001,0.33525
53,8,0.164,463,209.1,4,0,,0.0,0,188.19,,
54,1,0.461,287,89.6,6,1,0.674,0.43405931655554425,1,89.6,0.1348,0.5055000000000001
54,2,0.461,142,44.3,5,1,0.45,0.5327542255795963,1,44.3,0.09000000000000001,0.3375
54,3,0.461,550,171.6,8,0,,0.6112357052096029,1,154.44,,
54,4,0.461,290,90.5,2,1,0.571,0.4684094780419775,1,90.5,0.1142,0.42824999999999996
54,5,0.461,447,139.5,3,1,0.596,0.6238615545571292,1,125.55,0.1192,0.44699999999999995
54,6,0.461,146,45.6,5,0,,0.3229898541785109,0,45.6,,
54,7,0.461,172,53.7,5,1,0.401,0.2906617560644845,1,53.7,0.08020000000000001,0.30075
54,8,0.461,402,125.4,6,1,0.519,0.45544523011033816,1,112.86000000000001,0.1038,0.38925
55,1,0.098,211,105.8,0,1,0.45,0.13640654489393073,1,105.8,0.09000000000000001,0.3375
55,2,0.098,309,154.9,3,1,0.25,0.09473052519059069,1,139.41,0.05,0.1875
55,3,0.098,232,116.3,4,1,0.394,0.0,1,116.3,0.07880000000000001,0.2955
55,4,0.098,271,135.9,5,1,0.38,0.08908799604872117,1,135.9,0.07600000000000001,0.28500000000000003
55,5,0.098,144,72.2,3,1,0.145,0.0,1,72.2,0.028999999999999998,0.10874999999999999
55,6,0.098,265,132.9,2,1,0.356,0.16496725488300384,1,132.9,0.0712,0.267
55,7,0.098,404,202.6,3,1,0.294,0.13465982460968484,1,182.34,0.0588,0.22049999999999997
55,8,0.098,199,99.8,4,1,0.231,0.004012021367264473,1,99.8,0.046200000000000005,0.17325000000000002
56,1,0.179,364,160.8,5,1,0.34,0.12761330826633063,1,144.72000000000003,0.068,0.255
56,2,0.179,350,154.6,3,0,,0.07307864781110483,1,139.14,,
56,3,0.179,418,184.6,5,1,0.355,0.1727320902726828,0,166.14,0.071,
56,4,0.179,302,133.4,2,1,0.425,0.2745142320501238,0,120.06,0.085,
56,5,0.179,212,93.6,5,1,0.15,0.08042739536644561,1,93.6,0.03,0.11249999999999999
56,6,0.179,419,185.1,4,1,0.207,0.22940465155178444,0,166.59,0.0414,
56,7,0.179,460,203.2,3,1,0.394,0.1259742381627559,1,182.88,0.07880000000000001,0.2955
56,8,0.179,177,78.2,8,1,0.124,0.09971271677376557,1,78.2,0.024800000000000003,0.093
57,1,0.343,316,112.5,8,1,0.585,0.3322969640045442,1,101.25,0.11699999999999999,0.43875
57,2,0.343,225,80.1,5,1,0.504,0.23947576775806262,1,80.1,0.1008,0.378
57,3,0.343,139,49.5,5,1,0.414,0.28763506946528183,1,49.5,0.0828,0.3105
57,4,0.343,278,98.9,6,1,0.555,0.2232122107411152,1,98.9,0.11100000000000002,0.41625
57,5,0.343,392,139.5,3,1,0.413,0.5394725132916389,1,125.55,0.0826,0.30974999999999997
57,6,0.343,478,170.1,1,0,,0.3465263551971729,1,153.09,,
57,7,0.343,224,79.7,6,1,0.531,0.27302744920074146,1,79.7,0.10620000000000002,0.39825
57,8,0.343,448,159.4,7,0,,0.36439799107342224,1,143.46,,
58,1,0.275,110,42.6,8,1,0.341,0.26376719503091706,1,42.6,0.06820000000000001,0.25575000000000003
58,2,0.275,536,207.6,5,0,,0.25290304004667774,1,186.84,,
58,3,0.275,220,85.2,5,1,0.444,0.33641667000434256,1,85.2,0.0888,0.333
58,4,0.275,475,183.9,2,0,,0.3507507710047305,0,165.51000000000002,,
58,5,0.275,510,197.5,6,0,,0.22194988523894726,0,177.75,,
58,6,0.275,566,219.2,5,0,,0.21741817593553203,1,197.28,,
58,7,0.275,125,48.4,2,1,0.553,0.24749483028483563,1,48.4,0.11060000000000002,0.41475000000000006
58,8,0.275,249,96.4,3,0,,0.04480788352644152,0,96.4,,
59,1,0.443,293,93.2,8,1,0.367,0.29148089378014475,1,93.2,0.0734,0.27525
59,2,0.443,267,84.9,5,1,0.596,0.5796874267444525,1,84.9,0.1192,0.44699999999999995
59,3,0.443,575,182.9,7,0,,0.6074967713501284,1,164.61,,
59,4,0.443,526,167.3,7,0,,0.41809639604436216,1,150.57000000000002,,
59,5,0.443,469,149.2,6,0,,0.5006556963055766,1,134.28,,
59,6,0.443,223,70.9,5,1,0.607,0.4741250154543536,1,70.9,0.12140000000000001,0.45525
59,7,0.443,506,160.9,4,0,,0.7508880808455238,1,144.81,,
59,8,0.443,563,179.1,5,0,,0.5549574911434577,1,161.19,,
60,1,0.133,202,95.8,1,1,0.103,0.12020824085192336,1,95.8,0.0206,0.07725
60,2,0.133,542,257.0,9,0,,0.03744595593995742,1,231.3,,
60,3,0.133,503,238.5,4,0,,0.0,1,214.65,,
60,4,0.133,270,128.0,5,0,,0.15334636358672232,0,128.0,,
60,5,0.133,469,222.4,3,1,0.436,0.05736492547156967,0,200.16,0.0872,
60,6,0.133,357,169.3,3,1,0.3,0.0,0,152.37,0.06,
60,7,0.133,269,127.5,2,1,0.301,0.06834271157574735,1,127.5,0.060200000000000004,0.22575
60,8,0.133,553,262.2,6,0,,0.02484519963856051,1,235.98,,
61,1,0.401,408,135.9,2,0,,0.5697141635072565,1,122.31,,
61,2,0.401,372,123.9,4,1,0.329,0.4891639756949451,1,111.51,0.06580000000000001,0.24675000000000002
61,3,0.401,217,72.3,5,0,,0.40020273586833827,0,72.3,,
61,4,0.401,146,48.6,7,1,0.373,0.5489944138890026,1,48.6,0.0746,0.27975
61,5,0.401,173,57.6,6,1,0.559,0.40873683076476186,1,57.6,0.11180000000000001,0.41925
61,6,0.401,424,141.2,2,0,,0.3148715798671736,1,127.08,,
61,7,0.401,558,185.9,5,0,,0.5533124077269658,1,167.31,,
61,8,0.401,132,44.0,6,1,0.656,0.4548910043684659,1,44.0,0.1312,0.492
62,1,0.323,358,130.6,5,1,0.655,0.21927538456735435,1,117.53999999999999,0.131,0.49125
62,2,0.323,339,123.6,2,1,0.454,0.3039661321916392,1,111.24,0.0908,0.3405
62,3,0.323,593,216.3,5,0,,0.23543817466152428,0,194.67000000000002,,
62,4,0.323,578,210.8,7,0,,0.1847200269035664,0,189.72000000000003,,
62,5,0.323,542,197.7,4,0,,0.41561775475316415,1,177.93,,
62,6,0.323,419,152.8,4,1,0.325,0.5139416640470131,1,137.52,0.065,0.24375000000000002
62,7,0.323,519,189.3,4,0,,0.18314324261808587,1,170.37,,
62,8,0.323,135,49.2,9,1,0.545,0.3792969236690571,1,49.2,0.10900000000000001,0.40875000000000006
63,1,0.292,425,160.9,4,0,,0.22693574308781728,1,144.81,,
63,2,0.292,171,64.7,1,1,0.538,0.24328746162353038,1,64.7,0.10760000000000002,0.4035
63,3,0.292,362,137.1,4,1,0.432,0.23276060757611305,0,123.39,0.0864,
63,4,0.292,280,106.0,6,0,,0.20560092303201838,0,106.0,,
63,5,0.292,486,184.0,4,0,,0.2968521627944827,1,165.6,,
63,6,0.292,210,79.5,4,1,0.467,0.2089049883588962,1,79.5,0.09340000000000001,0.35025
63,7,0.292,169,64.0,5,0,,0.3190456825779839,0,64.0,,
63,8,0.292,199,75.3,5,1,0.313,0.28697618905508626,1,75.3,0.0626,0.23475000000000001
64,1,0.114,445,217.6,3,0,,0.09010519531335903,0,195.84,,
64,2,0.114,532,260.1,1,0,,0.023243633795840213,0,234.09000000000003,,
64,3,0.114,440,215.1,2,0,,0.056322866943166724,0,193.59,,
64,4,0.114,497,243.0,5,0,,0.1895391225825756,0,218.70000000000002,,
64,5,0.114,562,274.8,4,1,0.358,0.16409171876243808,1,247.32000000000002,0.0716,0.26849999999999996
64,6,0.114,420,205.4,2,0,,0.016244475520144894,1,184.86,,
64,7,0.114,592,289.5,6,1,0.119,0.12393323054292259,0,260.55,0.0238,
64,8,0.114,510,249.4,3,0,,0.1891387123371789,1,224.46,,
65,1,0.342,358,127.6,4,1,0.477,0.17505947188786283,0,114.84,0.0954,
65,2,0.342,444,158.3,2,0,,0.39633601923799355,1,142.47000000000003,,
65,3,0.342,147,52.4,3,1,0.331,0.27573762410541536,1,52.4,0.06620000000000001,0.24825000000000003
65,4,0.342,232,82.7,4,0,,0.39905986685931594,0,82.7,,
65,5,0.342,312,111.2,7,1,0.382,0.26567408434574835,0,100.08,0.07640000000000001,
65,6,0.342,473,168.6,4,0,,0.16151178993354812,1,151.74,,
65,7,0.342,112,39.9,4,1,0.549,0.17924575621168376,1,39.9,0.10980000000000001,0.41175000000000006
65,8,0.342,267,95.2,3,1,0.419,0.3468084946661382,1,95.2,0.0838,0.31425
66,1,0.17,388,173.7,2,0,,0.1959722501721482,0,156.32999999999998,,
66,2,0.17,423,189.4,4,0,,0.07956833748955915,1,170.46,,
66,3,0.17,115,51.5,8,1,0.426,0.2338592458777374,1,51.5,0.0852,0.3195
66,4,0.17,274,122.7,2,1,0.563,0.0038479937731040192,1,122.7,0.11259999999999999,0.42224999999999996
66,5,0.17,375,167.9,1,1,0.341,0.16339202013526835,0,151.11,0.06820000000000001,
66,6,0.17,353,158.1,4,1,0.376,0.04889838002375434,1,142.29,0.0752,0.28200000000000003
66,7,0.17,111,49.7,3,1,0.501,0.10481638921978409,1,49.7,0.10020000000000001,0.37575000000000003
66,8,0.17,550,246.3,3,0,,0.1747398671316414,1,221.67000000000002,,
67,1,0.801,308,71.0,5,1,0.753,0.7149586634716047,1,63.9,0.1506,0.56475
67,2,0.801,176,40.6,8,1,0.703,0.7625444455770175,1,40.6,0.1406,0.52725
67,3,0.801,428,98.7,4,1,0.789,0.9016292809214441,1,29.61,0.15780000000000002,0.59175
67,4,0.801,287,66.2,2,1,0.885,0.7433108130476852,1,66.2,0.17700000000000002,0.6637500000000001
67,5,0.801,395,91.1,7,1,0.876,0.8845692112065142,1,27.33,0.17520000000000002,0.657
67,6,0.801,311,71.7,8,1,0.867,0.6880293145342382,0,64.53,0.1734,
67,7,0.801,110,25.4,5,1,0.67,0.8539804177915283,1,7.619999999999999,0.134,0.5025000000000001
67,8,0.801,270,62.2,8,1,0.742,0.9451568620657901,1,18.66,0.1484,0.5565
68,1,0.132,436,207.0,3,1,0.453,0.0,1,186.3,0.09060000000000001,0.33975
68,2,0.132,217,103.0,2,1,0.316,0.052310474452952324,1,103.0,0.0632,0.237
68,3,0.132,150,71.2,3,1,0.351,0.18970721271805402,1,71.2,0.0702,0.26325
68,4,0.132,517,245.5,6,0,,0.11169546139570073,0,220.95000000000002,,
68,5,0.132,112,53.2,4,0,,0.1691145873371309,0,53.2,,
68,6,0.132,587,278.7,2,0,,0.07160148132841795,0,250.82999999999998,,
68,7,0.132,186,88.3,6,1,0.301,0.14065897874729,1,88.3,0.060200000000000004,0.22575
68,8,0.132,549,260.7,4,0,,0.11643227646079206,1,234.63,,
69,1,0.125,152,72.9,8,1,0.234,0.24177820616598072,1,72.9,0.04680000000000001,0.17550000000000002
69,2,0.125,135,64.7,1,1,0.148,0.15044208433012132,1,64.7,0.0296,0.11099999999999999
69,3,0.125,305,146.3,1,1,0.436,0.1587602662075202,1,131.67000000000002,0.0872,0.327
69,4,0.125,553,265.2,3,0,,0.08381230338775325,0,238.68,,
69,5,0.125,274,131.4,5,1,0.114,0.07623937759275065,1,131.4,0.0228,0.0855
69,6,0.125,479,229.7,3,0,,0.0817441812180379,1,206.73,,
69,7,0.125,189,90.6,2,1,0.229,0.16444521423782968,1,90.6,0.04580000000000001,0.17175
69,8,0.125,278,133.3,5,1,0.365,0.0829015519179737,1,133.3,0.073,0.27375
70,1,0.337,494,177.1,7,0,,0.36597748568964134,1,159.39,,
70,2,0.337,227,81.4,4,1,0.563,0.5445400798645439,1,81.4,0.11259999999999999,0.42224999999999996
70,3,0.337,384,137.6,4,0,,0.42411247034316923,1,123.84,,
70,4,0.337,125,44.8,2,1,0.546,0.3043976467832159,1,44.8,0.10920000000000002,0.40950000000000003
70,5,0.337,335,120.1,7,1,0.588,0.45712139221639453,1,108.09,0.1176,0.44099999999999995
70,6,0.337,344,123.3,4,0,,0.2961924626978449,1,110.97,,
70,7,0.337,264,94.6,6,1,0.184,0.13318754648221462,1,94.6,0.0368,0.138
70,8,0.337,108,38.7,7,1,0.398,0.2361913689082596,1,38.7,0.0796,0.2985
71,1,0.034,412,231.3,3,1,0.345,0.0,0,208.17000000000002,0.06899999999999999,
71,2,0.034,223,125.2,3,1,0.234,0.0,1,125.2,0.04680000000000001,0.17550000000000002
71,3,0.034,503,282.4,2,1,0.299,0.03584183791895517,1,254.16,0.0598,0.22425
71,4,0.034,236,132.5,2,1,0.297,0.2016437312275283,1,132.5,0.0594,0.22275
71,5,0.034,348,195.4,2,0,,0.06669273737641626,1,175.86,,
71,6,0.034,251,140.9,3,1,0.268,0.012089947119113577,1,140.9,0.05360000000000001,0.201
71,7,0.034,333,186.9,1,1,0.209,0.11694055811834893,1,168.21,0.041800000000000004,0.15675
71,8,0.034,323,181.3,6,1,0.234,0.0,0,163.17000000000002,0.04680000000000001,
72,1,0.159,429,195.2,8,1,0.4,0.1825614558108566,0,175.68,0.08000000000000002,
72,2,0.159,377,171.5,1,0,,0.23608651938869668,0,154.35,,
72,3,0.159,588,267.5,6,0,,0.011141375422015848,1,240.75,,
72,4,0.159,180,81.9,2,1,0.481,0.2733754043206929,1,81.9,0.09620000000000001,0.36075
72,5,0.159,556,253.0,4,0,,0.19284964074944141,1,227.70000000000002,,
72,6,0.159,555,252.5,2,0,,0.11747120860991987,1,227.25,,
72,7,0.159,588,267.5,5,0,,0.22227818661062848,1,240.75,,
72,8,0.159,206,93.7,3,1,0.47,0.38606928578043964,1,93.7,0.094,0.3525
73,1,0.262,293,115.4,7,1,0.327,0.28018662550584955,1,115.4,0.0654,0.24525000000000002
73,2,0.262,147,57.9,4,1,0.439,0.2868220586300336,1,57.9,0.0878,0.32925
73,3,0.262,492,193.8,5,0,,0.21606391004597558,0,174.42000000000002,,
73,4,0.262,131,51.6,2,1,0.355,0.17701556305352084,1,51.6,0.071,0.26625
73,5,0.262,183,72.1,1,1,0.391,0.34503358165442455,1,72.1,0.0782,0.29325
73,6,0.262,285,112.3,3,1,0.572,0.1763916174091133,1,112.3,0.1144,0.42899999999999994
73,7,0.262,259,102.0,1,1,0.282,0.26915662372193927,1,102.0,0.0564,0.21149999999999997
73,8,0.262,115,45.3,6,1,0.475,0.21423425532348833,1,45.3,0.095,0.35624999999999996
74,1,0.249,354,141.8,4,1,0.384,0.2968979825746392,1,127.62000000000002,0.07680000000000001,0.28800000000000003
74,2,0.249,167,66.9,5,1,0.314,0.2823662105286948,1,66.9,0.06280000000000001,0.2355
74,3,0.249,191,76.5,9,1,0.462,0.3527539944257899,1,76.5,0.09240000000000001,0.34650000000000003
74,4,0.249,549,219.9,2,0,,0.1979983601145253,1,197.91,,
74,5,0.249,485,194.2,7,0,,0.22201250647066287,1,174.78,,
74,6,0.249,522,209.0,5,1,0.549,0.15112362842176924,1,188.1,0.10980000000000001,0.41175000000000006
74,7,0.249,273,109.3,6,1,0.242,0.20457067399238885,1,109.3,0.0484,0.1815
74,8,0.249,394,157.8,3,0,,0.2867300493044852,0,142.02,,
75,1,0.069,258,136.1,3,1,0.214,0.14469886166453522,1,136.1,0.042800000000000005,0.1605
75,2,0.069,121,63.8,4,1,0.218,0.0,1,63.8,0.0436,0.1635
75,3,0.069,193,101.8,4,1,0.231,0.15596059201056603,1,101.8,0.046200000000000005,0.17325000000000002
75,4,0.069,499,263.3,4,0,,0.2045637858804951,0,236.97000000000003,,
75,5,0.069,419,221.1,5,0,,0.11034349032237009,0,198.99,,
75,6,0.069,393,207.4,2,0,,0.2566795812558066,0,186.66,,
75,7,0.069,427,225.3,2,1,0.334,0.0,1,202.77,0.06680000000000001,0.2505
75,8,0.069,176,92.9,5,1,0.284,0.0,1,92.9,0.056799999999999996,0.21299999999999997
76,1,0.46,517,161.6,7,0,,0.28212797510957216,1,145.44,,
76,2,0.46,119,37.2,8,1,0.703,0.6096044311489184,1,37.2,0.1406,0.52725
76,3,0.46,562,175.7,3,0,,0.5254365656354058,1,158.13,,
76,4,0.46,375,117.2,4,0,,0.4544415329089545,1,105.48,,
76,5,0.46,465,145.4,5,0,,0.48799686263198205,1,130.86,,
76,6,0.46,427,133.5,6,1,0.778,0.3474510952701624,1,120.15,0.15560000000000002,0.5835
76,7,0.46,180,56.3,2,1,0.648,0.7045751979616827,1,56.3,0.12960000000000002,0.486
76,8,0.46,355,111.0,3,1,0.449,0.4729221181975228,1,99.9,0.0898,0.33675
77,1,0.541,394,113.5,3,0,,0.5519394794604894,1,102.15,,
77,2,0.541,155,44.6,6,1,0.666,0.6135766623898692,1,44.6,0.1332,0.49950000000000006
77,3,0.541,539,155.3,5,1,0.55,0.5891009231736714,1,139.77,0.11000000000000001,0.41250000000000003
77,4,0.541,515,148.3,7,0,,0.5633884024279132,1,133.47000000000003,,
77,5,0.541,568,163.6,4,0,,0.46195255445546884,1,147.24,,
77,6,0.541,565,162.7,5,0,,0.5881468357135996,1,146.43,,
77,7,0.541,313,90.2,2,1,0.741,0.7292024496475034,1,81.18,0.1482,0.55575
77,8,0.541,114,32.8,9,1,0.61,0.6755420046154978,1,32.8,0.122,0.4575
78,1,0.261,135,53.2,0,1,0.609,0.4203186626639397,1,53.2,0.1218,0.45675
78,2,0.261,599,236.3,5,0,,0.2098784323568815,1,212.67000000000002,,
78,3,0.261,198,78.1,7,1,0.431,0.1620395179741419,1,78.1,0.0862,0.32325
78,4,0.261,148,58.4,5,1,0.32,0.2484213079900352,1,58.4,0.064,0.24
78,5,0.261,122,48.1,6,1,0.418,0.26657249122886945,1,48.1,0.08360000000000001,0.3135
78,6,0.261,420,165.7,6,0,,0.37041915184709484,0,149.13,,
78,7,0.261,245,96.6,1,1,0.413,0.09175353702851807,1,96.6,0.0826,0.30974999999999997
78,8,0.261,206,81.3,3,1,0.231,0.4139550319460614,1,81.3,0.046200000000000005,0.17325000000000002
79,1,0.068,112,59.2,7,1,0.2,0.05219921014210106,1,59.2,0.04000000000000001,0.15000000000000002
79,2,0.068,180,95.1,5,1,0.195,0.025311893005257997,1,95.1,0.03900000000000001,0.14625
79,3,0.068,204,107.8,1,1,0.387,0.0,1,107.8,0.07740000000000001,0.29025
79,4,0.068,541,286.0,3,0,,0.0,0,257.40000000000003,,
79,5,0.068,100,52.9,8,0,,0.15031705839619147,0,52.9,,
79,6,0.068,305,161.2,2,1,0.307,0.0753317967188404,1,145.07999999999998,0.0614,0.23025
79,7,0.068,367,194.0,4,1,0.333,0.0,0,174.6,0.0666,
79,8,0.068,550,290.7,1,0,,0.0,1,261.63,,
80,1,0.047,396,217.3,5,0,,0.013421530070987175,0,195.57000000000002,,
80,2,0.047,148,81.2,4,1,0.299,0.2139021525289393,1,81.2,0.0598,0.22425
80,3,0.047,432,237.0,3,1,0.188,0.02104086486363952,0,213.3,0.0376,
80,4,0.047,515,282.6,3,0,,0.0,1,254.34000000000003,,
80,5,0.047,385,211.2,3,1,0.089,0.022425693591405567,1,190.07999999999998,0.0178,0.06675
80,6,0.047,183,100.4,4,1,0.558,0.01972764302523295,1,100.4,0.11160000000000002,0.41850000000000004
80,7,0.047,292,160.2,3,1,0.156,0.0,1,160.2,0.031200000000000002,0.11699999999999999
80,8,0.047,201,110.3,4,1,0.182,0.04157051334821878,1,110.3,0.0364,0.1365
81,1,0.127,177,84.7,5,1,0.433,0.10390654697913221,1,84.7,0.08660000000000001,0.32475
81,2,0.127,268,128.2,1,1,0.251,0.19662063648134184,1,128.2,0.0502,0.18825
81,3,0.127,487,233.0,7,0,,0.31189560949453454,0,209.70000000000002,,
81,4,0.127,440,210.5,3,0,,0.23965650295477575,1,189.45000000000002,,
81,5,0.127,248,118.6,2,1,0.317,0.10011113094451694,1,118.6,0.0634,0.23775000000000002
81,6,0.127,379,181.3,5,0,,0.016347409125832962,1,163.17000000000002,,
81,7,0.127,430,205.7,2,0,,0.38433598032498606,0,185.13,,
81,8,0.127,402,192.3,4,1,0.09,0.13292184340144883,1,173.07000000000002,0.018,0.0675
82,1,0.327,122,44.3,5,1,0.558,0.32839292919129465,1,44.3,0.11160000000000002,0.41850000000000004
82,2,0.327,137,49.7,9,1,0.342,0.32458749128899966,1,49.7,0.0684,0.2565
82,3,0.327,391,141.9,8,1,0.262,0.3468084760767855,1,127.71000000000001,0.0524,0.1965
82,4,0.327,124,45.0,0,1,0.525,0.3125639588076058,1,45.0,0.10500000000000001,0.39375000000000004
82,5,0.327,365,132.5,4,1,0.425,0.2696337993119764,0,119.25,0.085,
82,6,0.327,560,203.2,1,1,0.653,0.2723141058759608,0,182.88,0.13060000000000002,
82,7,0.327,210,76.2,2,1,0.481,0.3237246729784002,1,76.2,0.09620000000000001,0.36075
82,8,0.327,274,99.4,6,0,,0.2726575228866235,0,99.4,,
83,1,0.119,348,168.6,4,0,,0.04771542173228356,0,151.74,,
83,2,0.119,285,138.1,4,1,0.453,0.12964302276918968,1,138.1,0.09060000000000001,0.33975
83,3,0.119,574,278.1,3,1,0.37,0.09350227825791446,0,250.29000000000002,0.074,
83,4,0.119,212,102.7,1,1,0.357,0.26939929885826885,1,102.7,0.0714,0.26775
83,5,0.119,472,228.7,2,0,,0.0,1,205.82999999999998,,
83,6,0.119,162,78.5,6,1,0.331,0.22815068519224618,1,78.5,0.06620000000000001,0.24825000000000003
83,7,0.119,498,241.3,6,0,,0.2436085192497629,1,217.17000000000002,,
83,8,0.119,312,151.2,1,0,,0.0,1,136.07999999999998,,
84,1,0.108,501,247.3,2,0,,0.07373124059196512,0,222.57000000000002,,
84,2,0.108,598,295.2,4,0,,0.07085591340042086,0,265.68,,
84,3,0.108,300,148.1,5,1,0.431,0.0,1,148.1,0.0862,0.32325
84,4,0.108,318,157.0,2,1,0.099,0.030218331240912458,0,141.3,0.0198,
84,5,0.108,388,191.5,4,1,0.292,0.0,0,172.35,0.0584,
84,6,0.108,492,242.9,3,0,,0.2832270443423623,0,218.61,,
84,7,0.108,350,172.8,6,0,,0.20156783931474612,1,155.52,,
84,8,0.108,260,128.3,2,1,0.274,0.23515550949941588,1,128.3,0.05480000000000001,0.20550000000000002
85,1,0.325,392,142.6,4,0,,0.3971672064043235,1,128.34,,
85,2,0.325,278,101.1,3,1,0.516,0.21209482287827708,1,101.1,0.10320000000000001,0.387
85,3,0.325,157,57.1,5,1,0.362,0.27254797337202263,1,57.1,0.0724,0.27149999999999996
85,4,0.325,480,174.6,2,0,,0.37393745612279183,1,157.14,,
85,5,0.325,530,192.8,4,0,,0.20278721911080547,1,173.52,,
85,6,0.325,135,49.1,3,1,0.422,0.3962998430172388,1,49.1,0.0844,0.3165
85,7,0.325,362,131.7,7,1,0.466,0.3009674601841865,1,118.52999999999999,0.0932,0.34950000000000003
85,8,0.325,483,175.7,8,0,,0.2875179192450403,1,158.13,,
86,1,0.219,441,183.9,8,0,,0.29009599682034914,1,165.51000000000002,,
86,2,0.219,279,116.4,4,1,0.385,0.263426331148604,1,116.4,0.07700000000000001,0.28875
86,3,0.219,211,88.0,2,1,0.551,0.182903383418092,1,88.0,0.11020000000000002,0.41325
86,4,0.219,108,45.0,4,1,0.335,0.3349329803364248,1,45.0,0.067,0.25125000000000003
86,5,0.219,546,227.7,3,0,,0.11089366724001026,1,204.93,,
86,6,0.219,458,191.0,2,0,,0.28059356069442637,1,171.9,,
86,7,0.219,363,151.4,2,0,,0.2783101257968384,1,136.26000000000002,,
86,8,0.219,461,192.3,4,1,0.534,0.18804535606860096,1,173.07000000000002,0.1068,0.4005
87,1,0.305,410,152.8,4,0,,0.3376133022242118,1,137.52,,
87,2,0.305,147,54.8,4,1,0.555,0.1798886423614697,1,54.8,0.11100000000000002,0.41625
87,3,0.305,469,174.8,3,0,,0.3974027019206901,0,157.32000000000002,,
87,4,0.305,338,126.0,3,0,,0.28650978635570107,1,113.4,,
87,5,0.305,109,40.6,4,1,0.362,0.252727697948096,1,40.6,0.0724,0.27149999999999996
87,6,0.305,236,88.0,2,1,0.438,0.40990092258368893,1,88.0,0.08760000000000001,0.3285
87,7,0.305,507,189.0,3,0,,0.23456563094572408,1,170.1,,
87,8,0.305,461,171.8,3,0,,0.164153870363644,0,154.62,,
88,1,0.404,467,155.0,2,0,,0.24833708264760965,0,139.5,,
88,2,0.404,557,184.9,3,0,,0.464600995134564,0,166.41,,
88,3,0.404,118,39.2,3,1,0.639,0.27595706475037174,1,39.2,0.1278,0.47925
88,4,0.404,528,175.3,3,0,,0.5794794181984365,1,157.77,,
88,5,0.404,229,76.0,5,1,0.628,0.1958070592116278,1,76.0,0.12560000000000002,0.471
88,6,0.404,432,143.4,5,0,,0.5736456368290038,1,129.06,,
88,7,0.404,273,90.6,8,1,0.439,0.42510174672026185,1,90.6,0.0878,0.32925
88,8,0.404,281,93.3,5,1,0.435,0.3943286888129608,1,93.3,0.08700000000000001,0.32625
89,1,0.184,521,228.5,4,0,,0.129508091319105,1,205.65,,
89,2,0.184,538,235.9,5,1,0.203,0.22391361143520708,1,212.31,0.040600000000000004,0.15225
89,3,0.184,551,241.6,4,0,,0.18023652975751517,0,217.44,,
89,4,0.184,137,60.1,2,1,0.352,0.29433018820165213,1,60.1,0.0704,0.264
89,5,0.184,497,217.9,2,0,,0.19542276486620397,0,196.11,,
89,6,0.184,427,187.2,4,0,,0.19903017614618776,1,168.48,,
89,7,0.184,362,158.7,6,1,0.178,0.14763877877861442,1,142.82999999999998,0.0356,0.1335
89,8,0.184,512,224.5,6,0,,0.17830543762789325,1,202.05,,
90,1,0.234,116,47.4,3,1,0.378,0.2647801768892059,1,47.4,0.0756,0.2835
90,2,0.234,117,47.8,5,1,0.508,0.06298316073433743,1,47.8,0.10160000000000001,0.381
90,3,0.234,553,225.9,4,0,,0.09918145778942872,1,203.31,,
90,4,0.234,582,237.7,2,0,,0.3083264094022715,0,213.93,,
90,5,0.234,545,222.6,4,0,,0.2510865438127942,0,200.34,,
90,6,0.234,460,187.9,1,1,0.403,0.2156016663647321,0,169.11,0.0806,
90,7,0.234,268,109.5,4,1,0.19,0.23584339330653933,1,109.5,0.038000000000000006,0.14250000000000002
90,8,0.234,216,88.2,2,1,0.409,0.26875817053616713,1,88.2,0.0818,0.30674999999999997
91,1,0.175,565,251.1,2,0,,0.12102403196906383,1,225.99,,
91,2,0.175,527,234.2,4,0,,0.09716952745976871,1,210.78,,
91,3,0.175,276,122.7,3,1,0.323,0.19458452550976815,1,122.7,0.0646,0.24225000000000002
91,4,0.175,567,252.0,4,0,,0.07716272223849678,1,226.8,,
91,5,0.175,319,141.8,2,1,0.351,0.21582527557144718,1,127.62000000000002,0.0702,0.26325
91,6,0.175,430,191.1,2,0,,0.004741639576215928,0,171.99,,
91,7,0.175,498,221.3,4,1,0.336,0.2779155637325644,0,199.17000000000002,0.06720000000000001,
91,8,0.175,566,251.5,6,0,,0.2222597482413043,0,226.35,,
92,1,0.267,226,88.4,4,1,0.382,0.2926029734313876,1,88.4,0.07640000000000001,0.2865
92,2,0.267,526,205.6,7,0,,0.3652690983945514,1,185.04,,
92,3,0.267,236,92.3,5,1,0.312,0.4335474444462577,1,92.3,0.062400000000000004,0.23399999999999999
92,4,0.267,508,198.6,9,0,,0.36843700650181305,1,178.74,,
92,5,0.267,310,121.2,5,0,,0.08291257686683548,1,109.08,,
92,6,0.267,161,62.9,8,1,0.467,0.13904230332642986,1,62.9,0.09340000000000001,0.35025
92,7,0.267,149,58.3,2,1,0.402,0.20451814223043213,1,58.3,0.08040000000000001,0.3015
92,8,0.267,152,59.4,4,1,0.499,0.2696091050210834,1,59.4,0.0998,0.37424999999999997
93,1,0.239,319,129.6,3,0,,0.29076590204691233,1,116.64,,
93,2,0.239,269,109.2,5,1,0.456,0.16642561868465344,1,109.2,0.0912,0.342
93,3,0.239,434,176.3,5,0,,0.2576766764477078,0,158.67000000000002,,
93,4,0.239,481,195.3,5,0,,0.16346170676466773,1,175.77,,
93,5,0.239,377,153.1,2,1,0.29,0.17784821970080517,0,137.79,0.057999999999999996,
93,6,0.239,212,86.1,3,1,0.318,0.09833389031517775,1,86.1,0.0636,0.2385
93,7,0.239,503,204.3,0,0,,0.14667667538890955,0,183.87,,
93,8,0.239,298,121.0,4,1,0.316,0.10383153943836662,1,121.0,0.0632,0.237
94,1,0.326,587,213.2,7,0,,0.22841267470226673,1,191.88,,
94,2,0.326,571,207.4,9,0,,0.431364179660784,0,186.66,,
94,3,0.326,486,176.6,3,0,,0.2310601111168057,1,158.94,,
94,4,0.326,550,199.8,8,0,,0.5892382064837391,1,179.82000000000002,,
94,5,0.326,159,57.8,5,1,0.613,0.3753317900880889,1,57.8,0.1226,0.45975
94,6,0.326,389,141.3,4,1,0.491,0.3444836123694874,0,127.17000000000002,0.09820000000000001,
94,7,0.326,109,39.6,3,1,0.524,0.24016422198187865,1,39.6,0.1048,0.393
94,8,0.326,154,55.9,5,1,0.345,0.39603098794089914,1,55.9,0.06899999999999999,0.25875
95,1,0.443,403,128.1,3,0,,0.3854362173762226,0,115.28999999999999,,
95,2,0.443,263,83.6,6,1,0.373,0.45520098146453614,1,83.6,0.0746,0.27975
95,3,0.443,211,67.1,6,1,0.457,0.6990084538268795,1,67.1,0.09140000000000001,0.34275
95,4,0.443,300,95.4,7,1,0.46,0.433394010027535,1,95.4,0.09200000000000001,0.34500000000000003
95,5,0.443,185,58.8,6,1,0.638,0.5579273326285676,1,58.8,0.12760000000000002,0.47850000000000004
95,6,0.443,123,39.1,9,1,0.625,0.37268235748741124,1,39.1,0.125,0.46875
95,7,0.443,536,170.4,2,0,,0.43950115095030384,1,153.36,,
95,8,0.443,464,147.5,5,0,,0.620080063563551,1,132.75,,
96,1,0.386,189,64.0,5,1,0.352,0.3233032942212233,1,64.0,0.0704,0.264
96,2,0.386,548,185.6,3,0,,0.5672448557996929,1,167.04,,
96,3,0.386,366,124.0,2,1,0.426,0.4567751935455476,1,111.60000000000001,0.0852,0.3195
96,4,0.386,236,79.9,4,1,0.607,0.32975332241057326,1,79.9,0.12140000000000001,0.45525
96,5,0.386,404,136.9,3,0,,0.4492407739055521,1,123.21000000000001,,
96,6,0.386,504,170.7,3,0,,0.48325544496267303,0,153.63,,
96,7,0.386,468,158.5,4,0,,0.44818099622171964,1,142.65,,
96,8,0.386,200,67.8,3,1,0.47,0.22897752801095436,1,67.8,0.094,0.3525
97,1,0.096,467,235.0,3,0,,0.02328628241751314,1,211.5,,
97,2,0.096,106,53.3,4,1,0.203,0.07124813644484952,1,53.3,0.040600000000000004,0.15225
97,3,0.096,441,221.9,3,0,,0.08855665708999537,1,199.71,,
97,4,0.096,304,153.0,0,1,0.082,0.1580672097550678,1,137.70000000000002,0.0164,0.0615
97,5,0.096,468,235.5,3,1,0.363,0.11377010009332539,1,211.95000000000002,0.0726,0.27225
97,6,0.096,241,121.3,2,1,0.41,0.0,1,121.3,0.082,0.3075
97,7,0.096,248,124.8,3,1,0.327,0.1340197851005963,1,124.8,0.0654,0.24525000000000002
97,8,0.096,407,204.8,5,1,0.351,0.15705857452838232,1,184.32000000000002,0.0702,0.26325
98,1,0.209,332,140.5,4,0,,0.26497904479310397,0,126.45,,
98,2,0.209,484,204.8,3,0,,0.31707807255546216,1,184.32000000000002,,
98,3,0.209,235,99.4,7,1,0.351,0.2923922154548904,1,99.4,0.0702,0.26325
98,4,0.209,108,45.7,3,1,0.269,0.2549180079228437,1,45.7,0.05380000000000001,0.20175
98,5,0.209,278,117.6,1,1,0.352,0.20198342885413528,1,117.6,0.0704,0.264
98,6,0.209,333,140.9,5,0,,0.04290390664840085,1,126.81,,
98,7,0.209,216,91.4,3,1,0.361,0.25196182191325855,1,91.4,0.0722,0.27075
98,8,0.209,319,135.0,5,1,0.426,0.2297687687163111,0,121.5,0.0852,
99,1,0.166,182,82.0,4,0,,0.19315788371953735,0,82.0,,
99,2,0.166,165,74.3,0,1,0.475,0.038325142417969055,1,74.3,0.095,0.35624999999999996
99,3,0.166,194,87.4,5,1,0.453,0.05789434595917377,1,87.4,0.09060000000000001,0.33975
99,4,0.166,510,229.7,5,0,,0.27131528533329036,1,206.73,,
99,5,0.166,423,190.5,3,0,,0.16204448461433452,0,171.45000000000002,,
99,6,0.166,428,192.7,6,0,,0.23415006973726243,0,173.43,,
99,7,0.166,218,98.2,5,1,0.306,0.16883183761304613,1,98.2,0.061200000000000004,0.22949999999999998
99,8,0.166,336,151.3,7,1,0.303,0.16897561394957453,0,136.17000000000002,0.0606,
100,1,0.227,417,172.0,6,1,0.233,0.32082838059759977,1,154.8,0.0466,0.17475000000000002
100,2,0.227,492,203.0,4,0,,0.17539552717826262,1,182.70000000000002,,
100,3,0.227,322,132.8,3,1,0.402,0.23661207769409834,0,119.52000000000001,0.08040000000000001,
100,4,0.227,432,178.2,3,1,0.429,0.18077247112949577,0,160.38,0.0858,
100,5,0.227,352,145.2,7,1,0.357,0.18355037725676845,1,130.68,0.0714,0.26775
100,6,0.227,155,63.9,3,1,0.368,0.19608278765313608,1,63.9,0.0736,0.276
100,7,0.227,384,158.4,7,1,0.568,0.2492133771633713,1,142.56,0.11359999999999999,0.42599999999999993
100,8,0.227,596,245.9,6,0,,0.17912513783365228,1,221.31,,
101,1,0.476,522,160.5,1,0,,0.601575612557352,1,144.45000000000002,,
101,2,0.476,346,106.4,7,1,0.542,0.3865392697780496,1,95.76,0.10840000000000001,0.40650000000000003
101,3,0.476,595,182.9,7,0,,0.4573128355838641,1,164.61,,
101,4,0.476,169,52.0,9,1,0.3,0.4320268941725825,1,52.0,0.06,0.22499999999999998
101,5,0.476,533,163.8,2,0,,0.6206977884353733,1,147.42000000000002,,
101,6,0.476,202,62.1,8,1,0.474,0.4956554776511575,1,62.1,0.0948,0.3555
101,7,0.476,284,87.3,2,1,0.549,0.5791844539468635,1,87.3,0.10980000000000001,0.41175000000000006
101,8,0.476,484,148.8,4,1,0.503,0.32744396269630277,1,133.92000000000002,0.10060000000000001,0.37725
102,1,0.116,138,67.2,2,1,0.117,0.14270502658692588,1,67.2,0.023400000000000004,0.08775000000000001
102,2,0.116,518,252.3,1,0,,0.20496307956234372,1,227.07000000000002,,
102,3,0.116,450,219.2,4,0,,0.12422839892754242,0,197.28,,
102,4,0.116,523,254.8,6,0,,0.22254803750653512,0,229.32000000000002,,
102,5,0.116,242,117.9,3,1,0.358,0.06427115498996279,1,117.9,0.0716,0.26849999999999996
102,6,0.116,382,186.1,3,1,0.373,0.256934744018558,1,167.49,0.0746,0.27975
102,7,0.116,515,250.9,5,0,,0.34588981236192506,0,225.81,,
102,8,0.116,579,282.0,2,0,,0.0797161439560341,0,253.8,,
103,1,0.172,194,86.6,4,1,0.315,0.1274497478599228,1,86.6,0.063,0.23625000000000002
103,2,0.172,115,51.4,8,1,0.504,0.3173384477117701,1,51.4,0.1008,0.378
103,3,0.172,315,140.7,1,1,0.29,0.32995721457307126,1,126.63,0.057999999999999996,0.21749999999999997
103,4,0.172,572,255.4,0,0,,0.11971399728467316,1,229.86,,
103,5,0.172,429,191.6,5,1,0.471,0.12998131829041426,1,172.44,0.0942,0.35324999999999995
103,6,0.172,415,185.3,9,1,0.319,0.14382153911394926,0,166.77,0.06380000000000001,
103,7,0.172,588,262.6,5,0,,0.037554948896572266,0,236.34000000000003,,
103,8,0.172,139,62.1,2,1,0.268,0.08013480535158016,1,62.1,0.05360000000000001,0.201
104,1,0.241,124,50.2,3,1,0.387,0.1405859233247932,1,50.2,0.07740000000000001,0.29025
104,2,0.241,251,101.6,6,1,0.295,0.16422024348958714,1,101.6,0.059,0.22125
104,3,0.241,354,143.3,4,1,0.392,0.23753151126132188,1,128.97000000000003,0.07840000000000001,0.29400000000000004
104,4,0.241,389,157.5,4,1,0.415,0.26442147325365206,0,141.75,0.083,
104,5,0.241,192,77.7,4,1,0.345,0.3960500492814077,1,77.7,0.06899999999999999,0.25875
104,6,0.241,280,113.4,3,1,0.299,0.1411645959261209,1,113.4,0.0598,0.22425
104,7,0.241,280,113.4,10,0,,0.33943223984765836,0,113.4,,
104,8,0.241,267,108.1,1,1,0.46,0.2196011155774491,1,108.1,0.09200000000000001,0.34500000000000003
105,1,0.197,403,173.6,3,0,,0.1920536290347567,1,156.24,,
105,2,0.197,452,194.7,7,0,,0.2644819492166604,1,175.23,,
105,3,0.197,150,64.6,9,1,0.331,0.08472779784377014,1,64.6,0.06620000000000001,0.24825000000000003
105,4,0.197,471,202.8,7,0,,0.23524097461840507,0,182.52,,
105,5,0.197,388,167.1,7,1,0.39,0.2136452208213056,1,150.39,0.07800000000000001,0.2925
105,6,0.197,515,221.8,2,0,,0.24624512640081492,0,199.62,,
105,7,0.197,564,242.9,5,0,,0.22591686439078182,0,218.61,,
105,8,0.197,583,251.1,7,0,,0.44253001399108943,0,225.99,,
106,1,0.155,258,118.3,7,1,0.318,0.0912260015748684,1,118.3,0.0636,0.2385
106,2,0.155,501,229.6,8,0,,0.10190030449981824,1,206.64,,
106,3,0.155,244,111.8,6,0,,0.09268594735752356,0,111.8,,
106,4,0.155,578,264.9,8,0,,0.09945228808397452,0,238.41,,
106,5,0.155,356,163.2,0,0,,0.09126128726934822,0,146.88,,
106,6,0.155,240,110.0,8,1,0.266,0.2739016531107552,1,110.0,0.053200000000000004,0.1995
106,7,0.155,527,241.6,7,0,,0.29705042479898547,1,217.44,,
106,8,0.155,234,107.3,6,1,0.252,0.09792537062505237,1,107.3,0.0504,0.189
107,1,0.302,236,88.2,2,1,0.433,0.21876444268957712,1,88.2,0.08660000000000001,0.32475
107,2,0.302,575,215.0,5,0,,0.3491415556386404,1,193.5,,
107,3,0.302,374,139.8,3,0,,0.24677769557190288,1,125.82000000000001,,
107,4,0.302,248,92.7,4,1,0.288,0.3652931817755511,1,92.7,0.0576,0.21599999999999997
107,5,0.302,353,132.0,4,0,,0.32229230208512993,0,118.8,,
107,6,0.302,148,55.3,8,1,0.482,0.1504255885002768,1,55.3,0.0964,0.3615
107,7,0.302,189,70.7,3,1,0.498,0.45675052013300615,1,70.7,0.09960000000000001,0.3735
107,8,0.302,151,56.5,2,1,0.402,0.48158776730955216,1,56.5,0.08040000000000001,0.3015
108,1,0.263,203,79.8,3,1,0.439,0.20172113095156138,1,79.8,0.0878,0.32925
108,2,0.263,488,191.9,3,0,,0.22422984400640159,0,172.71,,
108,3,0.263,254,99.9,4,1,0.438,0.2915865390724905,1,99.9,0.08760000000000001,0.3285
108,4,0.263,276,108.5,6,1,0.467,0.2964456789987025,1,108.5,0.09340000000000001,0.35025
108,5,0.263,474,186.4,0,0,,0.3288544272672831,1,167.76000000000002,,
108,6,0.263,363,142.8,5,1,0.516,0.464020453876635,0,128.52,0.10320000000000001,
108,7,0.263,494,194.3,2,0,,0.24530527725059506,1,174.87,,
108,8,0.263,459,180.5,6,0,,0.18317027554615462,0,162.45000000000002,,
109,1,0.178,445,196.8,9,1,0.277,0.04006807719854727,1,177.12,0.055400000000000005,0.20775000000000002
109,2,0.178,206,91.1,7,1,0.362,0.10490699600580808,1,91.1,0.0724,0.27149999999999996
109,3,0.178,165,73.0,4,1,0.447,0.17468730271262028,1,73.0,0.08940000000000001,0.33525
109,4,0.178,531,234.8,4,0,,0.35745578635177877,1,211.32000000000002,,
109,5,0.178,138,61.0,4,0,,0.12623887009638285,0,61.0,,
109,6,0.178,348,153.9,2,1,0.355,0.20037879516388984,1,138.51000000000002,0.071,0.26625
109,7,0.178,289,127.8,5,1,0.528,0.1763577103927248,1,127.8,0.10560000000000001,0.396
109,8,0.178,150,66.3,2,1,0.442,0.2968393273448084,1,66.3,0.0884,0.3315
110,1,0.071,490,257.3,3,0,,0.3236932425873622,1,231.57000000000002,,
110,2,0.071,326,171.2,5,1,0.057,0.017913122707967924,0,154.07999999999998,0.0114,
110,3,0.071,123,64.6,1,1,0.327,0.022056055748177775,1,64.6,0.0654,0.24525000000000002
110,4,0.071,248,130.2,5,1,0.219,0.1754160877069072,1,130.2,0.043800000000000006,0.16425
110,5,0.071,494,259.4,7,0,,0.13918914896263113,0,233.45999999999998,,
110,6,0.071,391,205.3,9,0,,0.25567073257360334,1,184.77,,
110,7,0.071,493,258.8,6,0,,0.12939281853259638,1,232.92000000000002,,
110,8,0.071,417,218.9,5,1,0.347,0.03507079092129404,1,197.01000000000002,0.0694,0.26025
111,1,0.368,324,112.0,4,0,,0.4270654830692309,1,100.8,,
111,2,0.368,232,80.2,5,0,,0.47887035805829076,0,80.2,,
111,3,0.368,171,59.1,3,1,0.588,0.4500482181197364,1,59.1,0.1176,0.44099999999999995
111,4,0.368,556,192.2,7,0,,0.41872740311072976,1,172.98,,
111,5,0.368,263,90.9,7,0,,0.4746674689589154,0,90.9,,
111,6,0.368,573,198.0,5,0,,0.48492955904456725,1,178.20000000000002,,
111,7,0.368,313,108.2,5,1,0.663,0.5062158991037528,1,97.38000000000001,0.13260000000000002,0.49725
111,8,0.368,250,86.4,3,0,,0.43287098875896424,0,86.4,,
112,1,0.165,103,46.5,3,1,0.435,0.14828819196831458,1,46.5,0.08700000000000001,0.32625
112,2,0.165,192,86.6,10,1,0.267,0.1796713686433323,1,86.6,0.0534,0.20025
112,3,0.165,109,49.2,3,1,0.325,0.2856508966508357,1,49.2,0.065,0.24375000000000002
112,4,0.165,166,74.9,3,1,0.191,0.0833064329012764,1,74.9,0.038200000000000005,0.14325
112,5,0.165,140,63.2,3,1,0.302,0.20186733088729014,1,63.2,0.0604,0.22649999999999998
112,6,0.165,555,250.4,2,0,,0.12566611876726394,1,225.36,,
112,7,0.165,460,207.5,1,1,0.403,0.16787448229348176,0,186.75,0.0806,
112,8,0.165,522,235.5,7,0,,0.29284518626072986,0,211.95000000000002,,
113,1,0.646,465,121.7,8,1,0.776,0.6651099068019903,1,109.53,0.1552,0.5820000000000001
113,2,0.646,377,98.7,8,1,0.833,0.6506436548156149,1,88.83,0.1666,0.6247499999999999
113,3,0.646,150,39.3,8,1,0.888,0.5100143859020081,1,39.3,0.1776,0.666
113,4,0.646,195,51.0,6,1,0.586,0.7206253566027221,1,51.0,0.1172,0.4395
113,5,0.646,403,105.5,8,0,,0.7105484181141075,1,94.95,,
113,6,0.646,106,27.7,5,1,0.711,0.862325472330546,1,8.309999999999999,0.1422,0.53325
113,7,0.646,578,151.3,3,0,,0.6152221765046999,1,136.17000000000002,,
113,8,0.646,118,30.9,8,1,0.762,0.667915032766394,1,30.9,0.1524,0.5715
114,1,0.503,330,98.7,7,1,0.588,0.5279383683710756,1,88.83,0.1176,0.44099999999999995
114,2,0.503,156,46.7,5,1,0.624,0.6607453279763474,1,46.7,0.12480000000000001,0.46799999999999997
114,3,0.503,321,96.0,3,1,0.635,0.4934704467613048,1,86.4,0.127,0.47625
114,4,0.503,332,99.3,4,1,0.565,0.5309021525770339,1,89.37,0.11299999999999999,0.42374999999999996
114,5,0.503,435,130.1,6,1,0.638,0.5637896509716539,1,117.09,0.12760000000000002,0.47850000000000004
114,6,0.503,411,122.9,10,0,,0.5216609123156358,1,110.61000000000001,,
114,7,0.503,180,53.8,0,1,0.438,0.4583566385449472,1,53.8,0.08760000000000001,0.3285
114,8,0.503,147,44.0,5,1,0.576,0.5224089992898308,1,44.0,0.1152,0.43199999999999994
115,1,0.409,162,53.5,2,1,0.563,0.5163631749859772,1,53.5,0.11259999999999999,0.42224999999999996
115,2,0.409,196,64.7,6,1,0.757,0.30634847005889393,1,64.7,0.1514,0.56775
115,3,0.409,225,74.3,5,0,,0.4222969674146876,0,74.3,,
115,4,0.409,498,164.4,4,0,,0.3389879185060827,1,147.96,,
115,5,0.409,368,121.5,2,1,0.425,0.5285046628924842,1,109.35000000000001,0.085,0.31875
115,6,0.409,367,121.2,4,1,0.556,0.2566813095216225,1,109.08,0.11120000000000002,0.41700000000000004
115,7,0.409,263,86.8,4,1,0.668,0.35310781527284113,1,86.8,0.13360000000000002,0.501
115,8,0.409,539,178.0,7,0,,0.44672118750645207,1,160.20000000000002,,
116,1,0.378,160,54.6,4,1,0.46,0.5345524029234341,1,54.6,0.09200000000000001,0.34500000000000003
116,2,0.378,533,182.0,2,0,,0.37142497389270124,0,163.8,,
116,3,0.378,422,144.1,2,1,0.479,0.32248004733068014,1,129.69,0.0958,0.35924999999999996
116,4,0.378,296,101.1,4,1,0.595,0.566115706944059,1,101.1,0.119,0.44625
116,5,0.378,497,169.7,4,0,,0.2331986099583756,1,152.73,,
116,6,0.378,537,183.4,4,0,,0.1581194043379918,1,165.06,,
116,7,0.378,470,160.5,7,0,,0.42200144500533326,1,144.45000000000002,,
116,8,0.378,537,183.4,8,0,,0.3277945775647389,1,165.06,,
117,1,0.481,552,168.8,3,0,,0.37887671828692865,0,151.92000000000002,,
117,2,0.481,344,105.2,7,1,0.439,0.5518356447299353,1,94.68,0.0878,0.32925
117,3,0.481,368,112.6,6,0,,0.5053800713771198,1,101.34,,
117,4,0.481,562,171.9,7,0,,0.42459213692632713,1,154.71,,
117,5,0.481,550,168.2,5,0,,0.35296956013291053,1,151.38,,
117,6,0.481,340,104.0,5,1,0.563,0.5682457328280145,1,93.60000000000001,0.11259999999999999,0.42224999999999996
117,7,0.481,323,98.8,7,1,0.511,0.5460201177958661,1,88.92,0.10220000000000001,0.38325
117,8,0.481,546,167.0,2,0,,0.4710824136220617,1,150.3,,
118,1,0.45,147,46.4,7,1,0.625,0.6346636996047665,1,46.4,0.125,0.46875
118,2,0.45,377,119.0,3,1,0.575,0.34299152336738475,1,107.10000000000001,0.11499999999999999,0.43124999999999997
118,3,0.45,237,74.8,10,1,0.807,0.2974474829075261,1,74.8,0.16140000000000002,0.6052500000000001
118,4,0.45,392,123.8,3,0,,0.38080919301187555,1,111.42,,
118,5,0.45,335,105.8,4,1,0.508,0.44544139836445024,1,95.22,0.10160000000000001,0.381
118,6,0.45,141,44.5,6,1,0.541,0.4743339449322692,1,44.5,0.10820000000000002,0.40575000000000006
118,7,0.45,412,130.1,1,0,,0.425876394214367,1,117.09,,
118,8,0.45,245,77.4,2,1,0.635,0.4852055396514297,1,77.4,0.127,0.47625
119,1,0.315,407,149.8,6,0,,0.1898460575809556,1,134.82000000000002,,
119,2,0.315,128,47.1,2,1,0.392,0.45937646040732594,1,47.1,0.07840000000000001,0.29400000000000004
119,3,0.315,353,130.0,5,1,0.463,0.3067848821607431,0,117.0,0.09260000000000002,
119,4,0.315,498,183.3,5,0,,0.42672958315881276,1,164.97000000000003,,
119,5,0.315,479,176.4,5,0,,0.3492725346377704,1,158.76000000000002,,
119,6,0.315,400,147.3,5,0,,0.3606753219153784,1,132.57000000000002,,
119,7,0.315,117,43.1,4,1,0.559,0.3719767280232204,1,43.1,0.11180000000000001,0.41925
119,8,0.315,306,112.7,2,1,0.312,0.35977085600173153,1,101.43,0.062400000000000004,0.23399999999999999
120,1,0.346,468,166.0,4,1,0.477,0.41027227598675436,1,149.4,0.0954,0.35775
120,2,0.346,216,76.6,5,1,0.426,0.4789152530132431,1,76.6,0.0852,0.3195
120,3,0.346,581,206.1,6,1,0.629,0.365652116970147,1,185.49,0.1258,0.47175
120,4,0.346,532,188.7,4,0,,0.4169003757588512,0,169.82999999999998,,
120,5,0.346,194,68.8,11,1,0.513,0.3370264305712773,1,68.8,0.10260000000000001,0.38475000000000004
120,6,0.346,323,114.6,8,1,0.231,0.49001172154494727,1,103.14,0.046200000000000005,0.17325000000000002
120,7,0.346,345,122.4,4,1,0.379,0.278360769794073,1,110.16000000000001,0.0758,0.28425
120,8,0.346,250,88.7,3,0,,0.5260940432910816,0,88.7,,
121,1,0.539,182,52.6,6,1,0.554,0.5349842049355656,1,52.6,0.11080000000000001,0.41550000000000004
121,2,0.539,471,136.0,4,0,,0.3959224897881952,1,122.4,,
121,3,0.539,314,90.7,6,1,0.485,0.5518104414910789,1,81.63000000000001,0.097,0.36375
121,4,0.539,288,83.2,0,1,0.678,0.47089483425251194,1,83.2,0.13560000000000003,0.5085000000000001
121,5,0.539,473,136.6,6,0,,0.6230643548988725,1,122.94,,
121,6,0.539,295,85.2,3,1,0.359,0.47373760206976095,1,85.2,0.0718,0.26925
121,7,0.539,143,41.3,9,1,0.902,0.4943816566785221,1,41.3,0.1804,0.6765
121,8,0.539,129,37.3,5,1,0.476,0.3500459269054469,1,37.3,0.0952,0.357
122,1,0.306,526,195.7,6,0,,0.2607693680750923,0,176.13,,
122,2,0.306,235,87.5,6,1,0.437,0.06361206733710431,1,87.5,0.0874,0.32775
122,3,0.306,548,203.9,8,0,,0.14760971765142766,1,183.51000000000002,,
122,4,0.306,108,40.2,7,1,0.5,0.38204146561442975,1,40.2,0.1,0.375
122,5,0.306,277,103.1,4,1,0.499,0.3845800158650832,1,103.1,0.0998,0.37424999999999997
122,6,0.306,333,123.9,9,1,0.415,0.3485457561784965,1,111.51,0.083,0.31124999999999997
122,7,0.306,137,51.0,8,1,0.514,0.2093023856870787,1,51.0,0.1028,0.3855
122,8,0.306,273,101.6,6,1,0.259,0.301228864385802,1,101.6,0.051800000000000006,0.19425
123,1,0.146,480,223.1,5,0,,0.14563974609094316,1,200.79,,
123,2,0.146,133,61.8,2,1,0.351,0.03016353108074571,1,61.8,0.0702,0.26325
123,3,0.146,463,215.2,2,0,,0.29633983017671506,1,193.68,,
123,4,0.146,506,235.1,2,1,0.422,0.23373622905756714,1,211.59,0.0844,0.3165
123,5,0.146,195,90.6,2,1,0.361,0.1239035826170336,1,90.6,0.0722,0.27075
123,6,0.146,586,272.3,6,0,,0.14868858389945308,1,245.07000000000002,,
123,7,0.146,348,161.7,1,0,,0.16683828079475524,0,145.53,,
123,8,0.146,310,144.1,3,0,,0.0,0,129.69,,
124,1,0.452,279,87.9,6,1,0.568,0.4272822617479403,1,87.9,0.11359999999999999,0.42599999999999993
124,2,0.452,356,112.2,6,0,,0.3838015752002202,1,100.98,,
124,3,0.452,301,94.9,7,1,0.514,0.35183799901050844,1,85.41000000000001,0.1028,0.3855
124,4,0.452,140,44.1,10,1,0.553,0.42388997071140455,1,44.1,0.11060000000000002,0.41475000000000006
124,5,0.452,163,51.4,5,1,0.649,0.6317686526849523,1,51.4,0.1298,0.48675
124,6,0.452,584,184.1,9,0,,0.516084286126701,0,165.69,,
124,7,0.452,269,84.8,5,1,0.479,0.39488210102172033,1,84.8,0.0958,0.35924999999999996
124,8,0.452,463,145.9,3,0,,0.5092582781356159,1,131.31,,
125,1,0.36,290,101.2,5,1,0.312,0.4999355436586002,1,101.2,0.062400000000000004,0.23399999999999999
125,2,0.36,475,165.7,9,0,,0.45246336829127687,1,149.13,,
125,3,0.36,447,155.9,4,0,,0.3659630369920174,1,140.31,,
125,4,0.36,489,170.6,3,1,0.493,0.2953063222294426,0,153.54,0.09860000000000001,
125,5,0.36,272,94.9,4,1,0.613,0.429822331361359,1,94.9,0.1226,0.45975
125,6,0.36,536,187.0,7,0,,0.39934853854217495,1,168.3,,
125,7,0.36,230,80.2,4,1,0.46,0.4495193220027732,1,80.2,0.09200000000000001,0.34500000000000003
125,8,0.36,506,176.5,2,1,0.393,0.42351718016819695,0,158.85,0.0786,
126,1,0.062,330,176.2,5,1,0.262,0.1669552715319335,1,158.57999999999998,0.0524,0.1965
126,2,0.062,261,139.3,4,1,0.17,0.008476478843943203,1,139.3,0.034,0.1275
126,3,0.062,254,135.6,4,1,0.102,0.19373940656343258,1,135.6,0.0204,0.0765
126,4,0.062,562,300.0,3,0,,0.08175996046923997,1,270.0,,
126,5,0.062,318,169.8,1,0,,0.2695260872625266,1,152.82000000000002,,
126,6,0.062,423,225.8,3,0,,0.0,1,203.22000000000003,,
126,7,0.062,547,292.0,1,0,,0.23559638031652494,0,262.8,,
126,8,0.062,191,102.0,6,1,0.338,0.08179107834626478,1,102.0,0.06760000000000001,0.2535
127,1,0.233,424,173.6,2,1,0.596,0.1678581996385552,0,156.24,0.1192,
127,2,0.233,253,103.6,3,1,0.383,0.18461141659456787,1,103.6,0.0766,0.28725
127,3,0.233,302,123.6,2,1,0.412,0.200965269180568,1,111.24,0.0824,0.309
127,4,0.233,380,155.6,4,0,,0.27541659464019164,0,140.04,,
127,5,0.233,343,140.4,7,1,0.343,0.28528354880355,0,126.36000000000001,0.06860000000000001,
127,6,0.233,367,150.2,2,1,0.34,0.17562999960614212,1,135.18,0.068,0.255
127,7,0.233,105,43.0,7,1,0.327,0.23056454077390173,1,43.0,0.0654,0.24525000000000002
127,8,0.233,250,102.3,4,1,0.419,0.4472270358611864,1,102.3,0.0838,0.31425
128,1,0.192,443,192.0,5,1,0.459,0.36475431701007116,0,172.8,0.0918,
128,2,0.192,222,96.2,3,1,0.448,0.23563236696740322,1,96.2,0.08960000000000001,0.336
128,3,0.192,491,212.8,3,0,,0.19580034781682004,1,191.52,,
128,4,0.192,319,138.3,2,1,0.224,0.20400313267182613,1,124.47000000000001,0.044800000000000006,0.168
128,5,0.192,325,140.9,3,1,0.317,0.2533517972730417,1,126.81,0.0634,0.23775000000000002
128,6,0.192,239,103.6,5,1,0.369,0.08972074348015945,1,103.6,0.0738,0.27675
128,7,0.192,223,96.7,3,1,0.421,0.1662623462576655,1,96.7,0.0842,0.31575
128,8,0.192,488,211.5,3,0,,0.025141592612241054,0,190.35,,
129,1,0.52,292,85.9,4,1,0.53,0.5599223122605279,1,85.9,0.10600000000000001,0.3975
129,2,0.52,120,35.3,7,1,0.746,0.5847195939702741,1,35.3,0.1492,0.5595
129,3,0.52,417,122.7,6,1,0.716,0.4716813537700626,1,110.43,0.1432,0.5369999999999999
129,4,0.52,467,137.4,7,0,,0.6773986763290033,1,123.66000000000001,,
129,5,0.52,459,135.0,8,0,,0.3974234336997659,1,121.5,,
129,6,0.52,296,87.1,5,1,0.611,0.373562511979018,1,87.1,0.1222,0.45825
129,7,0.52,453,133.2,7,0,,0.5424451818559972,1,119.88,,
129,8,0.52,503,148.0,7,0,,0.6247098302612155,1,133.20000000000002,,
130,1,0.22,123,51.2,5,1,0.298,0.3883927691457869,1,51.2,0.0596,0.22349999999999998
130,2,0.22,114,47.5,6,1,0.597,0.17411157371310598,1,47.5,0.1194,0.44775
130,3,0.22,350,145.8,3,1,0.262,0.32786808334312956,1,131.22000000000003,0.0524,0.1965
130,4,0.22,260,108.3,7,1,0.304,0.2161491530499293,1,108.3,0.0608,0.22799999999999998
130,5,0.22,391,162.9,5,0,,0.20273727000591804,1,146.61,,
130,6,0.22,568,236.6,4,0,,0.30836599374866724,1,212.94,,
130,7,0.22,350,145.8,10,1,0.304,0.28523228784134197,1,131.22000000000003,0.0608,0.22799999999999998
130,8,0.22,188,78.3,4,1,0.345,0.062360784301575045,1,78.3,0.06899999999999999,0.25875
131,1,0.138,505,237.6,6,0,,0.28565403497258957,1,213.84,,
131,2,0.138,440,207.0,4,0,,0.27600913541474514,1,186.3,,
131,3,0.138,590,277.6,3,0,,0.07544372984904707,1,249.84000000000003,,
131,4,0.138,247,116.2,2,1,0.222,0.17758035334374092,1,116.2,0.0444,0.1665
131,5,0.138,507,238.5,5,0,,0.1874030186282739,1,214.65,,
131,6,0.138,252,118.5,2,1,0.426,0.16406737658239073,1,118.5,0.0852,0.3195
131,7,0.138,263,123.7,3,0,,0.082969484615458,0,123.7,,
131,8,0.138,425,199.9,5,0,,0.07083766320619485,0,179.91,,
132,1,0.472,170,52.5,5,1,0.475,0.46944459290085544,1,52.5,0.095,0.35624999999999996
132,2,0.472,460,142.0,2,0,,0.5892729019259364,0,127.8,,
132,3,0.472,517,159.6,6,0,,0.5263600154594432,1,143.64,,
132,4,0.472,316,97.5,6,1,0.659,0.43493856679138937,1,87.75,0.1318,0.49425
132,5,0.472,109,33.6,4,1,0.575,0.5491698710648345,1,33.6,0.11499999999999999,0.43124999999999997
132,6,0.472,188,58.0,5,1,0.592,0.1871457379369924,1,58.0,0.1184,0.44399999999999995
132,7,0.472,405,125.0,2,0,,0.5868765700372103,1,112.5,,
132,8,0.472,284,87.7,5,1,0.713,0.29802862212219,1,87.7,0.1426,0.53475
133,1,0.159,178,81.1,2,1,0.344,0.12275590585968679,1,81.1,0.0688,0.258
133,2,0.159,566,257.7,2,0,,0.04703301053738561,1,231.93,,
133,3,0.159,441,200.8,5,0,,0.029531852427909427,1,180.72000000000003,,
133,4,0.159,335,152.5,1,0,,0.27508267873785197,0,137.25,,
133,5,0.159,174,79.2,5,1,0.308,0.11222987986881086,1,79.2,0.0616,0.23099999999999998
133,6,0.159,567,258.2,2,0,,0.1936503881730716,0,232.38,,
133,7,0.159,268,122.0,1,1,0.423,0.1543079421120816,1,122.0,0.08460000000000001,0.31725
133,8,0.159,422,192.2,6,1,0.314,0.20670408272231217,1,172.98,0.06280000000000001,0.2355
134,1,0.06,436,233.7,4,0,,0.06768218910602554,0,210.32999999999998,,
134,2,0.06,542,290.5,3,0,,0.0,1,261.45,,
134,3,0.06,495,265.3,4,0,,0.15962668194471402,1,238.77,,
134,4,0.06,461,247.1,5,0,,0.010624341683868749,1,222.39,,
134,5,0.06,530,284.1,2,0,,0.0,1,255.69000000000003,,
134,6,0.06,530,284.1,7,0,,0.01718848390340874,1,255.69000000000003,,
134,7,0.06,334,179.0,2,1,0.107,0.2100759790634311,1,161.1,0.021400000000000002,0.08025
134,8,0.06,118,63.2,4,1,0.287,0.14502217421134928,1,63.2,0.0574,0.21525
135,1,0.341,128,45.7,5,1,0.48,0.3061347865592141,1,45.7,0.096,0.36
135,2,0.341,333,118.8,6,1,0.447,0.30607422956815716,1,106.92,0.08940000000000001,0.33525
135,3,0.341,271,96.7,3,1,0.423,0.30883649487826176,1,96.7,0.08460000000000001,0.31725
135,4,0.341,229,81.7,8,1,0.415,0.5486747983560841,1,81.7,0.083,0.31124999999999997
135,5,0.341,417,148.8,8,0,,0.37919354522315535,1,133.92000000000002,,
135,6,0.341,494,176.3,4,0,,0.384004164719107,1,158.67000000000002,,
135,7,0.341,203,72.4,1,1,0.471,0.44402834540318425,1,72.4,0.0942,0.35324999999999995
135,8,0.341,257,91.7,2,1,0.406,0.36487891590265137,1,91.7,0.08120000000000001,0.3045
136,1,0.307,565,210.1,3,0,,0.2810957854179297,0,189.09,,
136,2,0.307,312,116.0,5,1,0.549,0.28736501509150214,1,104.4,0.10980000000000001,0.41175000000000006
136,3,0.307,278,103.4,2,1,0.421,0.2998398740585936,1,103.4,0.0842,0.31575
136,4,0.307,507,188.6,4,1,0.34,0.3032777763490158,1,169.74,0.068,0.255
136,5,0.307,525,195.3,4,0,,0.379762954363698,1,175.77,,
136,6,0.307,581,216.1,3,0,,0.31219458858072996,0,194.49,,
136,7,0.307,484,180.0,5,0,,0.38026400772155794,1,162.0,,
136,8,0.307,461,171.5,4,0,,0.29892834198914175,1,154.35,,
137,1,0.279,103,39.7,4,1,0.325,0.28686351903160906,1,39.7,0.065,0.24375000000000002
137,2,0.279,390,150.2,2,1,0.489,0.07917993154678926,1,135.18,0.0978,0.36675
137,3,0.279,531,204.5,5,0,,0.3706327674702482,1,184.05,,
137,4,0.279,252,97.1,9,0,,0.3136488475897993,0,97.1,,
137,5,0.279,562,216.4,6,0,,0.37880101098596525,1,194.76000000000002,,
137,6,0.279,165,63.5,3,1,0.64,0.0,1,63.5,0.128,0.48
137,7,0.279,402,154.8,5,0,,0.4878374704780728,0,139.32000000000002,,
137,8,0.279,286,110.1,1,1,0.407,0.26504103718448263,1,110.1,0.0814,0.30524999999999997
138,1,0.329,353,127.8,5,1,0.385,0.4398182816737517,0,115.02,0.07700000000000001,
138,2,0.329,102,36.9,3,1,0.534,0.22500940728744692,1,36.9,0.1068,0.4005
138,3,0.329,483,174.8,5,0,,0.390277390506257,1,157.32000000000002,,
138,4,0.329,220,79.6,3,1,0.214,0.22365844368263438,1,79.6,0.042800000000000005,0.1605
138,5,0.329,526,190.4,6,0,,0.2666231039304195,1,171.36,,
138,6,0.329,227,82.2,6,1,0.529,0.5204031353866787,1,82.2,0.1058,0.39675000000000005
138,7,0.329,413,149.5,3,0,,0.30993175992366534,1,134.55,,
138,8,0.329,514,186.0,4,0,,0.35074328731797233,1,167.4,,
139,1,0.406,177,58.6,6,1,0.451,0.49300677306887547,1,58.6,0.0902,0.33825
139,2,0.406,588,194.6,7,0,,0.45556818879726046,0,175.14,,
139,3,0.406,566,187.3,3,0,,0.4210418905143577,1,168.57000000000002,,
139,4,0.406,588,194.6,6,0,,0.44249610024662256,1,175.14,,
139,5,0.406,469,155.2,6,0,,0.6463415585238276,1,139.68,,
139,6,0.406,124,41.0,4,1,0.378,0.40023812029664146,1,41.0,0.0756,0.2835
139,7,0.406,243,80.4,7,0,,0.4261099046714968,0,80.4,,
139,8,0.406,149,49.3,9,1,0.395,0.5110654396007612,1,49.3,0.07900000000000001,0.29625
140,1,0.323,132,48.1,8,1,0.373,0.4335525932957984,1,48.1,0.0746,0.27975
140,2,0.323,313,114.0,6,1,0.371,0.44170303055603805,0,102.60000000000001,0.0742,
140,3,0.323,389,141.7,6,1,0.36,0.38687302220291847,1,127.52999999999999,0.072,0.27
140,4,0.323,498,181.4,7,1,0.44,0.20869950872695164,1,163.26000000000002,0.08800000000000001,0.33
140,5,0.323,477,173.8,1,0,,0.4863431532301096,1,156.42000000000002,,
140,6,0.323,176,64.1,7,1,0.676,0.20836546069813122,1,64.1,0.13520000000000001,0.507
140,7,0.323,170,61.9,6,1,0.333,0.35326354652390335,1,61.9,0.0666,0.24975000000000003
140,8,0.323,129,47.0,1,1,0.464,0.2475724149980642,1,47.0,0.09280000000000001,0.34800000000000003
141,1,0.181,476,209.6,1,0,,0.17458616534070073,1,188.64,,
141,2,0.181,356,156.7,4,1,0.383,0.21387624103034802,0,141.03,0.0766,
141,3,0.181,478,210.5,3,0,,0.2131357215450273,1,189.45000000000002,,
141,4,0.181,520,229.0,0,0,,0.22319207542352848,1,206.1,,
141,5,0.181,520,229.0,3,0,,0.3423711269058647,1,206.1,,
141,6,0.181,376,165.6,10,0,,0.22635343015139797,0,149.04,,
141,7,0.181,281,123.7,4,1,0.242,0.15658433647093511,1,123.7,0.0484,0.1815
141,8,0.181,535,235.6,3,0,,0.2774087168288357,1,212.04,,
142,1,0.11,123,60.5,3,1,0.194,0.22894704889246406,1,60.5,0.0388,0.14550000000000002
142,2,0.11,452,222.2,2,0,,0.0,1,199.98,,
142,3,0.11,523,257.1,8,0,,0.16974000698498581,0,231.39000000000001,,
142,4,0.11,230,113.1,1,1,0.306,0.18011727423108984,1,113.1,0.061200000000000004,0.22949999999999998
142,5,0.11,493,242.3,4,0,,0.0802436496640008,0,218.07000000000002,,
142,6,0.11,116,57.0,2,1,0.261,0.24757068133116195,1,57.0,0.0522,0.19575
142,7,0.11,514,252.6,6,0,,0.09499444129674733,0,227.34,,
142,8,0.11,487,239.4,3,0,,0.12255764534715423,0,215.46,,
143,1,0.063,464,247.4,2,0,,0.04569281757161304,1,222.66,,
143,2,0.063,327,174.4,5,1,0.226,0.06455790475814675,1,156.96,0.045200000000000004,0.1695
143,3,0.063,526,280.5,2,0,,0.0,0,252.45000000000002,,
143,4,0.063,540,287.9,1,0,,0.0,1,259.11,,
143,5,0.063,365,194.6,4,1,0.277,0.22245050632249724,0,175.14,0.055400000000000005,
143,6,0.063,244,130.1,3,1,0.199,0.0,1,130.1,0.0398,0.14925
143,7,0.063,475,253.3,2,0,,0.0,0,227.97000000000003,,
143,8,0.063,342,182.4,2,1,0.246,0.0,0,164.16,0.0492,
144,1,0.389,237,79.9,7,1,0.525,0.3251038252310498,1,79.9,0.10500000000000001,0.39375000000000004
144,2,0.389,270,91.1,4,1,0.46,0.2566910206592502,1,91.1,0.09200000000000001,0.34500000000000003
144,3,0.389,239,80.6,7,1,0.471,0.553201516013637,1,80.6,0.0942,0.35324999999999995
144,4,0.389,462,155.8,4,0,,0.4899817089342634,1,140.22000000000003,,
144,5,0.389,503,169.7,7,0,,0.32018496548222763,1,152.73,,
144,6,0.389,212,71.5,0,1,0.542,0.6142435805344308,1,71.5,0.10840000000000001,0.40650000000000003
144,7,0.389,254,85.7,5,1,0.453,0.48717654869915944,1,85.7,0.09060000000000001,0.33975
144,8,0.389,266,89.7,6,1,0.641,0.35651686164913776,1,89.7,0.1282,0.48075
145,1,0.221,342,142.3,4,1,0.369,0.0,0,128.07000000000002,0.0738,
145,2,0.221,587,244.3,6,0,,0.45009425725907415,1,219.87,,
145,3,0.221,515,214.3,1,0,,0.08204275332364039,1,192.87,,
145,4,0.221,367,152.7,2,1,0.52,0.0564601253043108,1,137.43,0.10400000000000001,0.39
145,5,0.221,396,164.8,2,1,0.371,0.32325704320096404,1,148.32000000000002,0.0742,0.27825
145,6,0.221,187,77.8,4,1,0.447,0.46497524063392726,1,77.8,0.08940000000000001,0.33525
145,7,0.221,429,178.5,3,0,,0.3594272818510518,1,160.65,,
145,8,0.221,156,64.9,1,1,0.454,0.27739091200523597,1,64.9,0.0908,0.3405
146,1,0.171,528,236.2,9,0,,0.2304754341665286,1,212.57999999999998,,
146,2,0.171,118,52.8,2,1,0.342,0.25634155587803076,1,52.8,0.0684,0.2565
146,3,0.171,263,117.7,5,1,0.317,0.24689285897867652,1,117.7,0.0634,0.23775000000000002
146,4,0.171,597,267.1,1,0,,0.1991191423969376,0,240.39000000000001,,
146,5,0.171,562,251.4,3,0,,0.18142011039518763,0,226.26000000000002,,
146,6,0.171,306,136.9,2,0,,0.16474068721004778,0,123.21000000000001,,
146,7,0.171,580,259.5,8,0,,0.09560354111333239,1,233.55,,
146,8,0.171,347,155.2,9,1,0.375,0.1429324923133226,1,139.68,0.07500000000000001,0.28125
147,1,0.068,219,115.7,3,1,0.323,0.0,1,115.7,0.0646,0.24225000000000002
147,2,0.068,542,286.5,1,0,,0.05816603732052501,0,257.85,,
147,3,0.068,538,284.3,3,0,,0.0,1,255.87,,
147,4,0.068,300,158.6,3,1,0.277,0.0,1,158.6,0.055400000000000005,0.20775000000000002
147,5,0.068,188,99.4,1,1,0.182,0.08598941511534786,1,99.4,0.0364,0.1365
147,6,0.068,151,79.8,2,1,0.206,0.20720022863445994,1,79.8,0.0412,0.1545
147,7,0.068,309,163.3,1,1,0.257,0.1598316606002313,1,146.97000000000003,0.0514,0.19275
147,8,0.068,162,85.6,5,1,0.288,0.0,1,85.6,0.0576,0.21599999999999997
148,1,0.206,237,100.7,3,1,0.374,0.10703718634296623,1,100.7,0.0748,0.28049999999999997
148,2,0.206,442,187.7,3,1,0.342,0.3000771187988216,1,168.93,0.0684,0.2565
148,3,0.206,275,116.8,5,1,0.43,0.10775126064616902,1,116.8,0.08600000000000001,0.3225
148,4,0.206,269,114.2,7,1,0.357,0.18353668500029752,1,114.2,0.0714,0.26775
148,5,0.206,184,78.1,3,0,,0.2610052099024552,0,78.1,,
148,6,0.206,427,181.3,2,0,,0.10916555451363645,0,163.17000000000002,,
148,7,0.206,312,132.5,3,1,0.395,0.21653755061459598,0,119.25,0.07900000000000001,
148,8,0.206,182,77.3,4,1,0.337,0.07259745050817953,1,77.3,0.0674,0.25275000000000003
149,1,0.359,279,97.5,6,1,0.491,0.2988632356048786,1,97.5,0.09820000000000001,0.36824999999999997
149,2,0.359,457,159.6,3,0,,0.39097819341425366,1,143.64,,
149,3,0.359,257,89.8,4,1,0.584,0.19970062664683305,1,89.8,0.1168,0.43799999999999994
149,4,0.359,292,102.0,7,1,0.375,0.4030474737960399,1,102.0,0.07500000000000001,0.28125
149,5,0.359,597,208.5,4,0,,0.3570362201073319,0,187.65,,
149,6,0.359,351,122.6,5,0,,0.4142489954417148,1,110.34,,
149,7,0.359,238,83.1,7,1,0.547,0.38139141340646615,1,83.1,0.10940000000000001,0.41025
149,8,0.359,402,140.4,4,0,,0.49541404299738445,1,126.36000000000001,,
150,1,0.317,145,53.3,9,1,0.43,0.3295224502647907,1,53.3,0.08600000000000001,0.3225
150,2,0.317,315,115.7,2,1,0.435,0.2740594458874747,0,104.13000000000001,0.08700000000000001,
150,3,0.317,325,119.4,5,0,,0.3292297503032284,0,107.46000000000001,,
150,4,0.317,512,188.0,5,0,,0.3713298029036388,1,169.20000000000002,,
150,5,0.317,432,158.6,5,0,,0.3218860070325704,1,142.74,,
150,6,0.317,412,151.3,6,0,,0.32105916912038823,0,136.17000000000002,,
150,7,0.317,469,172.2,2,1,0.58,0.24680083121932445,0,154.98,0.11599999999999999,
150,8,0.317,324,119.0,2,1,0.494,0.2507099082449052,0,107.10000000000001,0.0988,
151,1,0.137,297,140.0,3,1,0.36,0.0,1,140.0,0.072,0.27
151,2,0.137,367,173.0,5,1,0.278,0.3119576743186939,0,155.70000000000002,0.05560000000000001,
151,3,0.137,130,61.3,2,1,0.388,0.012613676460871498,1,61.3,0.0776,0.29100000000000004
151,4,0.137,588,277.1,2,0,,0.06770948022040928,0,249.39000000000001,,
151,5,0.137,447,210.7,4,0,,0.06515927344308027,0,189.63,,
151,6,0.137,465,219.1,7,0,,0.22649243769444416,1,197.19,,
151,7,0.137,445,209.7,4,0,,0.10750503217079724,0,188.73,,
151,8,0.137,527,248.4,8,0,,0.2617742072673734,1,223.56,,
152,1,0.217,553,231.4,2,0,,0.14965093757561315,1,208.26000000000002,,
152,2,0.217,182,76.1,4,1,0.323,0.2448994162223802,1,76.1,0.0646,0.24225000000000002
152,3,0.217,394,164.8,2,1,0.516,0.13346529467402427,1,148.32000000000002,0.10320000000000001,0.387
152,4,0.217,301,125.9,5,1,0.426,0.43151491277733883,1,113.31,0.0852,0.3195
152,5,0.217,550,230.1,4,0,,0.09824015809704871,1,207.09,,
152,6,0.217,427,178.6,1,0,,0.24798207102270275,0,160.74,,
152,7,0.217,201,84.1,4,1,0.321,0.28037768809320984,1,84.1,0.06420000000000001,0.24075000000000002
152,8,0.217,553,231.4,2,0,,0.2583799097451498,1,208.26000000000002,,
153,1,0.136,261,123.0,4,1,0.445,0.11747123411222918,1,123.0,0.08900000000000001,0.33375
153,2,0.136,427,201.3,7,0,,0.1230179300266574,1,181.17000000000002,,
153,3,0.136,394,185.7,3,1,0.151,0.14038114719791098,0,167.13,0.0302,
153,4,0.136,437,206.0,4,0,,0.12129979983715114,1,185.4,,
153,5,0.136,472,222.5,7,0,,0.23238791167949097,1,200.25,,
153,6,0.136,227,107.0,3,1,0.381,0.35705230015913514,1,107.0,0.0762,0.28575
153,7,0.136,522,246.1,4,0,,0.08025082149921664,1,221.49,,
153,8,0.136,300,141.4,5,1,0.293,0.0,1,141.4,0.0586,0.21975
154,1,0.064,487,259.2,4,0,,0.05517179516487452,0,233.28,,
154,2,0.064,431,229.4,2,0,,0.32197093376543184,0,206.46,,
154,3,0.064,158,84.1,3,1,0.329,0.0,1,84.1,0.06580000000000001,0.24675000000000002
154,4,0.064,130,69.2,4,1,0.23,0.22791168054440675,1,69.2,0.046000000000000006,0.17250000000000001
154,5,0.064,493,262.4,2,0,,0.23177008140764407,0,236.16,,
154,6,0.064,217,115.5,3,1,0.045,0.008641175829200543,1,115.5,0.009,0.03375
154,7,0.064,470,250.1,6,0,,0.12089830791852754,1,225.09,,
154,8,0.064,475,252.8,6,0,,0.22683966231285382,0,227.52,,
155,1,0.579,577,160.5,11,0,,0.5410872259012512,1,144.45000000000002,,
155,2,0.579,542,150.8,10,0,,0.5586419639897637,1,135.72000000000003,,
155,3,0.579,377,104.9,5,1,0.583,0.5208319086051356,1,94.41000000000001,0.1166,0.43724999999999997
155,4,0.579,154,42.8,7,1,0.613,0.4775243269307133,1,42.8,0.1226,0.45975
155,5,0.579,359,99.9,4,1,0.716,0.5140722454933992,1,89.91000000000001,0.1432,0.5369999999999999
155,6,0.579,279,77.6,5,1,0.54,0.4566059733237743,1,77.6,0.10800000000000001,0.405
155,7,0.579,192,53.4,4,1,0.676,0.5824083468259226,1,53.4,0.13520000000000001,0.507
155,8,0.579,291,80.9,4,1,0.83,0.5020026768941358,1,80.9,0.166,0.6224999999999999
156,1,0.167,384,172.6,4,0,,0.1903785911790748,1,155.34,,
156,2,0.167,463,208.1,7,1,0.364,0.011410435379637263,1,187.29,0.0728,0.273
156,3,0.167,563,253.1,9,0,,0.20008802322144573,1,227.79,,
156,4,0.167,410,184.3,2,1,0.161,0.2503528961608925,1,165.87,0.0322,0.12075
156,5,0.167,304,136.7,1,1,0.121,0.0,1,123.02999999999999,0.0242,0.09075
156,6,0.167,120,53.9,7,1,0.466,0.2044056569847572,1,53.9,0.0932,0.34950000000000003
156,7,0.167,314,141.1,7,0,,0.28976689924732923,0,126.99,,
156,8,0.167,573,257.6,4,0,,0.046035898130879466,1,231.84000000000003,,
157,1,0.486,418,127.2,7,0,,0.6532572386837703,1,114.48,,
157,2,0.486,127,38.7,5,1,0.533,0.5279019009366045,1,38.7,0.10660000000000001,0.39975000000000005
157,3,0.486,379,115.3,6,1,0.617,0.4154988144241591,1,103.77,0.12340000000000001,0.46275
157,4,0.486,532,161.9,5,0,,0.4804230922342294,1,145.71,,
157,5,0.486,174,53.0,6,1,0.599,0.5418326912521723,1,53.0,0.1198,0.44925
157,6,0.486,292,88.9,6,1,0.712,0.49360053914124113,1,88.9,0.1424,0.534
157,7,0.486,363,110.5,2,0,,0.5398755992446369,1,99.45,,
157,8,0.486,410,124.8,1,0,,0.39393264069206335,1,112.32,,
158,1,0.223,185,76.7,3,1,0.422,0.2399360824036078,1,76.7,0.0844,0.3165
158,2,0.223,489,202.9,6,0,,0.08162855030950197,0,182.61,,
158,3,0.223,291,120.7,1,1,0.487,0.21187739386512996,1,120.7,0.0974,0.36524999999999996
158,4,0.223,191,79.2,2,1,0.194,0.13260923585352102,1,79.2,0.0388,0.14550000000000002
158,5,0.223,532,220.7,3,0,,0.14944700574102335,1,198.63,,
158,6,0.223,593,246.0,3,0,,0.34660931752104374,1,221.4,,
158,7,0.223,520,215.7,7,0,,0.3321310120594269,0,194.13,,
158,8,0.223,466,193.3,4,0,,0.2839138120907177,1,173.97000000000003,,
159,1,0.373,370,127.1,7,0,,0.2637687235327421,1,114.39,,
159,2,0.373,573,196.8,4,0,,0.34135915503051983,1,177.12,,
159,3,0.373,517,177.6,6,0,,0.4943097699979183,1,159.84,,
159,4,0.373,312,107.2,3,1,0.582,0.3871716913639905,0,96.48,0.1164,
159,5,0.373,134,46.0,8,1,0.364,0.6049329539981694,1,46.0,0.0728,0.273
159,6,0.373,174,59.8,11,1,0.501,0.4123317839394372,1,59.8,0.10020000000000001,0.37575000000000003
159,7,0.373,530,182.0,7,0,,0.3922049116490032,0,163.8,,
159,8,0.373,454,155.9,1,1,0.351,0.34208835357974987,1,140.31,0.0702,0.26325
160,1,0.387,149,50.4,7,1,0.544,0.40035409047822823,1,50.4,0.10880000000000001,0.40800000000000003
160,2,0.387,323,109.3,4,1,0.66,0.37175301636194563,0,98.37,0.132,
160,3,0.387,522,176.6,3,0,,0.45781086766885903,1,158.94,,
160,4,0.387,223,75.5,3,1,0.723,0.48267023167945844,1,75.5,0.1446,0.54225
160,5,0.387,167,56.5,1,1,0.576,0.30840105394920503,1,56.5,0.1152,0.43199999999999994
160,6,0.387,263,89.0,4,1,0.624,0.2538767046442222,1,89.0,0.12480000000000001,0.46799999999999997
160,7,0.387,253,85.6,4,1,0.521,0.20337946268967033,1,85.6,0.10420000000000001,0.39075000000000004
160,8,0.387,480,162.4,7,0,,0.43779913269125437,1,146.16,,
161,1,0.291,474,179.8,4,0,,0.18066333938261261,0,161.82000000000002,,
161,2,0.291,141,53.5,9,1,0.419,0.07571094070475168,1,53.5,0.0838,0.31425
161,3,0.291,279,105.8,2,1,0.478,0.3298578604530964,1,105.8,0.0956,0.3585
161,4,0.291,280,106.2,6,1,0.345,0.540299951743279,1,106.2,0.06899999999999999,0.25875
161,5,0.291,369,139.9,2,1,0.386,0.29039290884601066,1,125.91000000000001,0.0772,0.2895
161,6,0.291,582,220.7,6,0,,0.37484907744516416,1,198.63,,
161,7,0.291,248,94.1,13,1,0.454,0.29918293585475647,1,94.1,0.0908,0.3405
161,8,0.291,273,103.5,7,1,0.448,0.2811110346808857,1,103.5,0.08960000000000001,0.336
162,1,0.358,339,118.5,5,1,0.521,0.44990764829877683,1,106.65,0.10420000000000001,0.39075000000000004
162,2,0.358,534,186.6,2,0,,0.32897254558113487,1,167.94,,
162,3,0.358,212,74.1,3,1,0.453,0.3847392314071903,1,74.1,0.09060000000000001,0.33975
162,4,0.358,490,171.2,5,0,,0.39016978061960134,1,154.07999999999998,,
162,5,0.358,105,36.7,3,1,0.508,0.2911909546356951,1,36.7,0.10160000000000001,0.381
162,6,0.358,137,47.9,1,1,0.443,0.45720423495365226,1,47.9,0.08860000000000001,0.33225
162,7,0.358,347,121.3,1,0,,0.3405040243304591,1,109.17,,
162,8,0.358,246,86.0,1,1,0.553,0.2824254840507155,1,86.0,0.11060000000000002,0.41475000000000006
163,1,0.369,451,155.7,7,0,,0.42265098435704035,1,140.13,,
163,2,0.369,484,167.1,2,0,,0.27915320182089626,1,150.39,,
163,3,0.369,337,116.4,6,1,0.518,0.3718181157369128,0,104.76,0.10360000000000001,
163,4,0.369,502,173.3,5,0,,0.36808810033557965,0,155.97000000000003,,
163,5,0.369,302,104.3,4,1,0.296,0.4775895565831578,1,93.87,0.0592,0.22199999999999998
163,6,0.369,395,136.4,8,0,,0.41646982328799526,0,122.76,,
163,7,0.369,429,148.1,5,0,,0.3664973041254856,1,133.29,,
163,8,0.369,234,80.8,6,1,0.52,0.4507766299200287,1,80.8,0.10400000000000001,0.39
164,1,0.434,149,47.9,5,1,0.57,0.5730207549017313,1,47.9,0.11399999999999999,0.4275
164,2,0.434,597,191.8,6,0,,0.48978103063518624,1,172.62,,
164,3,0.434,383,123.0,7,1,0.489,0.43503526198433806,1,110.7,0.0978,0.36675
164,4,0.434,542,174.1,6,0,,0.3028163767649841,1,156.69,,
164,5,0.434,594,190.8,5,0,,0.3274886336924627,1,171.72000000000003,,
164,6,0.434,399,128.2,7,0,,0.40347752956453325,1,115.38,,
164,7,0.434,137,44.0,6,1,0.526,0.3730487797840717,1,44.0,0.10520000000000002,0.3945
164,8,0.434,218,70.0,7,1,0.47,0.4153028697014554,1,70.0,0.094,0.3525
165,1,0.059,572,306.8,4,0,,0.06466499248971072,0,276.12,,
165,2,0.059,336,180.2,8,1,0.189,0.11196927543567309,1,162.18,0.0378,0.14175
165,3,0.059,188,100.8,2,1,0.159,0.05195012219409088,1,100.8,0.0318,0.11925
165,4,0.059,255,136.8,1,1,0.259,0.10765016438262019,1,136.8,0.051800000000000006,0.19425
165,5,0.059,327,175.4,2,0,,0.06544744148101202,0,157.86,,
165,6,0.059,169,90.6,3,1,0.366,0.0,1,90.6,0.0732,0.27449999999999997
165,7,0.059,569,305.2,4,0,,0.0,1,274.68,,
165,8,0.059,209,112.1,1,1,0.363,0.04459124442783845,1,112.1,0.0726,0.27225
166,1,0.154,355,162.9,3,0,,0.03303052571588924,0,146.61,,
166,2,0.154,562,257.9,1,0,,0.21399287299962044,0,232.10999999999999,,
166,3,0.154,320,146.8,4,1,0.46,0.3070750832343697,1,132.12,0.09200000000000001,0.34500000000000003
166,4,0.154,362,166.1,2,1,0.234,0.27587618516973167,1,149.49,0.04680000000000001,0.17550000000000002
166,5,0.154,160,73.4,3,1,0.277,0.1326557129069792,1,73.4,0.055400000000000005,0.20775000000000002
166,6,0.154,443,203.3,7,0,,0.3030726136849952,1,182.97000000000003,,
166,7,0.154,409,187.7,3,1,0.259,0.16886674572021115,0,168.93,0.051800000000000006,
166,8,0.154,497,228.1,3,0,,0.12029140288819606,1,205.29,,
167,1,0.691,100,25.2,5,1,0.769,0.629659733645906,1,25.2,0.15380000000000002,0.57675
167,2,0.691,469,118.1,9,0,,0.6607530313511871,1,106.28999999999999,,
167,3,0.691,518,130.5,10,0,,0.652182318145877,1,117.45,,
167,4,0.691,457,115.1,6,0,,0.7080416222375487,1,103.59,,
167,5,0.691,457,115.1,5,0,,0.7070573981049864,1,103.59,,
167,6,0.691,148,37.3,5,1,0.68,0.6913046020153414,1,37.3,0.136,0.51
167,7,0.691,437,110.1,5,1,0.83,0.734693816974635,1,99.09,0.166,0.6224999999999999
167,8,0.691,377,95.0,6,1,0.907,0.8100646274786341,1,28.5,0.1814,0.68025
168,1,0.049,153,83.6,4,1,0.336,0.14395541354413238,1,83.6,0.06720000000000001,0.252
168,2,0.049,365,199.4,2,1,0.318,0.0,1,179.46,0.0636,0.2385
168,3,0.049,275,150.2,2,1,0.317,0.0,1,150.2,0.0634,0.23775000000000002
168,4,0.049,521,284.6,3,0,,0.14243199112392738,1,256.14000000000004,,
168,5,0.049,382,208.6,3,0,,0.0,0,187.74,,
168,6,0.049,470,256.7,2,0,,0.026523459810731648,1,231.03,,
168,7,0.049,358,195.5,2,1,0.276,0.0,0,175.95000000000002,0.055200000000000006,
168,8,0.049,215,117.4,0,1,0.493,0.0,1,117.4,0.09860000000000001,0.36975
169,1,0.186,307,134.3,7,1,0.29,0.2401462728204788,1,120.87000000000002,0.057999999999999996,0.21749999999999997
169,2,0.186,519,227.0,6,0,,0.2619155160302647,1,204.3,,
169,3,0.186,194,84.9,5,1,0.358,0.12834895992732806,1,84.9,0.0716,0.26849999999999996
169,4,0.186,126,55.1,2,1,0.477,0.0,1,55.1,0.0954,0.35775
169,5,0.186,491,214.7,5,1,0.332,0.13137555517475172,0,193.23,0.0664,
169,6,0.186,409,178.9,8,1,0.396,0.22518040054025465,0,161.01000000000002,0.0792,
169,7,0.186,570,249.3,3,0,,0.03810884312258711,0,224.37,,
169,8,0.186,149,65.2,4,1,0.374,0.20433599197791558,1,65.2,0.0748,0.28049999999999997
170,1,0.272,435,169.1,6,1,0.505,0.27046901508270044,1,152.19,0.101,0.37875000000000003
170,2,0.272,470,182.7,5,1,0.386,0.32992914996010886,1,164.43,0.0772,0.2895
170,3,0.272,474,184.3,4,1,0.57,0.28395803684141535,1,165.87,0.11399999999999999,0.4275
170,4,0.272,532,206.9,5,0,,0.17469310591184445,1,186.21,,
170,5,0.272,443,172.2,3,0,,0.39165715016644914,0,154.98,,
170,6,0.272,519,201.8,4,0,,0.25614704269730304,1,181.62,,
170,7,0.272,586,227.8,9,1,0.494,0.2692695460490068,0,205.02,0.0988,
170,8,0.272,350,136.1,1,1,0.669,0.1786732040926804,1,122.49,0.1338,0.50175
171,1,0.322,580,211.7,4,0,,0.277671774880849,0,190.53,,
171,2,0.322,123,44.9,6,1,0.594,0.2335197285973099,1,44.9,0.1188,0.4455
171,3,0.322,207,75.6,5,1,0.231,0.3047053940076577,1,75.6,0.046200000000000005,0.17325000000000002
171,4,0.322,235,85.8,7,1,0.652,0.4931708480142344,1,85.8,0.13040000000000002,0.489
171,5,0.322,369,134.7,5,1,0.485,0.18480988570686438,1,121.22999999999999,0.097,0.36375
171,6,0.322,224,81.8,4,1,0.566,0.16064386021232588,1,81.8,0.1132,0.4245
171,7,0.322,461,168.3,3,1,0.392,0.4691170327493609,1,151.47000000000003,0.07840000000000001,0.29400000000000004
171,8,0.322,103,37.6,2,1,0.382,0.30106763228481337,1,37.6,0.07640000000000001,0.2865
172,1,0.482,255,77.9,8,1,0.545,0.4150927261340083,1,77.9,0.10900000000000001,0.40875000000000006
172,2,0.482,318,97.1,3,1,0.671,0.5859904687396076,0,87.39,0.1342,
172,3,0.482,576,176.0,2,0,,0.4214384460263136,1,158.4,,
172,4,0.482,470,143.6,5,1,0.561,0.6646009713546936,1,129.24,0.11220000000000002,0.42075000000000007
172,5,0.482,516,157.6,3,1,0.564,0.5497925871339269,0,141.84,0.1128,
172,6,0.482,319,97.4,4,1,0.654,0.43320885918542973,1,87.66000000000001,0.1308,0.49050000000000005
172,7,0.482,479,146.3,5,0,,0.6977308213265503,1,131.67000000000002,,
172,8,0.482,141,43.1,8,1,0.374,0.4214285076996661,1,43.1,0.0748,0.28049999999999997
173,1,0.32,482,176.4,5,0,,0.3942095372009307,1,158.76000000000002,,
173,2,0.32,193,70.6,2,1,0.553,0.3499292580406492,1,70.6,0.11060000000000002,0.41475000000000006
173,3,0.32,230,84.2,6,1,0.542,0.45017412893987985,1,84.2,0.10840000000000001,0.40650000000000003
173,4,0.32,334,122.2,2,1,0.478,0.4761511196726853,1,109.98,0.0956,0.3585
173,5,0.32,160,58.6,4,1,0.312,0.3232004149065767,1,58.6,0.062400000000000004,0.23399999999999999
173,6,0.32,203,74.3,7,1,0.432,0.24465821296538165,1,74.3,0.0864,0.324
173,7,0.32,575,210.4,5,0,,0.36599721429391163,1,189.36,,
173,8,0.32,448,164.0,3,0,,0.2522284630247894,1,147.6,,
174,1,0.492,286,86.5,6,1,0.698,0.6933387247526623,1,86.5,0.1396,0.5235
174,2,0.492,568,171.8,3,0,,0.5056535331082738,1,154.62,,
174,3,0.492,132,39.9,9,1,0.683,0.4554678448687891,1,39.9,0.13660000000000003,0.5122500000000001
174,4,0.492,200,60.5,2,1,0.622,0.5104680305864908,1,60.5,0.12440000000000001,0.4665
174,5,0.492,397,120.1,5,1,0.779,0.35728737104703034,1,108.09,0.15580000000000002,0.58425
174,6,0.492,565,170.9,9,0,,0.39483859614893485,1,153.81,,
174,7,0.492,399,120.7,4,1,0.578,0.6120413907944425,1,108.63000000000001,0.1156,0.4335
174,8,0.492,465,140.7,3,0,,0.4263105721028604,1,126.63,,
175,1,0.184,391,171.4,5,1,0.421,0.07930890173180603,1,154.26000000000002,0.0842,0.31575
175,2,0.184,331,145.1,7,1,0.249,0.23766527525272862,0,130.59,0.049800000000000004,
175,3,0.184,450,197.3,3,0,,0.3025704154662997,1,177.57000000000002,,
175,4,0.184,517,226.7,4,0,,0.2558953310665067,1,204.03,,
175,5,0.184,364,159.6,3,1,0.367,0.28360476858058165,0,143.64,0.0734,
175,6,0.184,594,260.5,2,0,,0.10832049114305392,0,234.45000000000002,,
175,7,0.184,155,68.0,3,1,0.389,0.04181893332581563,1,68.0,0.07780000000000001,0.29175
175,8,0.184,238,104.4,5,1,0.204,0.3341333651955487,1,104.4,0.0408,0.153
176,1,0.029,541,306.6,2,1,0.443,0.0,1,275.94000000000005,0.08860000000000001,0.33225
176,2,0.029,169,95.8,3,1,0.177,0.003916698354495266,1,95.8,0.0354,0.13274999999999998
176,3,0.029,224,126.9,1,1,0.325,0.1618194141849058,1,126.9,0.065,0.24375000000000002
176,4,0.029,231,130.9,4,1,0.185,0.084623000940066,1,130.9,0.037,0.13874999999999998
176,5,0.029,427,242.0,4,0,,0.07458877720816076,0,217.8,,
176,6,0.029,588,333.2,4,1,0.286,0.2455002344901084,0,299.88,0.0572,
176,7,0.029,442,250.5,5,0,,0.0,0,225.45000000000002,,
176,8,0.029,123,69.7,2,1,0.126,0.12178401280812372,1,69.7,0.0252,0.0945
177,1,0.438,169,54.0,7,1,0.648,0.44370131248970845,1,54.0,0.12960000000000002,0.486
177,2,0.438,392,125.3,5,1,0.465,0.4648592278863257,1,112.77,0.09300000000000001,0.34875
177,3,0.438,552,176.5,2,0,,0.5908468426412532,1,158.85,,
177,4,0.438,267,85.4,3,1,0.532,0.48878357562896235,1,85.4,0.10640000000000001,0.399
177,5,0.438,116,37.1,4,1,0.502,0.49182960790496333,1,37.1,0.1004,0.3765
177,6,0.438,323,103.3,6,1,0.654,0.5452507337309802,1,92.97,0.1308,0.49050000000000005
177,7,0.438,203,64.9,12,1,0.631,0.4015047270457115,1,64.9,0.1262,0.47325
177,8,0.438,364,116.4,7,1,0.43,0.35407903326609935,1,104.76,0.08600000000000001,0.3225
178,1,0.22,314,130.8,7,1,0.344,0.11551908059789665,0,117.72000000000001,0.0688,
178,2,0.22,351,146.2,7,0,,0.023364341062399818,1,131.57999999999998,,
178,3,0.22,505,210.4,1,0,,0.42562071299403226,0,189.36,,
178,4,0.22,583,242.8,6,1,0.376,0.10967916342783168,1,218.52,0.0752,0.28200000000000003
178,5,0.22,420,175.0,6,1,0.555,0.1978746376414228,0,157.5,0.11100000000000002,
178,6,0.22,579,241.2,0,0,,0.19231867001110792,1,217.07999999999998,,
178,7,0.22,251,104.6,4,1,0.287,0.2507406697809101,1,104.6,0.0574,0.21525
178,8,0.22,543,226.2,3,0,,0.30157372125392967,1,203.57999999999998,,
179,1,0.127,452,216.2,3,0,,0.21304734883597454,0,194.57999999999998,,
179,2,0.127,534,255.4,2,0,,0.06869225614310615,1,229.86,,
179,3,0.127,324,155.0,4,1,0.309,0.11028782862135886,1,139.5,0.0618,0.23175
179,4,0.127,279,133.4,1,1,0.191,0.15525799504882998,1,133.4,0.038200000000000005,0.14325
179,5,0.127,428,204.7,4,1,0.351,0.10213088738164529,0,184.23,0.0702,
179,6,0.127,154,73.7,7,1,0.276,0.2877345576019993,1,73.7,0.055200000000000006,0.20700000000000002
179,7,0.127,283,135.3,2,1,0.142,0.17609749516382514,1,135.3,0.028399999999999998,0.10649999999999998
179,8,0.127,533,254.9,6,0,,0.20048777860498174,1,229.41,,
180,1,0.562,309,87.3,3,1,0.786,0.6282881268667413,1,78.57,0.1572,0.5895
180,2,0.562,356,100.5,8,1,0.496,0.6793473857485326,1,90.45,0.09920000000000001,0.372
180,3,0.562,183,51.7,4,1,0.493,0.5801021558703707,1,51.7,0.09860000000000001,0.36975
180,4,0.562,151,42.6,4,1,0.764,0.4323168052044154,1,42.6,0.15280000000000002,0.573
180,5,0.562,215,60.7,5,1,0.729,0.6019687951752642,1,60.7,0.1458,0.54675
180,6,0.562,555,156.7,5,0,,0.49686431062081715,1,141.03,,
180,7,0.562,187,52.8,1,1,0.743,0.5091383318250243,1,52.8,0.1486,0.55725
180,8,0.562,338,95.5,4,1,0.668,0.6206364018755094,0,85.95,0.13360000000000002,
181,1,0.135,147,69.4,3,1,0.359,0.2588283071433636,1,69.4,0.0718,0.26925
181,2,0.135,571,269.7,2,0,,0.13712715767360617,1,242.73,,
181,3,0.135,412,194.6,3,0,,0.1658833012598964,0,175.14,,
181,4,0.135,216,102.0,3,1,0.321,0.3052214944635238,1,102.0,0.06420000000000001,0.24075000000000002
181,5,0.135,591,279.1,2,0,,0.15907531794885685,0,251.19000000000003,,
181,6,0.135,274,129.4,6,1,0.362,0.3951683114180395,1,129.4,0.0724,0.27149999999999996
181,7,0.135,170,80.3,7,1,0.354,0.19155096456315443,1,80.3,0.0708,0.26549999999999996
181,8,0.135,390,184.2,4,0,,0.0,0,165.78,,
182,1,0.189,330,143.6,3,0,,0.26433416211045324,0,129.24,,
182,2,0.189,119,51.8,3,1,0.314,0.22711583848827777,1,51.8,0.06280000000000001,0.2355
182,3,0.189,540,235.0,4,1,0.243,0.3179752754082745,0,211.5,0.048600000000000004,
182,4,0.189,249,108.4,2,1,0.232,0.25631813512699586,1,108.4,0.046400000000000004,0.17400000000000002
182,5,0.189,341,148.4,5,0,,0.17515440160162263,1,133.56,,
182,6,0.189,233,101.4,2,1,0.335,0.06657017637106342,1,101.4,0.067,0.25125000000000003
182,7,0.189,554,241.1,2,0,,0.16809767427139746,0,216.99,,
182,8,0.189,237,103.2,2,1,0.465,0.10394795457906998,1,103.2,0.09300000000000001,0.34875
183,1,0.279,578,222.6,6,0,,0.22094765501952776,1,200.34,,
183,2,0.279,502,193.4,2,1,0.403,0.337857840442061,1,174.06,0.0806,0.30225
183,3,0.279,425,163.7,6,0,,0.44599045043514063,0,147.32999999999998,,
183,4,0.279,521,200.7,4,0,,0.3184671529822981,1,180.63,,
183,5,0.279,575,221.5,3,0,,0.15941169379648157,0,199.35,,
183,6,0.279,470,181.0,3,0,,0.3234602668220141,1,162.9,,
183,7,0.279,137,52.8,4,1,0.458,0.39866314866456515,1,52.8,0.09160000000000001,0.3435
183,8,0.279,196,75.5,5,1,0.176,0.2180217095680618,1,75.5,0.0352,0.132
184,1,0.258,508,200.9,5,1,0.401,0.24459828333270825,0,180.81,0.08020000000000001,
184,2,0.258,318,125.8,5,1,0.38,0.2594688194729197,0,113.22,0.07600000000000001,
184,3,0.258,550,217.5,4,0,,0.179510168691776,1,195.75,,
184,4,0.258,229,90.6,10,1,0.426,0.3228280433843859,1,90.6,0.0852,0.3195
184,5,0.258,163,64.5,3,1,0.532,0.24590518513922185,1,64.5,0.10640000000000001,0.399
184,6,0.258,247,97.7,4,1,0.298,0.2999532443907028,1,97.7,0.0596,0.22349999999999998
184,7,0.258,476,188.3,3,0,,0.16925078221979,1,169.47000000000003,,
184,8,0.258,199,78.7,3,1,0.35,0.21425416996765895,1,78.7,0.06999999999999999,0.26249999999999996
185,1,0.171,559,249.8,6,0,,0.24323813578277714,1,224.82000000000002,,
185,2,0.171,118,52.7,2,1,0.237,0.13371668479082333,1,52.7,0.0474,0.17775
185,3,0.171,162,72.4,6,1,0.189,0.34369638512334055,1,72.4,0.0378,0.14175
185,4,0.171,183,81.8,1,1,0.647,0.13103638143853977,1,81.8,0.12940000000000002,0.48525
185,5,0.171,498,222.5,4,1,0.34,0.19346847257518862,0,200.25,0.068,
185,6,0.171,188,84.0,4,1,0.214,0.264259083187309,1,84.0,0.042800000000000005,0.1605
185,7,0.171,429,191.7,2,0,,0.029163426706696832,1,172.53,,
185,8,0.171,546,244.0,2,0,,0.0,1,219.6,,
186,1,0.39,337,113.6,7,1,0.557,0.23743436854299052,1,102.24,0.11140000000000001,0.41775000000000007
186,2,0.39,206,69.4,8,1,0.512,0.5162584103427182,1,69.4,0.1024,0.384
186,3,0.39,351,118.3,5,1,0.432,0.33481418541075536,0,106.47,0.0864,
186,4,0.39,147,49.5,4,1,0.698,0.6458199285668252,1,49.5,0.1396,0.5235
186,5,0.39,436,146.9,6,0,,0.33357524013426115,1,132.21,,
186,6,0.39,215,72.4,4,1,0.55,0.4084551303197037,1,72.4,0.11000000000000001,0.41250000000000003
186,7,0.39,211,71.1,7,1,0.543,0.5442109952567876,1,71.1,0.10860000000000002,0.40725
186,8,0.39,242,81.5,3,1,0.47,0.5906092888159123,1,81.5,0.094,0.3525
187,1,0.139,231,108.5,2,1,0.421,0.3451503576636398,1,108.5,0.0842,0.31575
187,2,0.139,216,101.4,8,1,0.224,0.25983662305931426,1,101.4,0.044800000000000006,0.168
187,3,0.139,340,159.7,5,1,0.237,0.24140625258114626,1,143.73,0.0474,0.17775
187,4,0.139,316,148.4,3,1,0.283,0.19825269492011832,1,133.56,0.0566,0.21225
187,5,0.139,446,209.4,2,1,0.358,0.21683610761666378,1,188.46,0.0716,0.26849999999999996
187,6,0.139,306,143.7,4,1,0.147,0.08388142836714667,1,129.32999999999998,0.0294,0.11024999999999999
187,7,0.139,146,68.6,6,1,0.422,0.05718011165776929,1,68.6,0.0844,0.3165
187,8,0.139,195,91.6,0,1,0.252,0.1386625542589048,1,91.6,0.0504,0.189
188,1,0.466,311,96.6,7,1,0.678,0.44898153774750715,1,86.94,0.13560000000000003,0.5085000000000001
188,2,0.466,448,139.1,5,1,0.564,0.4206771950672725,0,125.19,0.1128,
188,3,0.466,174,54.0,5,1,0.668,0.5356387447456715,1,54.0,0.13360000000000002,0.501
188,4,0.466,181,56.2,3,1,0.565,0.5615305208570511,1,56.2,0.11299999999999999,0.42374999999999996
188,5,0.466,485,150.6,5,0,,0.47484068862918477,0,135.54,,
188,6,0.466,229,71.1,4,1,0.554,0.6137530081055262,1,71.1,0.11080000000000001,0.41550000000000004
188,7,0.466,211,65.5,12,1,0.557,0.3518310885866495,1,65.5,0.11140000000000001,0.41775000000000007
188,8,0.466,487,151.3,9,0,,0.4466340540720282,1,136.17000000000002,,
189,1,0.616,259,69.6,5,1,0.662,0.5443177679397195,1,69.6,0.13240000000000002,0.49650000000000005
189,2,0.616,223,60.0,3,1,0.73,0.429346338292694,1,60.0,0.146,0.5475
189,3,0.616,234,62.9,5,1,0.735,0.6077319314157301,1,62.9,0.147,0.55125
189,4,0.616,237,63.7,10,1,0.79,0.6038252491616717,1,63.7,0.15800000000000003,0.5925
189,5,0.616,407,109.4,8,0,,0.7673449743242131,1,98.46000000000001,,
189,6,0.616,510,137.1,3,0,,0.6790811684554777,1,123.39,,
189,7,0.616,363,97.6,9,1,0.869,0.5135813175670795,1,87.84,0.1738,0.65175
189,8,0.616,320,86.0,5,1,0.728,0.8014092566334188,1,25.8,0.1456,0.546
190,1,0.307,452,168.0,2,0,,0.4291033695525353,1,151.20000000000002,,
190,2,0.307,363,134.9,2,1,0.44,0.3652097703468616,1,121.41000000000001,0.08800000000000001,0.33
190,3,0.307,188,69.9,4,1,0.361,0.2843515901150168,1,69.9,0.0722,0.27075
190,4,0.307,301,111.8,9,1,0.39,0.211056076327652,0,100.62,0.07800000000000001,
190,5,0.307,576,214.0,3,0,,0.2697793223928947,0,192.6,,
190,6,0.307,557,207.0,7,0,,0.4158748619704186,1,186.3,,
190,7,0.307,191,71.0,7,1,0.405,0.4954586305934609,1,71.0,0.08100000000000002,0.30375
190,8,0.307,208,77.3,4,1,0.523,0.4613243528272189,1,77.3,0.10460000000000001,0.39225
191,1,0.312,567,209.6,0,0,,0.26311505782137257,1,188.64,,
191,2,0.312,309,114.2,4,1,0.503,0.20003825667109887,0,102.78,0.10060000000000001,
191,3,0.312,134,49.5,4,1,0.347,0.3260886246911204,1,49.5,0.0694,0.26025
191,4,0.312,110,40.7,5,0,,0.13515606344371484,0,40.7,,
191,5,0.312,580,214.4,2,1,0.567,0.34431677141847816,0,192.96,0.1134,
191,6,0.312,345,127.5,8,1,0.141,0.29723974137013315,1,114.75,0.0282,0.10574999999999998
191,7,0.312,594,219.5,4,0,,0.2653963498131758,1,197.55,,
191,8,0.312,177,65.4,10,1,0.489,0.15252969327332044,1,65.4,0.0978,0.36675
192,1,0.135,452,213.6,7,0,,0.18636001065697166,1,192.24,,
192,2,0.135,150,70.9,3,1,0.368,0.08172991603380886,1,70.9,0.0736,0.276
192,3,0.135,222,104.9,2,1,0.222,0.018008316428971202,1,104.9,0.0444,0.1665
192,4,0.135,177,83.7,3,1,0.124,0.0,1,83.7,0.024800000000000003,0.093
192,5,0.135,518,244.8,5,0,,0.13224850949493638,1,220.32000000000002,,
192,6,0.135,308,145.6,3,1,0.181,0.3122251596669744,1,131.04,0.0362,0.13574999999999998
192,7,0.135,455,215.1,3,0,,0.301125921454787,0,193.59,,
192,8,0.135,129,61.0,5,1,0.489,0.08929037434137282,1,61.0,0.0978,0.36675
193,1,0.724,206,50.5,2,1,0.914,0.6637787939638219,1,50.5,0.18280000000000002,0.6855
193,2,0.724,313,76.7,6,1,0.84,0.7708774256075024,1,69.03,0.168,0.63
193,3,0.724,517,126.7,5,0,,0.6241614560811708,1,114.03,,
193,4,0.724,268,65.7,10,1,0.832,0.7541791899819466,1,65.7,0.1664,0.624
193,5,0.724,499,122.3,8,0,,0.8006080278384691,1,36.69,,
193,6,0.724,460,112.8,5,0,,0.8466933223884308,1,33.839999999999996,,
193,7,0.724,362,88.7,13,1,0.842,0.7139845923520047,1,79.83,0.1684,0.6315
193,8,0.724,106,26.0,8,1,0.616,0.7036326249823034,1,26.0,0.1232,0.46199999999999997
194,1,0.119,286,138.6,1,1,0.318,0.03120174132434389,1,138.6,0.0636,0.2385
194,2,0.119,155,75.1,3,1,0.433,0.03631196459601399,1,75.1,0.08660000000000001,0.32475
194,3,0.119,456,221.0,3,0,,0.09635211080984732,0,198.9,,
194,4,0.119,461,223.4,0,0,,0.1557365506816178,1,201.06,,
194,5,0.119,504,244.2,5,0,,0.21035846262332494,1,219.78,,
194,6,0.119,292,141.5,4,1,0.398,0.0386821049319655,1,141.5,0.0796,0.2985
194,7,0.119,456,221.0,4,0,,0.26826885689595215,0,198.9,,
194,8,0.119,397,192.4,1,1,0.287,0.09188763989574311,1,173.16,0.0574,0.21525
195,1,0.285,448,171.1,4,1,0.314,0.28286327056515637,1,153.99,0.06280000000000001,0.2355
195,2,0.285,389,148.6,2,1,0.518,0.21027883208521764,1,133.74,0.10360000000000001,0.3885
195,3,0.285,511,195.2,6,0,,0.042575973972705794,1,175.68,,
195,4,0.285,579,221.2,3,0,,0.373404539636105,0,199.07999999999998,,
195,5,0.285,342,130.6,6,0,,0.3586843897092433,1,117.53999999999999,,
195,6,0.285,453,173.0,5,0,,0.25686724428817864,1,155.70000000000002,,
195,7,0.285,463,176.9,4,0,,0.29169907172248716,1,159.21,,
195,8,0.285,536,204.7,5,0,,0.3365939217704099,1,184.23,,
196,1,0.514,324,95.8,4,1,0.437,0.35774541431134577,1,86.22,0.0874,0.32775
196,2,0.514,189,55.9,1,1,0.648,0.4610947322653705,1,55.9,0.12960000000000002,0.486
196,3,0.514,491,145.2,11,0,,0.5934264679621828,1,130.68,,
196,4,0.514,123,36.4,4,1,0.598,0.3885710576830751,1,36.4,0.1196,0.4485
196,5,0.514,544,160.9,5,0,,0.5433557932166629,0,144.81,,
196,6,0.514,362,107.1,3,0,,0.3783418195376595,0,96.39,,
196,7,0.514,493,145.8,5,0,,0.5606429982433526,1,131.22000000000003,,
196,8,0.514,448,132.5,6,0,,0.5104358517702516,1,119.25,,
197,1,0.156,281,128.4,3,1,0.382,0.0,1,128.4,0.07640000000000001,0.2865
197,2,0.156,159,72.7,1,1,0.569,0.27247393544571713,1,72.7,0.1138,0.42674999999999996
197,3,0.156,334,152.6,7,1,0.278,0.08254084232019508,1,137.34,0.05560000000000001,0.20850000000000002
197,4,0.156,111,50.7,2,1,0.334,0.0749747562985619,1,50.7,0.06680000000000001,0.2505
197,5,0.156,129,58.9,3,1,0.246,0.17605691972309429,1,58.9,0.0492,0.1845
197,6,0.156,369,168.6,4,1,0.375,0.2708637349428715,0,151.74,0.07500000000000001,
197,7,0.156,568,259.6,6,0,,0.0544178181021603,1,233.64000000000001,,
197,8,0.156,562,256.8,8,0,,0.16216798498479718,1,231.12,,
198,1,0.261,480,189.3,4,0,,0.30388165003305734,1,170.37,,
198,2,0.261,304,119.9,3,1,0.436,0.33031056072631443,1,107.91000000000001,0.0872,0.327
198,3,0.261,278,109.7,7,1,0.472,0.27864415552772254,1,109.7,0.0944,0.354
198,4,0.261,379,149.5,5,1,0.437,0.22429721609166778,0,134.55,0.0874,
198,5,0.261,251,99.0,8,1,0.469,0.17824097793512805,1,99.0,0.0938,0.35175
198,6,0.261,573,226.0,4,0,,0.26961438830463746,0,203.4,,
198,7,0.261,201,79.3,4,1,0.366,0.1537860988014393,1,79.3,0.0732,0.27449999999999997
198,8,0.261,476,187.8,3,1,0.538,0.0,1,169.02,0.10760000000000002,0.4035
199,1,0.14,144,67.5,0,1,0.242,0.1836559804157668,1,67.5,0.0484,0.1815
199,2,0.14,592,277.6,3,1,0.367,0.23039348410861954,0,249.84000000000003,0.0734,
199,3,0.14,320,150.0,5,1,0.325,0.0,0,135.0,0.065,
199,4,0.14,576,270.1,5,0,,0.03902692952900626,1,243.09000000000003,,
199,5,0.14,303,142.1,3,1,0.215,0.2019154261005198,1,127.89,0.043000000000000003,0.16125
199,6,0.14,452,211.9,2,0,,0.3457495469711699,1,190.71,,
199,7,0.14,440,206.3,3,0,,0.1420793707675408,1,185.67000000000002,,
199,8,0.14,380,178.2,2,0,,0.06719970587708657,1,160.38,,
200,1,0.388,390,131.7,5,0,,0.369710355889516,1,118.52999999999999,,
200,2,0.388,302,102.0,2,1,0.473,0.5254876419148184,1,91.8,0.0946,0.35475
200,3,0.388,386,130.4,8,1,0.592,0.3234035820875465,1,117.36000000000001,0.1184,0.44399999999999995
200,4,0.388,338,114.2,6,0,,0.3080807993349747,0,102.78,,
200,5,0.388,546,184.4,8,0,,0.33972564778179676,1,165.96,,
200,6,0.388,344,116.2,3,0,,0.2926671391741288,1,104.58,,
200,7,0.388,537,181.4,6,0,,0.4002670315994796,1,163.26000000000002,,
200,8,0.388,578,195.2,5,0,,0.5504678458469561,1,175.68,,
201,1,0.464,586,182.3,5,1,0.54,0.49630792731160295,1,164.07000000000002,0.10800000000000001,0.405
201,2,0.464,573,178.3,6,0,,0.4387646497873713,1,160.47000000000003,,
201,3,0.464,511,159.0,5,0,,0.43481887310844564,1,143.1,,
201,4,0.464,531,165.2,7,0,,0.3076809191303343,1,148.68,,
201,5,0.464,542,168.6,5,0,,0.5523109777147159,1,151.74,,
201,6,0.464,489,152.2,4,0,,0.4562162802987198,1,136.98,,
201,7,0.464,461,143.4,4,0,,0.4459520086409375,1,129.06,,
201,8,0.464,112,34.8,9,1,0.536,0.7833107567844861,1,34.8,0.10720000000000002,0.402
202,1,0.128,391,186.6,2,1,0.344,0.15787529083656862,0,167.94,0.0688,
202,2,0.128,280,133.7,3,1,0.3,0.052820894990481565,1,133.7,0.06,0.22499999999999998
202,3,0.128,308,147.0,3,1,0.196,0.08536424037944568,1,132.3,0.039200000000000006,0.14700000000000002
202,4,0.128,367,175.2,5,1,0.411,0.24284457091967548,1,157.68,0.0822,0.30824999999999997
202,5,0.128,268,127.9,4,1,0.354,0.13932704105377644,1,127.9,0.0708,0.26549999999999996
202,6,0.128,217,103.6,6,1,0.166,0.0,1,103.6,0.0332,0.1245
202,7,0.128,156,74.5,4,0,,0.21992289345752036,0,74.5,,
202,8,0.128,357,170.4,1,1,0.271,0.0611855914461006,0,153.36,0.054200000000000005,
203,1,0.055,259,139.9,6,1,0.245,0.24232977762175456,1,139.9,0.049,0.18375
203,2,0.055,561,303.1,3,0,,0.16300480657146485,1,272.79,,
203,3,0.055,574,310.2,2,0,,0.010267810434124877,0,279.18,,
203,4,0.055,160,86.5,4,1,0.252,0.1831016361735113,1,86.5,0.0504,0.189
203,5,0.055,399,215.6,3,0,,0.061785551052740334,0,194.04,,
203,6,0.055,264,142.6,5,1,0.251,0.14027736751222195,1,142.6,0.0502,0.18825
203,7,0.055,250,135.1,5,1,0.254,0.10347328172944747,1,135.1,0.050800000000000005,0.1905
203,8,0.055,505,272.9,7,0,,0.0,1,245.60999999999999,,
204,1,0.017,240,139.2,3,1,0.219,0.0,1,139.2,0.043800000000000006,0.16425
204,2,0.017,378,219.2,0,1,0.192,0.11999608175811613,1,197.28,0.038400000000000004,0.14400000000000002
204,3,0.017,267,154.8,4,0,,0.0,0,154.8,,
204,4,0.017,308,178.6,3,1,0.212,0.0,0,160.74,0.0424,
204,5,0.017,541,313.8,3,0,,0.0,1,282.42,,
204,6,0.017,228,132.2,4,1,0.142,0.05935990655934611,1,132.2,0.028399999999999998,0.10649999999999998
204,7,0.017,205,118.9,3,1,0.039,0.2232524919243145,1,118.9,0.0078000000000000005,0.029249999999999998
204,8,0.017,101,58.6,6,1,0.394,0.0,1,58.6,0.07880000000000001,0.2955
205,1,0.159,216,98.3,2,1,0.132,0.1614219456672758,1,98.3,0.026400000000000003,0.099
205,2,0.159,263,119.7,2,0,,0.3002220555415429,0,119.7,,
205,3,0.159,191,86.9,1,1,0.236,0.15103586087542847,1,86.9,0.0472,0.177
205,4,0.159,180,81.9,4,1,0.309,0.2042371796249734,1,81.9,0.0618,0.23175
205,5,0.159,251,114.2,3,1,0.468,0.05276064718531202,1,114.2,0.09360000000000002,0.35100000000000003
205,6,0.159,387,176.1,2,1,0.499,0.20183070972076486,1,158.49,0.0998,0.37424999999999997
205,7,0.159,570,259.4,4,0,,0.14028557349954512,1,233.45999999999998,,
205,8,0.159,226,102.8,6,1,0.362,0.2575729995679863,1,102.8,0.0724,0.27149999999999996
206,1,0.267,289,113.1,3,1,0.473,0.3857386051564751,1,113.1,0.0946,0.35475
206,2,0.267,380,148.7,9,1,0.382,0.5259563642018614,1,133.82999999999998,0.07640000000000001,0.2865
206,3,0.267,351,137.3,3,1,0.411,0.3249633173213576,1,123.57000000000001,0.0822,0.30824999999999997
206,4,0.267,209,81.8,4,1,0.528,0.29957963165821666,1,81.8,0.10560000000000001,0.396
206,5,0.267,459,179.6,5,0,,0.2864384301577336,0,161.64,,
206,6,0.267,531,207.8,5,0,,0.2316833707189312,1,187.02,,
206,7,0.267,430,168.2,2,0,,0.3008483843461691,0,151.38,,
206,8,0.267,495,193.7,9,0,,0.23745985898609706,0,174.32999999999998,,
207,1,0.53,132,38.5,7,1,0.599,0.5468460976269615,1,38.5,0.1198,0.44925
207,2,0.53,542,157.9,4,0,,0.661759753560796,0,142.11,,
207,3,0.53,578,168.4,6,0,,0.4293457434720359,1,151.56,,
207,4,0.53,135,39.3,3,1,0.692,0.6439878561129045,1,39.3,0.1384,0.5189999999999999
207,5,0.53,374,109.0,3,0,,0.6617115067339866,1,98.10000000000001,,
207,6,0.53,417,121.5,8,0,,0.5181931473008922,1,109.35000000000001,,
207,7,0.53,329,95.9,8,1,0.547,0.3178145100991405,1,86.31,0.10940000000000001,0.41025
207,8,0.53,392,114.2,4,0,,0.4692178012905568,1,102.78,,
208,1,0.307,246,91.4,1,1,0.413,0.43669945465611093,1,91.4,0.0826,0.30974999999999997
208,2,0.307,289,107.4,4,1,0.513,0.3047131937701118,1,107.4,0.10260000000000001,0.38475000000000004
208,3,0.307,512,190.3,6,0,,0.20706977677050892,0,171.27,,
208,4,0.307,407,151.3,3,0,,0.25652250787717823,0,136.17000000000002,,
208,5,0.307,169,62.8,6,1,0.557,0.3910620026504553,1,62.8,0.11140000000000001,0.41775000000000007
208,6,0.307,498,185.1,2,0,,0.3616733568201379,1,166.59,,
208,7,0.307,479,178.0,3,0,,0.2831067900830306,1,160.20000000000002,,
208,8,0.307,338,125.6,10,1,0.612,0.27031755881853126,1,113.03999999999999,0.12240000000000001,0.45899999999999996
209,1,0.25,183,73.2,5,1,0.454,0.21082418509561782,1,73.2,0.0908,0.3405
209,2,0.25,322,128.7,2,1,0.545,0.15775898155014972,1,115.83,0.10900000000000001,0.40875000000000006
209,3,0.25,348,139.1,2,1,0.289,0.41153756894694415,1,125.19,0.0578,0.21675
209,4,0.25,512,204.7,5,0,,0.217767953078866,1,184.23,,
209,5,0.25,359,143.5,2,0,,0.37171585208254965,0,129.15,,
209,6,0.25,261,104.3,3,1,0.497,0.4021316051922451,1,104.3,0.0994,0.37275
209,7,0.25,278,111.1,2,1,0.273,0.34983108981479605,1,111.1,0.05460000000000001,0.20475000000000002
209,8,0.25,575,229.9,4,0,,0.20683796872819515,1,206.91,,
210,1,0.404,495,164.4,6,0,,0.44437300903366095,0,147.96,,
210,2,0.404,259,86.0,4,1,0.648,0.4015804393609084,1,86.0,0.12960000000000002,0.486
210,3,0.404,334,110.9,3,1,0.58,0.3136298139269872,1,99.81,0.11599999999999999,0.43499999999999994
210,4,0.404,109,36.2,5,1,0.311,0.4364359281721603,1,36.2,0.062200000000000005,0.23325
210,5,0.404,450,149.4,4,0,,0.28609602088401975,0,134.46,,
210,6,0.404,524,174.0,5,0,,0.5227679388461564,1,156.6,,
210,7,0.404,381,126.5,5,1,0.441,0.3575382702701607,0,113.85000000000001,0.0882,
210,8,0.404,591,196.2,4,0,,0.4241159655872839,1,176.57999999999998,,
211,1,0.37,456,157.3,4,0,,0.39832878715461423,1,141.57000000000002,,
211,2,0.37,325,112.1,5,1,0.445,0.3441095026295923,1,100.89,0.08900000000000001,0.33375
211,3,0.37,537,185.3,6,0,,0.4286693801475275,0,166.77,,
211,4,0.37,270,93.1,6,1,0.369,0.32250963433774754,1,93.1,0.0738,0.27675
211,5,0.37,294,101.4,5,1,0.45,0.4571297297457244,1,101.4,0.09000000000000001,0.3375
211,6,0.37,264,91.1,8,0,,0.23540203197532514,0,91.1,,
211,7,0.37,445,153.5,3,0,,0.3826379579546412,1,138.15,,
211,8,0.37,521,179.7,5,0,,0.5638928999058285,1,161.73,,
212,1,0.221,158,65.8,4,1,0.387,0.12096686753944252,1,65.8,0.07740000000000001,0.29025
212,2,0.221,467,194.4,3,0,,0.15322550294751486,1,174.96,,
212,3,0.221,102,42.5,1,1,0.572,0.27239078496589153,1,42.5,0.1144,0.42899999999999994
212,4,0.221,496,206.4,9,0,,0.23895817819395979,0,185.76000000000002,,
212,5,0.221,329,136.9,5,0,,0.2560630099273559,0,123.21000000000001,,
212,6,0.221,246,102.4,3,1,0.46,0.26991871301476633,1,102.4,0.09200000000000001,0.34500000000000003
212,7,0.221,197,82.0,3,1,0.369,0.284472146856177,1,82.0,0.0738,0.27675
212,8,0.221,565,235.2,4,0,,0.3319699841956223,1,211.68,,
213,1,0.091,174,88.4,4,1,0.188,0.13198186569285125,1,88.4,0.0376,0.14100000000000001
213,2,0.091,295,149.8,3,1,0.232,0.06687423453814575,1,149.8,0.046400000000000004,0.17400000000000002
213,3,0.091,557,282.9,5,0,,0.15825737012027313,1,254.60999999999999,,
213,4,0.091,364,184.9,2,1,0.48,0.28098819348952153,0,166.41,0.096,
213,5,0.091,558,283.4,5,0,,0.07773662536174264,0,255.05999999999997,,
213,6,0.091,151,76.7,7,1,0.247,0.0,1,76.7,0.0494,0.18525
213,7,0.091,152,77.2,4,1,0.424,0.20170806692869728,1,77.2,0.0848,0.318
213,8,0.091,523,265.6,1,0,,0.07896188360464017,0,239.04000000000002,,
214,1,0.426,450,145.7,7,0,,0.20873304539859636,1,131.13,,
214,2,0.426,327,105.9,8,1,0.52,0.5107421677150421,1,95.31,0.10400000000000001,0.39
214,3,0.426,519,168.1,6,1,0.488,0.3724671814046077,1,151.29,0.0976,0.366
214,4,0.426,397,128.6,5,0,,0.4169466717695839,1,115.74,,
214,5,0.426,555,179.7,6,0,,0.45919803305690143,1,161.73,,
214,6,0.426,489,158.4,6,0,,0.44504996797790664,1,142.56,,
214,7,0.426,196,63.5,9,1,0.421,0.49694518171390395,1,63.5,0.0842,0.31575
214,8,0.426,453,146.7,3,0,,0.3824513629430156,1,132.03,,
215,1,0.308,313,116.3,7,1,0.278,0.3593105798176083,1,104.67,0.05560000000000001,0.20850000000000002
215,2,0.308,135,50.1,5,1,0.38,0.28204533224160827,1,50.1,0.07600000000000001,0.28500000000000003
215,3,0.308,298,110.7,3,1,0.317,0.3818810480887503,1,110.7,0.0634,0.23775000000000002
215,4,0.308,559,207.6,3,0,,0.36953674840130535,0,186.84,,
215,5,0.308,338,125.5,2,1,0.599,0.21445612979554046,1,112.95,0.1198,0.44925
215,6,0.308,174,64.6,7,1,0.637,0.4165982116175032,1,64.6,0.1274,0.47775
215,7,0.308,338,125.5,3,1,0.489,0.25440365548859517,1,112.95,0.0978,0.36675
215,8,0.308,186,69.1,8,1,0.495,0.3888057798281145,1,69.1,0.099,0.37124999999999997
216,1,0.087,561,286.8,2,0,,0.12372873134013407,0,258.12,,
216,2,0.087,206,105.3,4,1,0.162,0.2708183676795123,1,105.3,0.032400000000000005,0.1215
216,3,0.087,345,176.4,4,1,0.395,0.06465340176281478,1,158.76000000000002,0.07900000000000001,0.29625
216,4,0.087,240,122.7,5,1,0.495,0.052068320388180246,1,122.7,0.099,0.37124999999999997
216,5,0.087,180,92.0,4,1,0.351,0.08505803941122674,1,92.0,0.0702,0.26325
216,6,0.087,225,115.0,6,1,0.192,0.05668202171657245,1,115.0,0.038400000000000004,0.14400000000000002
216,7,0.087,384,196.3,3,0,,0.166994190194205,0,176.67000000000002,,
216,8,0.087,227,116.0,5,1,0.292,0.0,1,116.0,0.0584,0.21899999999999997
217,1,0.32,143,52.3,7,1,0.508,0.2146317580853646,1,52.3,0.10160000000000001,0.381
217,2,0.32,386,141.2,7,1,0.425,0.2132197078420807,0,127.08,0.085,
217,3,0.32,557,203.8,7,0,,0.4150307591973576,0,183.42000000000002,,
217,4,0.32,488,178.6,8,0,,0.49106133725819257,1,160.74,,
217,5,0.32,474,173.4,9,0,,0.3095550781462529,1,156.06,,
217,6,0.32,397,145.3,2,1,0.385,0.30311782768099893,1,130.77,0.07700000000000001,0.28875
217,7,0.32,437,159.9,5,0,,0.3270052163113181,1,143.91,,
217,8,0.32,454,166.1,10,0,,0.4361878302608191,0,149.49,,
218,1,0.172,443,197.6,4,0,,0.07926468658094257,0,177.84,,
218,2,0.172,558,248.9,7,0,,0.1958368982734785,1,224.01000000000002,,
218,3,0.172,244,108.9,3,1,0.406,0.269519762978243,1,108.9,0.08120000000000001,0.3045
218,4,0.172,224,99.9,6,1,0.382,0.2221094169939845,1,99.9,0.07640000000000001,0.2865
218,5,0.172,554,247.2,5,0,,0.19095816165987434,1,222.48,,
218,6,0.172,495,220.8,9,0,,0.2721046092567141,0,198.72000000000003,,
218,7,0.172,465,207.4,4,0,,0.0,1,186.66,,
218,8,0.172,490,218.6,3,0,,0.23978753195309077,0,196.74,,
219,1,0.524,126,36.9,8,1,0.63,0.4585924316872576,1,36.9,0.126,0.47250000000000003
219,2,0.524,548,160.6,5,1,0.662,0.34093671031435435,1,144.54,0.13240000000000002,0.49650000000000005
219,3,0.524,460,134.8,4,0,,0.575120259952498,1,121.32000000000001,,
219,4,0.524,457,133.9,5,0,,0.6613658545162958,1,120.51,,
219,5,0.524,565,165.6,2,0,,0.5102551485372309,1,149.04,,
219,6,0.524,145,42.5,4,1,0.61,0.6192874547202939,1,42.5,0.122,0.4575
219,7,0.524,441,129.2,4,0,,0.6852278257988645,1,116.27999999999999,,
219,8,0.524,391,114.6,8,1,0.561,0.6554914453584048,1,103.14,0.11220000000000002,0.42075000000000007
220,1,0.144,266,123.9,6,1,0.387,0.3079964529371393,1,123.9,0.07740000000000001,0.29025
220,2,0.144,235,109.5,2,1,0.363,0.2182127491071892,1,109.5,0.0726,0.27225
220,3,0.144,112,52.2,3,1,0.473,0.15154336389015927,1,52.2,0.0946,0.35475
220,4,0.144,264,123.0,0,1,0.158,0.0,1,123.0,0.0316,0.1185
220,5,0.144,340,158.4,3,1,0.235,0.11939375118700513,1,142.56,0.047,0.17625
220,6,0.144,337,157.0,2,1,0.452,0.059675340468380814,1,141.3,0.09040000000000001,0.339
220,7,0.144,481,224.0,5,0,,0.36109427174978137,1,201.6,,
220,8,0.144,498,231.9,2,0,,0.12641141875676631,0,208.71,,
221,1,0.437,187,59.9,4,1,0.682,0.44932048067844854,1,59.9,0.13640000000000002,0.5115000000000001
221,2,0.437,142,45.5,6,1,0.583,0.49214853760404675,1,45.5,0.1166,0.43724999999999997
221,3,0.437,471,150.8,1,0,,0.4413602446372454,1,135.72000000000003,,
221,4,0.437,495,158.5,5,0,,0.6065051040430753,1,142.65,,
221,5,0.437,362,115.9,2,0,,0.3747350638265548,1,104.31,,
221,6,0.437,325,104.1,9,0,,0.4564607455237243,1,93.69,,
221,7,0.437,205,65.6,4,1,0.53,0.36275294143019515,1,65.6,0.10600000000000001,0.3975
221,8,0.437,436,139.6,2,1,0.451,0.3049977488779294,0,125.64,0.0902,
222,1,0.562,227,64.1,5,1,0.629,0.5008230909094715,1,64.1,0.1258,0.47175
222,2,0.562,312,88.1,1,0,,0.5582963202951589,1,79.28999999999999,,
222,3,0.562,302,85.3,6,1,0.686,0.5190697775482741,1,76.77,0.13720000000000002,0.5145000000000001
222,4,0.562,468,132.2,4,1,0.762,0.49275790201261443,0,118.97999999999999,0.1524,
222,5,0.562,414,116.9,5,1,0.657,0.42136825363281666,1,105.21000000000001,0.13140000000000002,0.49275
222,6,0.562,171,48.3,2,1,0.865,0.5536894427371306,1,48.3,0.17300000000000001,0.6487499999999999
222,7,0.562,489,138.1,7,0,,0.41152796259689983,1,124.28999999999999,,
222,8,0.562,564,159.3,8,0,,0.6380055963689604,1,143.37,,
223,1,0.204,551,234.8,2,0,,0.21224397529345032,1,211.32000000000002,,
223,2,0.204,124,52.8,4,1,0.423,0.058244850053506936,1,52.8,0.08460000000000001,0.31725
223,3,0.204,537,228.9,6,0,,0.17307909229501364,1,206.01000000000002,,
223,4,0.204,127,54.1,4,1,0.385,0.12878435944094166,1,54.1,0.07700000000000001,0.28875
223,5,0.204,344,146.6,2,1,0.419,0.23591745104191802,0,131.94,0.0838,
223,6,0.204,512,218.2,7,0,,0.33804504460231444,1,196.38,,
223,7,0.204,320,136.4,5,1,0.413,0.016482753035425513,1,122.76,0.0826,0.30974999999999997
223,8,0.204,147,62.7,5,1,0.367,0.2155026079147417,1,62.7,0.0734,0.27525
224,1,0.265,193,75.7,6,1,0.494,0.24898672044333597,1,75.7,0.0988,0.3705
224,2,0.265,395,154.8,5,1,0.347,0.3321340076450466,0,139.32000000000002,0.0694,
224,3,0.265,565,221.5,3,0,,0.2863196628237689,1,199.35,,
224,4,0.265,574,225.0,2,0,,0.18980306682611808,0,202.5,,
224,5,0.265,107,41.9,7,1,0.395,0.23309460643333818,1,41.9,0.07900000000000001,0.29625
224,6,0.265,244,95.7,7,1,0.285,0.18539741431965112,1,95.7,0.056999999999999995,0.21375
224,7,0.265,210,82.3,5,1,0.428,0.3726007138598598,1,82.3,0.08560000000000001,0.321
224,8,0.265,134,52.5,3,1,0.417,0.26713116486719424,1,52.5,0.0834,0.31275
225,1,0.343,383,136.3,5,1,0.308,0.5331190685753008,0,122.67000000000002,0.0616,
225,2,0.343,233,82.9,5,1,0.362,0.33693391861853794,1,82.9,0.0724,0.27149999999999996
225,3,0.343,357,127.0,5,0,,0.27215932330895376,1,114.3,,
225,4,0.343,399,142.0,2,0,,0.1916285607387173,1,127.8,,
225,5,0.343,268,95.4,7,1,0.425,0.16268603237440551,1,95.4,0.085,0.31875
225,6,0.343,352,125.3,3,1,0.449,0.18458640569945103,1,112.77,0.0898,0.33675
225,7,0.343,252,89.7,4,1,0.376,0.36971266510114836,1,89.7,0.0752,0.28200000000000003
225,8,0.343,118,42.0,5,1,0.555,0.3938725023229934,1,42.0,0.11100000000000002,0.41625
226,1,0.308,152,56.4,4,1,0.437,0.14988092979678663,1,56.4,0.0874,0.32775
226,2,0.308,299,111.0,11,1,0.268,0.39750383140761153,1,111.0,0.05360000000000001,0.201
226,3,0.308,388,144.0,5,0,,0.25969389483165606,1,129.6,,
226,4,0.308,183,67.9,5,1,0.531,0.3226793011985549,1,67.9,0.10620000000000002,0.39825
226,5,0.308,509,188.9,3,1,0.468,0.46922206282554246,0,170.01000000000002,0.09360000000000002,
226,6,0.308,593,220.1,1,0,,0.3976839315865532,0,198.09,,
226,7,0.308,436,161.8,4,0,,0.28114693520941675,1,145.62,,
226,8,0.308,267,99.1,12,1,0.561,0.21888077745847123,1,99.1,0.11220000000000002,0.42075000000000007
227,1,0.078,581,301.3,2,0,,0.0,1,271.17,,
227,2,0.078,423,219.4,3,0,,0.006084668075757985,1,197.46,,
227,3,0.078,300,155.6,2,1,0.308,0.05688697611723055,1,155.6,0.0616,0.23099999999999998
227,4,0.078,597,309.6,2,1,0.332,0.0,0,278.64000000000004,0.0664,
227,5,0.078,399,206.9,2,0,,0.06487430329076953,1,186.21,,
227,6,0.078,135,70.0,3,1,0.2,0.08568518829587682,1,70.0,0.04000000000000001,0.15000000000000002
227,7,0.078,265,137.4,1,1,0.308,0.05551440181919214,1,137.4,0.0616,0.23099999999999998
227,8,0.078,295,153.0,3,1,0.345,0.012999741917654017,1,153.0,0.06899999999999999,0.25875
228,1,0.204,554,236.0,7,0,,0.22086546719667274,1,212.4,,
228,2,0.204,234,99.7,3,1,0.322,0.2481940649569409,1,99.7,0.0644,0.2415
228,3,0.204,194,82.6,3,1,0.365,0.09496009225571538,1,82.6,0.073,0.27375
228,4,0.204,176,75.0,1,1,0.296,0.345093237974627,1,75.0,0.0592,0.22199999999999998
228,5,0.204,441,187.9,6,0,,0.19414118677157383,1,169.11,,
228,6,0.204,573,244.1,8,0,,0.20588496229448475,1,219.69,,
228,7,0.204,156,66.5,1,1,0.367,0.2748214423256557,1,66.5,0.0734,0.27525
228,8,0.204,412,175.5,4,0,,0.22732161312635016,1,157.95000000000002,,
229,1,0.468,414,128.4,5,0,,0.5633136633913245,0,115.56,,
229,2,0.468,591,183.2,7,0,,0.49671241652018244,1,164.88,,
229,3,0.468,333,103.2,5,0,,0.4067562625359562,1,92.88000000000001,,
229,4,0.468,142,44.0,4,0,,0.5041503525206101,0,44.0,,
229,5,0.468,541,167.7,6,0,,0.35362737926793386,1,150.93,,
229,6,0.468,208,64.5,7,1,0.676,0.47885597057765233,1,64.5,0.13520000000000001,0.507
229,7,0.468,466,144.5,6,0,,0.464677000935554,1,130.05,,
229,8,0.468,164,50.8,4,1,0.415,0.4471883142727461,1,50.8,0.083,0.31124999999999997
230,1,0.224,261,108.1,3,1,0.337,0.21114624885610694,1,108.1,0.0674,0.25275000000000003
230,2,0.224,544,225.3,1,0,,0.03581509545023609,1,202.77,,
230,3,0.224,518,214.5,7,0,,0.16912750922590386,1,193.05,,
230,4,0.224,257,106.4,4,1,0.285,0.23328449011411148,1,106.4,0.056999999999999995,0.21375
230,5,0.224,495,205.0,2,0,,0.23998563919974003,0,184.5,,
230,6,0.224,208,86.1,1,1,0.362,0.12123248590740418,1,86.1,0.0724,0.27149999999999996
230,7,0.224,522,216.2,2,0,,0.3505707840864701,1,194.57999999999998,,
230,8,0.224,160,66.3,2,1,0.54,0.1373825151785499,1,66.3,0.10800000000000001,0.405
231,1,0.564,138,38.9,4,1,0.507,0.6609457200526736,1,38.9,0.1014,0.38025
231,2,0.564,269,75.8,8,1,0.694,0.6067194361871684,1,75.8,0.1388,0.5205
231,3,0.564,177,49.9,8,1,0.622,0.49937726901561963,1,49.9,0.12440000000000001,0.4665
231,4,0.564,560,157.9,8,0,,0.7415310892609511,1,142.11,,
231,5,0.564,356,100.4,5,1,0.787,0.44463631682435195,1,90.36000000000001,0.1574,0.59025
231,6,0.564,244,68.8,6,1,0.58,0.6559154173610001,1,68.8,0.11599999999999999,0.43499999999999994
231,7,0.564,358,100.9,6,1,0.653,0.6640582318042978,1,90.81,0.13060000000000002,0.48975
231,8,0.564,216,60.9,7,1,0.74,0.49693797909233545,1,60.9,0.148,0.5549999999999999
232,1,0.458,442,138.4,6,0,,0.5972465300064329,0,124.56,,
232,2,0.458,134,41.9,4,1,0.68,0.43299534854010474,1,41.9,0.136,0.51
232,3,0.458,576,180.3,1,0,,0.4868693629279857,1,162.27,,
232,4,0.458,407,127.4,4,1,0.522,0.4840321838771221,1,114.66000000000001,0.1044,0.3915
232,5,0.458,425,133.0,7,0,,0.4445691258529452,1,119.7,,
232,6,0.458,479,149.9,5,0,,0.5390808273159782,1,134.91,,
232,7,0.458,198,62.0,3,1,0.726,0.5373488720552213,1,62.0,0.1452,0.5445
232,8,0.458,530,165.9,4,0,,0.2831468026761819,1,149.31,,
233,1,0.229,441,181.5,5,1,0.317,0.35943402428781523,1,163.35,0.0634,0.23775000000000002
233,2,0.229,579,238.4,7,0,,0.06275080119643256,1,214.56,,
233,3,0.229,261,107.4,3,1,0.475,0.33225462043416576,1,107.4,0.095,0.35624999999999996
233,4,0.229,140,57.6,3,1,0.277,0.34167051368275836,1,57.6,0.055400000000000005,0.20775000000000002
233,5,0.229,124,51.0,5,1,0.256,0.11990335697848017,1,51.0,0.0512,0.192
233,6,0.229,146,60.1,3,1,0.204,0.18791857120454153,1,60.1,0.0408,0.153
233,7,0.229,429,176.6,5,0,,0.11842953315140643,1,158.94,,
233,8,0.229,220,90.6,4,1,0.283,0.20750789697112648,1,90.6,0.0566,0.21225
234,1,0.194,483,208.7,0,0,,0.16319657158142586,1,187.82999999999998,,
234,2,0.194,125,54.0,4,0,,0.271966053226934,0,54.0,,
234,3,0.194,283,122.3,7,1,0.235,0.32503087461196084,1,122.3,0.047,0.17625
234,4,0.194,342,147.8,3,0,,0.3335683810789956,0,133.02,,
234,5,0.194,266,115.0,3,1,0.49,0.1377831973421698,1,115.0,0.098,0.3675
234,6,0.194,424,183.2,4,0,,0.17307781262554722,1,164.88,,
234,7,0.194,270,116.7,5,0,,0.025656180777904963,0,116.7,,
234,8,0.194,251,108.5,7,1,0.428,0.11341299335038113,1,108.5,0.08560000000000001,0.321
235,1,0.114,385,188.1,0,1,0.323,0.21048516330974576,0,169.29,0.0646,
235,2,0.114,137,66.9,6,1,0.36,0.27555828235482316,1,66.9,0.072,0.27
235,3,0.114,355,173.4,2,1,0.457,0.0,1,156.06,0.09140000000000001,0.34275
235,4,0.114,538,262.8,5,0,,0.05475357408471058,0,236.52,,
235,5,0.114,337,164.6,4,1,0.158,0.11135942430410731,1,148.14,0.0316,0.1185
235,6,0.114,190,92.8,2,1,0.313,0.14201611588196067,1,92.8,0.0626,0.23475000000000001
235,7,0.114,106,51.8,5,1,0.303,0.03303964800783539,1,51.8,0.0606,0.22725
235,8,0.114,237,115.8,2,1,0.217,0.15640610444640898,1,115.8,0.0434,0.16275
236,1,0.119,165,80.0,4,1,0.241,0.07161606529290837,1,80.0,0.0482,0.18075
236,2,0.119,306,148.3,5,1,0.233,0.11755477291217209,0,133.47000000000003,0.0466,
236,3,0.119,380,184.2,2,1,0.324,0.17362842480036994,1,165.78,0.06480000000000001,0.243
236,4,0.119,408,197.8,2,1,0.112,0.11964222698109378,1,178.02,0.022400000000000003,0.084
236,5,0.119,480,232.7,2,0,,0.07536141094734314,1,209.43,,
236,6,0.119,544,263.7,2,0,,0.10803901960741691,1,237.32999999999998,,
236,7,0.119,485,235.1,3,0,,0.11016370407946646,0,211.59,,
236,8,0.119,188,91.1,2,1,0.226,0.08199889701178723,1,91.1,0.045200000000000004,0.1695
237,1,0.224,599,248.1,6,0,,0.19812039373328977,1,223.29,,
237,2,0.224,105,43.5,4,1,0.415,0.3838647170504717,1,43.5,0.083,0.31124999999999997
237,3,0.224,431,178.5,2,0,,0.28009194479412386,1,160.65,,
237,4,0.224,231,95.7,6,0,,0.19445196819708396,0,95.7,,
237,5,0.224,239,99.0,5,1,0.385,0.29369544045107354,1,99.0,0.07700000000000001,0.28875
237,6,0.224,247,102.3,1,1,0.457,0.190618051024399,1,102.3,0.09140000000000001,0.34275
237,7,0.224,583,241.5,4,0,,0.34131246375866414,1,217.35,,
237,8,0.224,391,161.9,1,1,0.237,0.2609642192198094,0,145.71,0.0474,
238,1,0.175,175,77.8,3,1,0.461,0.1642697855995771,1,77.8,0.0922,0.34575
238,2,0.175,487,216.5,5,0,,0.21977169258102774,1,194.85,,
238,3,0.175,504,224.1,0,0,,0.01791238479315005,0,201.69,,
238,4,0.175,318,141.4,3,1,0.429,0.062323253109019455,0,127.26,0.0858,
238,5,0.175,368,163.6,2,0,,0.055607499360094445,1,147.24,,
238,6,0.175,553,245.8,2,0,,0.18929430947637066,1,221.22000000000003,,
238,7,0.175,374,166.3,2,0,,0.3482514999485092,1,149.67000000000002,,
238,8,0.175,314,139.6,5,1,0.376,0.39813001461926323,0,125.64,0.0752,
239,1,0.238,289,117.5,1,1,0.592,0.30180511014407574,1,117.5,0.1184,0.44399999999999995
239,2,0.238,542,220.3,2,0,,0.2880844474944457,1,198.27,,
239,3,0.238,396,161.0,3,0,,0.057894226584726094,1,144.9,,
239,4,0.238,249,101.2,1,1,0.288,0.18373262002659782,1,101.2,0.0576,0.21599999999999997
239,5,0.238,260,105.7,5,1,0.492,0.1592216248091761,1,105.7,0.0984,0.369
239,6,0.238,175,71.1,5,1,0.321,0.17591524017488838,1,71.1,0.06420000000000001,0.24075000000000002
239,7,0.238,534,217.0,2,0,,0.22118561814152102,0,195.3,,
239,8,0.238,339,137.8,5,1,0.58,0.19079094223028725,1,124.02000000000001,0.11599999999999999,0.43499999999999994
240,1,0.438,502,160.6,3,0,,0.24007001896242122,1,144.54,,
240,2,0.438,560,179.1,5,0,,0.5127910256117534,1,161.19,,
240,3,0.438,113,36.1,1,1,0.615,0.3307256974260193,1,36.1,0.123,0.46125
240,4,0.438,325,104.0,7,0,,0.46192468641111495,1,93.60000000000001,,
240,5,0.438,262,83.8,10,1,0.56,0.6454082669749974,1,83.8,0.11200000000000002,0.42000000000000004
240,6,0.438,129,41.3,4,1,0.571,0.34606154084135765,1,41.3,0.1142,0.42824999999999996
240,7,0.438,279,89.2,9,1,0.559,0.184971247725367,1,89.2,0.11180000000000001,0.41925
240,8,0.438,345,110.3,1,1,0.603,0.40939957781198894,1,99.27,0.1206,0.45225
241,1,0.305,282,105.1,7,1,0.382,0.4150959634998571,1,105.1,0.07640000000000001,0.2865
241,2,0.305,566,210.9,2,0,,0.5008347454220594,1,189.81,,
241,3,0.305,529,197.1,3,0,,0.1820450405547583,0,177.39,,
241,4,0.305,289,107.7,6,1,0.425,0.3546699223236522,1,107.7,0.085,0.31875
241,5,0.305,386,143.8,5,0,,0.2584689543219947,1,129.42000000000002,,
241,6,0.305,229,85.3,1,1,0.581,0.29440516456958643,1,85.3,0.1162,0.43574999999999997
241,7,0.305,229,85.3,6,1,0.499,0.5694343347017035,1,85.3,0.0998,0.37424999999999997
241,8,0.305,554,206.4,6,0,,0.15470296716048465,0,185.76000000000002,,
242,1,0.411,126,41.5,10,1,0.605,0.43637396614945734,1,41.5,0.121,0.45375
242,2,0.411,261,85.9,8,1,0.645,0.4577693171765433,1,85.9,0.129,0.48375
242,3,0.411,459,151.2,5,0,,0.5195786324939347,1,136.07999999999998,,
242,4,0.411,180,59.3,3,1,0.573,0.4207983153470895,1,59.3,0.1146,0.42974999999999997
242,5,0.411,473,155.8,4,0,,0.4418050539504102,1,140.22000000000003,,
242,6,0.411,293,96.5,5,1,0.643,0.37183514325782085,1,96.5,0.12860000000000002,0.48225
242,7,0.411,327,107.7,8,0,,0.4379126941245107,1,96.93,,
242,8,0.411,218,71.8,2,1,0.487,0.37668077245025894,1,71.8,0.0974,0.36524999999999996
243,1,0.238,589,239.3,3,0,,0.30015718898560506,1,215.37,,
243,2,0.238,417,169.4,5,1,0.416,0.2010389663956366,0,152.46,0.0832,
243,3,0.238,278,112.9,4,1,0.465,0.27571003939021865,1,112.9,0.09300000000000001,0.34875
243,4,0.238,247,100.4,6,1,0.342,0.23507371863150214,1,100.4,0.0684,0.2565
243,5,0.238,332,134.9,9,1,0.471,0.3506050250772168,0,121.41000000000001,0.0942,
243,6,0.238,422,171.4,1,0,,0.23286062764115137,1,154.26000000000002,,
243,7,0.238,194,78.8,4,1,0.254,0.060696753179311835,1,78.8,0.050800000000000005,0.1905
243,8,0.238,478,194.2,4,0,,0.36419215007139916,1,174.78,,
244,1,0.306,546,203.3,2,0,,0.2154267699137381,1,182.97000000000003,,
244,2,0.306,230,85.7,4,1,0.43,0.240623366135118,1,85.7,0.08600000000000001,0.3225
244,3,0.306,386,143.8,6,1,0.512,0.24643387059565078,1,129.42000000000002,0.1024,0.384
244,4,0.306,555,206.7,4,0,,0.4434438093170817,1,186.03,,
244,5,0.306,395,147.1,4,0,,0.09243257860213044,1,132.39,,
244,6,0.306,393,146.4,3,1,0.293,0.6197748533659995,1,131.76000000000002,0.0586,0.21975
244,7,0.306,285,106.1,7,1,0.35,0.4116056809066052,1,106.1,0.06999999999999999,0.26249999999999996
244,8,0.306,380,141.5,4,0,,0.32832389141291596,1,127.35000000000001,,
245,1,0.224,470,194.7,1,0,,0.21851059993837135,0,175.23,,
245,2,0.224,369,152.8,3,0,,0.2525554074857657,0,137.52,,
245,3,0.224,495,205.0,8,0,,0.27611224283793384,1,184.5,,
245,4,0.224,569,235.7,5,0,,0.2885215585950057,0,212.13,,
245,5,0.224,337,139.6,7,1,0.241,0.27956044660034485,1,125.64,0.0482,0.18075
245,6,0.224,336,139.2,5,1,0.304,0.2329580681255249,1,125.27999999999999,0.0608,0.22799999999999998
245,7,0.224,103,42.7,2,1,0.646,0.2042661579692674,1,42.7,0.1292,0.48450000000000004
245,8,0.224,395,163.6,4,1,0.407,0.20887267163464884,1,147.24,0.0814,0.30524999999999997
246,1,0.228,116,47.8,7,1,0.422,0.2085091719647319,1,47.8,0.0844,0.3165
246,2,0.228,211,86.9,7,1,0.443,0.3413770096867065,1,86.9,0.08860000000000001,0.33225
246,3,0.228,176,72.5,6,1,0.337,0.2873556722280862,1,72.5,0.0674,0.25275000000000003
246,4,0.228,131,54.0,2,1,0.42,0.0,1,54.0,0.084,0.315
246,5,0.228,467,192.4,2,0,,0.2935900776529761,1,173.16,,
246,6,0.228,590,243.0,7,1,0.41,0.2474736194718775,1,218.70000000000002,0.082,0.3075
246,7,0.228,388,159.8,4,1,0.434,0.22612912435541027,0,143.82000000000002,0.0868,
246,8,0.228,595,245.1,7,0,,0.18914815469111143,0,220.59,,
247,1,0.601,305,83.1,8,1,0.577,0.7134112719986013,1,74.78999999999999,0.1154,0.43274999999999997
247,2,0.601,277,75.5,4,1,0.744,0.6957526462122858,1,75.5,0.14880000000000002,0.558
247,3,0.601,219,59.7,2,1,0.714,0.523712233217639,1,59.7,0.1428,0.5355
247,4,0.601,253,68.9,2,1,0.595,0.6417052287124535,1,68.9,0.119,0.44625
247,5,0.601,106,28.9,5,1,0.848,0.5038343265458713,1,28.9,0.1696,0.636
247,6,0.601,332,90.4,7,1,0.7,0.4630381835211069,1,81.36000000000001,0.13999999999999999,0.5249999999999999
247,7,0.601,211,57.5,1,1,0.572,0.5383282775410034,1,57.5,0.1144,0.42899999999999994
247,8,0.601,538,146.5,6,0,,0.6872393472382758,1,131.85,,
248,1,0.186,108,47.2,4,1,0.642,0.2813125045376087,1,47.2,0.12840000000000001,0.48150000000000004
248,2,0.186,517,226.1,6,0,,0.23730854200972928,1,203.49,,
248,3,0.186,433,189.3,6,1,0.476,0.25850957868479973,0,170.37,0.0952,
248,4,0.186,227,99.3,6,1,0.234,0.23761782871149584,1,99.3,0.04680000000000001,0.17550000000000002
248,5,0.186,130,56.8,6,1,0.265,0.12185184047770477,1,56.8,0.053000000000000005,0.19875
248,6,0.186,122,53.3,4,1,0.268,0.22919225446739405,1,53.3,0.05360000000000001,0.201
248,7,0.186,287,125.5,4,1,0.447,0.2660409525227682,1,125.5,0.08940000000000001,0.33525
248,8,0.186,384,167.9,3,1,0.469,0.26142913298135745,1,151.11,0.0938,0.35175
249,1,0.332,209,75.3,6,1,0.377,0.4508913371474643,1,75.3,0.07540000000000001,0.28275
249,2,0.332,276,99.5,4,1,0.51,0.4028303847201064,1,99.5,0.10200000000000001,0.3825
249,3,0.332,444,160.1,3,0,,0.36714482075415833,1,144.09,,
249,4,0.332,452,162.9,3,0,,0.43901502383164276,1,146.61,,
249,5,0.332,126,45.4,2,1,0.468,0.329347874075094,1,45.4,0.09360000000000002,0.35100000000000003
249,6,0.332,487,175.6,7,0,,0.24381253487722823,1,158.04,,
249,7,0.332,279,100.6,9,1,0.487,0.31569330360562364,1,100.6,0.0974,0.36524999999999996
249,8,0.332,352,126.9,3,1,0.499,0.2575097355193551,1,114.21000000000001,0.0998,0.37424999999999997
250,1,0.154,528,242.4,3,0,,0.08648217250256184,0,218.16,,
250,2,0.154,234,107.4,2,1,0.214,0.13954813292844823,1,107.4,0.042800000000000005,0.1605
250,3,0.154,313,143.7,6,1,0.538,0.07475800790000386,1,129.32999999999998,0.10760000000000002,0.4035
250,4,0.154,439,201.5,3,1,0.416,0.12320384703609596,1,181.35,0.0832,0.312
250,5,0.154,299,137.2,5,1,0.424,0.0,1,137.2,0.0848,0.318
250,6,0.154,131,60.1,0,1,0.188,0.17532937073729385,1,60.1,0.0376,0.14100000000000001
250,7,0.154,162,74.4,4,1,0.205,0.15412054753622242,1,74.4,0.041,0.15375
250,8,0.154,411,188.7,4,0,,0.07229113689318092,1,169.82999999999998,,
251,1,0.59,294,80.9,3,1,0.85,0.6559245668432405,1,80.9,0.17,0.6375
251,2,0.59,204,56.2,6,1,0.633,0.6837570137626559,1,56.2,0.12660000000000002,0.47475
251,3,0.59,198,54.5,5,1,0.816,0.42924401356310254,1,54.5,0.1632,0.612
251,4,0.59,478,131.6,5,0,,0.5137275221433786,1,118.44,,
251,5,0.59,391,107.7,5,1,0.569,0.5130857650212701,1,96.93,0.1138,0.42674999999999996
251,6,0.59,537,147.9,6,1,0.744,0.4960096898891135,1,133.11,0.14880000000000002,0.558
251,7,0.59,557,153.4,10,0,,0.6729474841931748,1,138.06,,
251,8,0.59,184,50.7,9,1,0.614,0.5706173861227196,1,50.7,0.1228,0.4605
252,1,0.136,484,228.3,6,0,,0.10954851586893893,0,205.47000000000003,,
252,2,0.136,587,276.9,6,0,,0.0,1,249.20999999999998,,
252,3,0.136,178,84.0,5,1,0.233,0.19954180302092267,1,84.0,0.0466,0.17475000000000002
252,4,0.136,278,131.1,5,1,0.444,0.012074160514652751,1,131.1,0.0888,0.333
252,5,0.136,157,74.1,1,1,0.191,0.14199326302663284,1,74.1,0.038200000000000005,0.14325
252,6,0.136,227,107.1,4,1,0.261,0.16373769379581918,1,107.1,0.0522,0.19575
252,7,0.136,201,94.8,4,1,0.404,0.2720658595838651,1,94.8,0.08080000000000001,0.30300000000000005
252,8,0.136,305,143.9,3,1,0.241,0.005117960088088791,1,129.51000000000002,0.0482,0.18075
253,1,0.145,142,66.0,2,1,0.114,0.0,1,66.0,0.0228,0.0855
253,2,0.145,417,193.9,4,1,0.358,0.16338495447536946,1,174.51000000000002,0.0716,0.26849999999999996
253,3,0.145,526,244.5,3,0,,0.32505111815108534,0,220.05,,
253,4,0.145,267,124.1,4,1,0.216,0.26889463529394375,1,124.1,0.0432,0.162
253,5,0.145,250,116.2,10,1,0.275,0.16596594152746258,1,116.2,0.05500000000000001,0.20625000000000002
253,6,0.145,237,110.2,8,1,0.396,0.09583638143679525,1,110.2,0.0792,0.29700000000000004
253,7,0.145,445,206.9,4,0,,0.22571225966373104,0,186.21,,
253,8,0.145,454,211.1,4,0,,0.047645380029553125,1,189.99,,
254,1,0.47,397,122.8,4,1,0.577,0.5176357769356219,1,110.52,0.1154,0.43274999999999997
254,2,0.47,305,94.4,6,1,0.571,0.5205470159166626,1,84.96000000000001,0.1142,0.42824999999999996
254,3,0.47,186,57.5,7,1,0.525,0.576020990749888,1,57.5,0.10500000000000001,0.39375000000000004
254,4,0.47,590,182.5,3,0,,0.7459660038911078,1,164.25,,
254,5,0.47,254,78.6,6,1,0.595,0.5092415967178767,1,78.6,0.119,0.44625
254,6,0.47,543,168.0,7,0,,0.4191036374292501,1,151.20000000000002,,
254,7,0.47,498,154.1,9,0,,0.46744256878080054,0,138.69,,
254,8,0.47,430,133.0,7,0,,0.29309240951108817,1,119.7,,
255,1,0.347,274,97.0,7,1,0.516,0.27752868689109417,1,97.0,0.10320000000000001,0.387
255,2,0.347,308,109.1,6,1,0.379,0.3060717561886896,0,98.19,0.0758,
255,3,0.347,307,108.7,5,0,,0.29459116020654075,1,97.83,,
255,4,0.347,432,153.0,6,0,,0.3622354872033722,1,137.70000000000002,,
255,5,0.347,554,196.2,4,1,0.508,0.2647580067617799,1,176.57999999999998,0.10160000000000001,0.381
255,6,0.347,366,129.6,2,1,0.701,0.4591030667324471,1,116.64,0.1402,0.5257499999999999
255,7,0.347,247,87.5,8,1,0.442,0.3470207064918197,1,87.5,0.0884,0.3315
255,8,0.347,209,74.0,2,1,0.453,0.34606996788613853,1,74.0,0.09060000000000001,0.33975
256,1,0.224,254,105.2,2,1,0.267,0.19121052834870822,1,105.2,0.0534,0.20025
256,2,0.224,372,154.1,7,0,,0.23951906838589793,0,138.69,,
256,3,0.224,425,176.0,3,0,,0.3065098264667635,1,158.4,,
256,4,0.224,501,207.5,2,0,,0.13728697842890997,1,186.75,,
256,5,0.224,543,224.9,1,0,,0.15818835109247434,0,202.41,,
256,6,0.224,513,212.5,9,0,,0.19362739712233354,0,191.25,,
256,7,0.224,421,174.4,1,1,0.56,0.08941290765267851,0,156.96,0.11200000000000002,
256,8,0.224,370,153.2,4,1,0.219,0.14207421402785023,0,137.88,0.043800000000000006,
257,1,0.381,293,99.8,4,1,0.486,0.33337791264553407,1,99.8,0.09720000000000001,0.3645
257,2,0.381,101,34.4,5,1,0.545,0.46843891807127275,1,34.4,0.10900000000000001,0.40875000000000006
257,3,0.381,581,197.9,11,0,,0.4072561329001925,1,178.11,,
257,4,0.381,526,179.2,2,0,,0.40035899113675444,0,161.28,,
257,5,0.381,329,112.1,3,1,0.555,0.46608979621679725,1,100.89,0.11100000000000002,0.41625
257,6,0.381,299,101.9,6,0,,0.3672628211600603,0,101.9,,
257,7,0.381,158,53.8,5,1,0.539,0.420046484992889,1,53.8,0.1078,0.40425
257,8,0.381,436,148.5,2,0,,0.37067782470675037,0,133.65,,
258,1,0.253,445,177.4,2,0,,0.2795362349399628,0,159.66,,
258,2,0.253,549,218.8,2,0,,0.1947241342388418,1,196.92000000000002,,
258,3,0.253,330,131.5,7,1,0.488,0.009118284172357077,0,118.35000000000001,0.0976,
258,4,0.253,476,189.7,2,0,,0.2395720837813696,1,170.73,,
258,5,0.253,133,53.0,7,1,0.219,0.39527481360999406,1,53.0,0.043800000000000006,0.16425
258,6,0.253,224,89.3,6,1,0.407,0.34562154022415925,1,89.3,0.0814,0.30524999999999997
258,7,0.253,221,88.1,0,1,0.358,0.34953974845911706,1,88.1,0.0716,0.26849999999999996
258,8,0.253,336,133.9,7,1,0.293,0.3766130721806218,1,120.51,0.0586,0.21975
259,1,0.192,223,96.7,5,1,0.231,0.20086575909614374,1,96.7,0.046200000000000005,0.17325000000000002
259,2,0.192,211,91.5,5,1,0.458,0.21173157074055957,1,91.5,0.09160000000000001,0.3435
259,3,0.192,173,75.0,6,0,,0.130234810456565,0,75.0,,
259,4,0.192,198,85.9,7,1,0.368,0.16039271439729502,1,85.9,0.0736,0.276
259,5,0.192,250,108.4,4,1,0.304,0.25357711497711416,1,108.4,0.0608,0.22799999999999998
259,6,0.192,466,202.1,5,0,,0.3123884437168816,1,181.89,,
259,7,0.192,419,181.7,1,0,,0.17805537243190006,0,163.53,,
259,8,0.192,269,116.6,4,1,0.276,0.14698107351485884,1,116.6,0.055200000000000006,0.20700000000000002
260,1,0.218,147,61.4,2,0,,0.21805279588565973,0,61.4,,
260,2,0.218,379,158.4,3,1,0.525,0.2781206748929115,1,142.56,0.10500000000000001,0.39375000000000004
260,3,0.218,284,118.7,1,1,0.401,0.07361451838664582,1,118.7,0.08020000000000001,0.30075
260,4,0.218,463,193.5,1,0,,0.0,1,174.15,,
260,5,0.218,232,97.0,3,1,0.399,0.16294631505084164,1,97.0,0.07980000000000001,0.29925
260,6,0.218,407,170.1,4,0,,0.09592875740858413,1,153.09,,
260,7,0.218,121,50.6,2,0,,0.1671859802352689,0,50.6,,
260,8,0.218,106,44.3,3,1,0.339,0.20322196811825285,1,44.3,0.06780000000000001,0.25425000000000003
261,1,0.547,351,100.6,10,1,0.772,0.5016751590976987,0,90.53999999999999,0.1544,
261,2,0.547,596,170.8,2,0,,0.6922467534470746,1,153.72000000000003,,
261,3,0.547,460,131.8,4,1,0.669,0.5796744764602321,1,118.62000000000002,0.1338,0.50175
261,4,0.547,160,45.8,8,1,0.67,0.5770474359610829,1,45.8,0.134,0.5025000000000001
261,5,0.547,591,169.3,9,0,,0.6092207144043402,1,152.37,,
261,6,0.547,337,96.6,6,1,0.468,0.4331166882219231,1,86.94,0.09360000000000002,0.35100000000000003
261,7,0.547,404,115.8,7,1,0.597,0.650911178742027,1,104.22,0.1194,0.44775
261,8,0.547,239,68.5,2,1,0.687,0.539423571346454,1,68.5,0.13740000000000002,0.51525
262,1,0.432,579,186.4,4,0,,0.49904806172412125,1,167.76000000000002,,
262,2,0.432,279,89.8,3,1,0.562,0.32481427669598445,1,89.8,0.11240000000000001,0.42150000000000004
262,3,0.432,248,79.8,8,1,0.607,0.27662412339839354,1,79.8,0.12140000000000001,0.45525
262,4,0.432,381,122.6,4,1,0.493,0.5137889658025029,0,110.34,0.09860000000000001,
262,5,0.432,487,156.8,5,0,,0.46964095260975164,1,141.12,,
262,6,0.432,156,50.2,4,1,0.619,0.34179484456424897,1,50.2,0.12380000000000001,0.46425
262,7,0.432,515,165.8,4,0,,0.3450336918725305,1,149.22000000000003,,
262,8,0.432,338,108.8,9,1,0.549,0.5445434784414769,0,97.92,0.10980000000000001,
263,1,0.338,149,53.4,8,1,0.487,0.21905881071326722,1,53.4,0.0974,0.36524999999999996
263,2,0.338,415,148.7,7,1,0.497,0.5022672953255964,1,133.82999999999998,0.0994,0.37275
263,3,0.338,403,144.4,3,1,0.458,0.24793792653521313,1,129.96,0.09160000000000001,0.3435
263,4,0.338,226,81.0,3,1,0.456,0.40183919256083833,1,81.0,0.0912,0.342
263,5,0.338,216,77.4,5,1,0.531,0.30513815242510156,1,77.4,0.10620000000000002,0.39825
263,6,0.338,549,196.6,6,0,,0.39831874310823434,0,176.94,,
263,7,0.338,461,165.1,8,0,,0.28358859978858075,1,148.59,,
263,8,0.338,189,67.7,1,1,0.606,0.3217207093927706,1,67.7,0.1212,0.4545
264,1,0.28,479,184.2,3,0,,0.28409191753957214,0,165.78,,
264,2,0.28,532,204.6,3,1,0.42,0.17978125442185275,1,184.14,0.084,0.315
264,3,0.28,294,113.1,4,1,0.474,0.3540824345420126,1,113.1,0.0948,0.3555
264,4,0.28,544,209.2,6,1,0.519,0.2286786433528415,0,188.28,0.1038,
264,5,0.28,253,97.3,3,1,0.418,0.25714000846599816,1,97.3,0.08360000000000001,0.3135
264,6,0.28,152,58.5,4,1,0.44,0.18056506253914878,1,58.5,0.08800000000000001,0.33
264,7,0.28,335,128.8,5,0,,0.023766634120468977,1,115.92000000000002,,
264,8,0.28,346,133.1,2,0,,0.26089722373998314,1,119.78999999999999,,
265,1,0.205,173,73.6,7,1,0.342,0.44626154216129155,1,73.6,0.0684,0.2565
265,2,0.205,260,110.7,3,1,0.403,0.2834604287898024,1,110.7,0.0806,0.30225
265,3,0.205,337,143.5,4,1,0.398,0.20307396202656053,0,129.15,0.0796,
265,4,0.205,595,253.3,4,0,,0.17871091707917322,1,227.97000000000003,,
265,5,0.205,359,152.8,2,1,0.307,0.20724658928120462,1,137.52,0.0614,0.23025
265,6,0.205,395,168.2,9,1,0.298,0.259711911517521,0,151.38,0.0596,
265,7,0.205,186,79.2,3,1,0.427,0.0869187184691155,1,79.2,0.0854,0.32025
265,8,0.205,440,187.3,4,0,,0.31643216946688724,1,168.57000000000002,,
266,1,0.198,268,115.2,5,1,0.412,0.2695381315441244,1,115.2,0.0824,0.309
266,2,0.198,329,141.4,2,1,0.526,0.26981857257079345,0,127.26,0.10520000000000002,
266,3,0.198,289,124.2,3,1,0.271,0.24184757388097275,1,124.2,0.054200000000000005,0.20325000000000001
266,4,0.198,340,146.2,3,1,0.461,0.199961665769399,1,131.57999999999998,0.0922,0.34575
266,5,0.198,100,43.0,3,1,0.376,0.265286123596682,1,43.0,0.0752,0.28200000000000003
266,6,0.198,164,70.5,7,0,,0.2571814133741378,0,70.5,,
266,7,0.198,486,208.9,2,0,,0.16259592890589764,1,188.01000000000002,,
266,8,0.198,204,87.7,2,1,0.383,0.14063982271030992,1,87.7,0.0766,0.28725
267,1,0.42,200,65.2,7,1,0.565,0.43018562952619865,1,65.2,0.11299999999999999,0.42374999999999996
267,2,0.42,129,42.1,6,1,0.495,0.5749020151495188,1,42.1,0.099,0.37124999999999997
267,3,0.42,418,136.3,6,0,,0.2960892924346099,1,122.67000000000002,,
267,4,0.42,589,192.0,1,0,,0.27324747342475597,1,172.8,,
267,5,0.42,288,93.9,5,1,0.63,0.4364760841236517,1,93.9,0.126,0.47250000000000003
267,6,0.42,575,187.5,2,0,,0.4250887701856018,1,168.75,,
267,7,0.42,388,126.5,4,1,0.58,0.4373341664370408,1,113.85000000000001,0.11599999999999999,0.43499999999999994
267,8,0.42,225,73.4,9,1,0.511,0.44439531979085,1,73.4,0.10220000000000001,0.38325
268,1,0.095,266,134.2,3,1,0.386,0.07267977453651948,1,134.2,0.0772,0.2895
268,2,0.095,171,86.3,3,1,0.175,0.24398634386020823,1,86.3,0.034999999999999996,0.13124999999999998
268,3,0.095,590,297.7,3,0,,0.0,0,267.93,,
268,4,0.095,277,139.8,2,1,0.279,0.012150297521975398,1,139.8,0.05580000000000001,0.20925000000000002
268,5,0.095,461,232.6,7,0,,0.08467452398509526,1,209.34,,
268,6,0.095,244,123.1,4,1,0.406,0.0,1,123.1,0.08120000000000001,0.3045
268,7,0.095,330,166.5,2,1,0.377,0.07741455955679288,1,149.85,0.07540000000000001,0.28275
268,8,0.095,522,263.4,3,1,0.129,0.2611470165728018,1,237.05999999999997,0.025800000000000003,0.09675
269,1,0.068,573,302.5,3,0,,0.07008864882959619,0,272.25,,
269,2,0.068,243,128.3,4,1,0.279,0.09107009057186835,1,128.3,0.05580000000000001,0.20925000000000002
269,3,0.068,259,136.7,1,1,0.272,0.0,1,136.7,0.054400000000000004,0.20400000000000001
269,4,0.068,481,253.9,3,0,,0.006363859196052257,1,228.51000000000002,,
269,5,0.068,478,252.3,2,0,,0.030480361967606305,1,227.07000000000002,,
269,6,0.068,415,219.1,2,0,,0.0362284903243766,0,197.19,,
269,7,0.068,306,161.5,3,1,0.375,0.19616437950037688,1,145.35,0.07500000000000001,0.28125
269,8,0.068,424,223.8,3,0,,0.12376910607251246,1,201.42000000000002,,
270,1,0.373,455,156.3,2,0,,0.2618542043062968,1,140.67000000000002,,
270,2,0.373,259,89.0,10,1,0.564,0.3976504778432005,1,89.0,0.1128,0.42299999999999993
270,3,0.373,586,201.3,4,1,0.367,0.42282217484967854,1,181.17000000000002,0.0734,0.27525
270,4,0.373,542,186.2,8,0,,0.48701490385212665,0,167.57999999999998,,
270,5,0.373,266,91.4,6,1,0.422,0.5310540686568374,1,91.4,0.0844,0.3165
270,6,0.373,127,43.6,7,1,0.591,0.2714905808172131,1,43.6,0.1182,0.44325
270,7,0.373,503,172.8,8,0,,0.29191424887896616,1,155.52,,
270,8,0.373,210,72.1,7,1,0.436,0.24724221410853836,1,72.1,0.0872,0.327
271,1,0.181,305,134.3,3,1,0.438,0.15759801408930185,1,120.87000000000002,0.08760000000000001,0.3285
271,2,0.181,455,200.3,7,0,,0.22763583744463345,0,180.27,,
271,3,0.181,517,227.6,6,0,,0.27973345165891017,1,204.84,,
271,4,0.181,356,156.7,2,1,0.362,0.1734048976357477,0,141.03,0.0724,
271,5,0.181,573,252.2,3,0,,0.1490152476745156,0,226.98,,
271,6,0.181,479,210.9,4,0,,0.19617579922487402,1,189.81,,
271,7,0.181,544,239.5,3,0,,0.09748570983699768,0,215.55,,
271,8,0.181,357,157.2,0,0,,0.38995387216947736,1,141.48,,
272,1,0.469,303,93.8,5,1,0.654,0.30823389728819406,1,84.42,0.1308,0.49050000000000005
272,2,0.469,372,115.2,7,0,,0.48747405788957243,1,103.68,,
272,3,0.469,324,100.3,9,1,0.529,0.671360621922964,1,90.27,0.1058,0.39675000000000005
272,4,0.469,385,119.2,3,1,0.488,0.46967998445599973,1,107.28,0.0976,0.366
272,5,0.469,303,93.8,6,1,0.718,0.4499960964998505,1,84.42,0.1436,0.5385
272,6,0.469,297,92.0,7,1,0.62,0.43325545771895724,1,92.0,0.124,0.46499999999999997
272,7,0.469,345,106.8,5,1,0.512,0.4509608318237592,1,96.12,0.1024,0.384
272,8,0.469,254,78.7,10,0,,0.606284847467653,0,78.7,,
273,1,0.442,326,103.8,2,1,0.718,0.22081380886704932,1,93.42,0.1436,0.5385
273,2,0.442,474,151.0,4,0,,0.5953433701296326,0,135.9,,
273,3,0.442,112,35.7,5,1,0.742,0.29960428475498546,1,35.7,0.1484,0.5565
273,4,0.442,293,93.3,3,1,0.55,0.41533476707655853,1,93.3,0.11000000000000001,0.41250000000000003
273,5,0.442,114,36.3,6,1,0.426,0.39907555797013383,1,36.3,0.0852,0.3195
273,6,0.442,251,80.0,4,1,0.528,0.500855326977072,1,80.0,0.10560000000000001,0.396
273,7,0.442,308,98.1,3,1,0.414,0.2821875648116252,1,88.28999999999999,0.0828,0.3105
273,8,0.442,400,127.4,5,0,,0.4882172666081943,1,114.66000000000001,,
274,1,0.273,540,209.5,2,0,,0.4754309623286853,0,188.55,,
274,2,0.273,392,152.1,2,0,,0.13668259954071896,1,136.89,,
274,3,0.273,530,205.7,1,0,,0.2919706167610396,1,185.13,,
274,4,0.273,375,145.5,3,1,0.198,0.20680178222033913,1,130.95000000000002,0.0396,0.14850000000000002
274,5,0.273,369,143.2,3,0,,0.3155887206193036,1,128.88,,
274,6,0.273,100,38.8,6,1,0.446,0.27491477774157524,1,38.8,0.0892,0.3345
274,7,0.273,195,75.7,5,1,0.443,0.20885130909556904,1,75.7,0.08860000000000001,0.33225
274,8,0.273,261,101.3,5,1,0.464,0.3217872284871074,1,101.3,0.09280000000000001,0.34800000000000003
275,1,0.442,156,49.7,10,1,0.736,0.6224348109786744,1,49.7,0.1472,0.552
275,2,0.442,367,116.9,11,0,,0.4229096208272701,1,105.21000000000001,,
275,3,0.442,377,120.1,8,1,0.479,0.5139757942148182,0,108.09,0.0958,
275,4,0.442,302,96.2,6,0,,0.3126727042128836,1,86.58,,
275,5,0.442,324,103.2,6,0,,0.3463563623181991,1,92.88000000000001,,
275,6,0.442,271,86.3,3,1,0.529,0.48924062778803773,1,86.3,0.1058,0.39675000000000005
275,7,0.442,282,89.8,3,1,0.524,0.5904116028535965,1,89.8,0.1048,0.393
275,8,0.442,305,97.2,4,0,,0.477561334878566,1,87.48,,
276,1,0.451,294,92.7,7,1,0.652,0.41969419694768456,1,92.7,0.13040000000000002,0.489
276,2,0.451,181,57.1,6,1,0.558,0.4509291405423354,1,57.1,0.11160000000000002,0.41850000000000004
276,3,0.451,524,165.2,8,0,,0.32595922660302823,1,148.68,,
276,4,0.451,560,176.6,3,0,,0.5114515326355367,1,158.94,,
276,5,0.451,250,78.8,5,1,0.481,0.5392333062323409,1,78.8,0.09620000000000001,0.36075
276,6,0.451,402,126.7,4,1,0.559,0.40579096671669196,0,114.03,0.11180000000000001,
276,7,0.451,398,125.5,2,1,0.559,0.4039957852240499,1,112.95,0.11180000000000001,0.41925
276,8,0.451,440,138.7,5,0,,0.47758782296520486,1,124.83,,
277,1,0.514,213,63.0,8,1,0.54,0.47032802639594046,1,63.0,0.10800000000000001,0.405
277,2,0.514,385,113.9,9,0,,0.5073867385374178,1,102.51,,
277,3,0.514,443,131.0,9,1,0.637,0.7239721789166516,1,117.9,0.1274,0.47775
277,4,0.514,456,134.9,7,0,,0.4892974299254004,1,121.41000000000001,,
277,5,0.514,174,51.5,8,1,0.603,0.4781659847978778,1,51.5,0.1206,0.45225
277,6,0.514,434,128.4,10,0,,0.4492458194364841,0,115.56,,
277,7,0.514,344,101.7,9,0,,0.5884191971499937,1,91.53,,
277,8,0.514,501,148.2,6,0,,0.4958775826781897,1,133.38,,
278,1,0.198,452,194.1,6,0,,0.1330626961678574,1,174.69,,
278,2,0.198,539,231.5,2,0,,0.33013040322730125,1,208.35,,
278,3,0.198,590,253.4,6,0,,0.3399603004513637,1,228.06,,
278,4,0.198,186,79.9,1,1,0.382,0.13795764342612948,1,79.9,0.07640000000000001,0.2865
278,5,0.198,377,161.9,7,0,,0.011346004863938386,0,145.71,,
278,6,0.198,443,190.3,9,0,,0.29875136898369226,1,171.27,,
278,7,0.198,255,109.5,5,1,0.261,0.1295370174239996,1,109.5,0.0522,0.19575
278,8,0.198,393,168.8,3,1,0.559,0.2770625599162769,0,151.92000000000002,0.11180000000000001,
279,1,0.056,409,220.6,1,1,0.233,0.0,0,198.54,0.0466,
279,2,0.056,587,316.6,4,0,,0.14525973382993093,1,284.94000000000005,,
279,3,0.056,512,276.1,5,0,,0.0,0,248.49000000000004,,
279,4,0.056,202,108.9,3,1,0.163,0.12907641190665245,1,108.9,0.032600000000000004,0.12225
279,5,0.056,408,220.0,4,1,0.318,0.05742730678364341,1,198.0,0.0636,0.2385
279,6,0.056,143,77.1,3,1,0.394,0.0,1,77.1,0.07880000000000001,0.2955
279,7,0.056,176,94.9,5,1,0.245,0.015296368707321949,1,94.9,0.049,0.18375
279,8,0.056,422,227.6,5,1,0.239,0.1246318456956701,0,204.84,0.0478,
280,1,0.013,233,136.2,1,1,0.072,0.023589445311523426,1,136.2,0.0144,0.05399999999999999
280,2,0.013,316,184.8,1,1,0.324,0.07144129804724843,1,166.32000000000002,0.06480000000000001,0.243
280,3,0.013,267,156.1,5,1,0.198,0.21064405845154857,1,156.1,0.0396,0.14850000000000002
280,4,0.013,362,211.7,3,0,,0.0,1,190.53,,
280,5,0.013,321,187.7,3,1,0.108,0.1747212574968624,1,168.93,0.0216,0.081
280,6,0.013,318,185.9,2,0,,0.023435593752321293,0,167.31,,
280,7,0.013,404,236.2,1,0,,0.0,1,212.57999999999998,,
280,8,0.013,584,341.5,2,0,,0.0,1,307.35,,
281,1,0.442,163,51.9,7,1,0.527,0.42308796092229667,1,51.9,0.10540000000000001,0.39525
281,2,0.442,591,188.2,5,0,,0.534165011192446,1,169.38,,
281,3,0.442,443,141.1,5,0,,0.4292450879622466,1,126.99,,
281,4,0.442,100,31.8,5,1,0.298,0.5931154930247348,1,31.8,0.0596,0.22349999999999998
281,5,0.442,210,66.9,8,1,0.474,0.2968824309948441,1,66.9,0.0948,0.3555
281,6,0.442,442,140.7,4,0,,0.44079110521539455,1,126.63,,
281,7,0.442,391,124.5,5,0,,0.3167606555586881,1,112.05,,
281,8,0.442,497,158.2,4,0,,0.4783631882624968,0,142.38,,
282,1,0.256,142,56.3,3,1,0.333,0.34468873900973007,1,56.3,0.0666,0.24975000000000003
282,2,0.256,459,182.1,7,0,,0.2139238206318947,1,163.89,,
282,3,0.256,380,150.7,8,0,,0.0,0,135.63,,
282,4,0.256,200,79.3,3,1,0.572,0.27589481467964944,1,79.3,0.1144,0.42899999999999994
282,5,0.256,168,66.6,1,1,0.333,0.299673855173351,1,66.6,0.0666,0.24975000000000003
282,6,0.256,357,141.6,4,1,0.334,0.29642947549616977,1,127.44,0.06680000000000001,0.2505
282,7,0.256,128,50.8,4,1,0.511,0.3795782191822154,1,50.8,0.10220000000000001,0.38325
282,8,0.256,487,193.2,5,0,,0.14889463203509512,0,173.88,,
283,1,0.12,533,257.9,6,0,,0.18802161054504496,0,232.10999999999999,,
283,2,0.12,513,248.2,4,0,,0.2392507512477975,0,223.38,,
283,3,0.12,596,288.3,4,0,,0.0,0,259.47,,
283,4,0.12,458,221.6,5,0,,0.15196518259189773,1,199.44,,
283,5,0.12,277,134.0,4,0,,0.06958201689923285,0,134.0,,
283,6,0.12,580,280.6,3,0,,0.1118477326898354,1,252.54000000000002,,
283,7,0.12,306,148.0,2,1,0.226,0.15476764835383364,0,133.20000000000002,0.045200000000000004,
283,8,0.12,278,134.5,2,1,0.325,0.07127714358864476,1,134.5,0.065,0.24375000000000002
284,1,0.291,178,67.5,4,1,0.271,0.2234291920838388,1,67.5,0.054200000000000005,0.20325000000000001
284,2,0.291,310,117.6,3,1,0.555,0.29441524174880246,0,105.84,0.11100000000000002,
284,3,0.291,357,135.5,3,1,0.475,0.18227540611371973,1,121.95,0.095,0.35624999999999996
284,4,0.291,281,106.6,7,1,0.582,0.18241748711148142,1,106.6,0.1164,0.4365
284,5,0.291,224,85.0,9,1,0.529,0.35893732829565034,1,85.0,0.1058,0.39675000000000005
284,6,0.291,261,99.0,5,1,0.506,0.17612059648413436,1,99.0,0.10120000000000001,0.3795
284,7,0.291,101,38.3,5,1,0.507,0.35763125009092117,1,38.3,0.1014,0.38025
284,8,0.291,240,91.1,6,1,0.405,0.3372591292853951,1,91.1,0.08100000000000002,0.30375
285,1,0.248,592,237.3,6,0,,0.07541932712094032,0,213.57000000000002,,
285,2,0.248,495,198.4,4,0,,0.18024353476643448,1,178.56,,
285,3,0.248,587,235.3,6,0,,0.36741094030473725,1,211.77,,
285,4,0.248,475,190.4,5,0,,0.14988344688603183,0,171.36,,
285,5,0.248,513,205.6,5,0,,0.20155957376906122,1,185.04,,
285,6,0.248,158,63.3,3,1,0.324,0.29420608932518966,1,63.3,0.06480000000000001,0.243
285,7,0.248,414,165.9,2,0,,0.32633905092825954,1,149.31,,
285,8,0.248,464,186.0,3,0,,0.22284611139555044,1,167.4,,
286,1,0.273,330,128.1,10,1,0.517,0.21324898053083585,1,115.28999999999999,0.1034,0.38775000000000004
286,2,0.273,277,107.5,3,1,0.484,0.41523698616985083,1,107.5,0.0968,0.363
286,3,0.273,535,207.6,4,0,,0.4468899663797579,1,186.84,,
286,4,0.273,277,107.5,6,1,0.467,0.3708858050781796,1,107.5,0.09340000000000001,0.35025
286,5,0.273,582,225.8,5,0,,0.2815318142565024,1,203.22000000000003,,
286,6,0.273,450,174.6,1,1,0.46,0.19217342783590738,1,157.14,0.09200000000000001,0.34500000000000003
286,7,0.273,226,87.7,5,1,0.289,0.1899555593443435,1,87.7,0.0578,0.21675
286,8,0.273,407,157.9,4,1,0.273,0.3252514105265758,1,142.11,0.05460000000000001,0.20475000000000002
287,1,0.231,480,197.0,7,0,,0.27283982208886837,1,177.3,,
287,2,0.231,150,61.6,3,1,0.263,0.37115985929464296,1,61.6,0.05260000000000001,0.19725
287,3,0.231,285,117.0,4,1,0.667,0.29604500925361393,1,117.0,0.13340000000000002,0.5002500000000001
287,4,0.231,459,188.4,2,0,,0.08069196982401819,1,169.56,,
287,5,0.231,129,52.9,2,1,0.493,0.3361947617722919,1,52.9,0.09860000000000001,0.36975
287,6,0.231,273,112.0,2,1,0.446,0.1311939372685587,1,112.0,0.0892,0.3345
287,7,0.231,265,108.8,7,1,0.405,0.19260287280476485,1,108.8,0.08100000000000002,0.30375
287,8,0.231,317,130.1,1,1,0.341,0.2560200206251695,0,117.09,0.06820000000000001,
288,1,0.398,284,94.9,2,1,0.532,0.5975667489783965,1,94.9,0.10640000000000001,0.399
288,2,0.398,309,103.3,6,1,0.516,0.7089918556005361,0,92.97,0.10320000000000001,
288,3,0.398,596,199.2,5,0,,0.4586723059136183,1,179.28,,
288,4,0.398,505,168.8,5,0,,0.37968033812796126,1,151.92000000000002,,
288,5,0.398,491,164.1,3,0,,0.45145056484805507,0,147.69,,
288,6,0.398,111,37.1,5,1,0.487,0.48676554258738364,1,37.1,0.0974,0.36524999999999996
288,7,0.398,392,131.0,8,1,0.525,0.36593323744428086,1,117.9,0.10500000000000001,0.39375000000000004
288,8,0.398,570,190.5,3,0,,0.5775211355912322,1,171.45000000000002,,
289,1,0.123,567,273.1,3,0,,0.1460070759191402,0,245.79000000000002,,
289,2,0.123,535,257.7,3,0,,0.17277430890913942,1,231.93,,
289,3,0.123,560,269.7,4,0,,0.18959242520544614,1,242.73,,
289,4,0.123,350,168.6,5,1,0.329,0.16515866106144556,0,151.74,0.06580000000000001,
289,5,0.123,391,188.3,7,1,0.325,0.2068940500469612,0,169.47000000000003,0.065,
289,6,0.123,261,125.7,2,1,0.258,0.061274681345307676,1,125.7,0.05160000000000001,0.1935
289,7,0.123,252,121.4,2,1,0.324,0.06716982460539694,1,121.4,0.06480000000000001,0.243
289,8,0.123,219,105.5,3,1,0.184,0.0129845767028305,1,105.5,0.0368,0.138
290,1,0.244,476,191.9,2,0,,0.2879501230620226,1,172.71,,
290,2,0.244,153,61.7,0,1,0.212,0.3218936503512114,1,61.7,0.0424,0.159
290,3,0.244,213,85.9,3,1,0.305,0.2897772866151886,1,85.9,0.061,0.22875
290,4,0.244,125,50.4,1,1,0.395,0.41144924333475374,1,50.4,0.07900000000000001,0.29625
290,5,0.244,404,162.8,6,0,,0.24344039811709534,1,146.52,,
290,6,0.244,388,156.4,7,0,,0.3108741655592513,1,140.76000000000002,,
290,7,0.244,120,48.4,6,1,0.259,0.13482991238606856,1,48.4,0.051800000000000006,0.19425
290,8,0.244,517,208.4,3,0,,0.2052900297525599,0,187.56,,
291,1,0.169,518,232.3,7,0,,0.23855377575657777,1,209.07000000000002,,
291,2,0.169,340,152.5,1,0,,0.25391021107431444,1,137.25,,
291,3,0.169,156,69.9,5,1,0.539,0.13960330523358178,1,69.9,0.1078,0.40425
291,4,0.169,215,96.4,7,1,0.478,0.16184007481419332,1,96.4,0.0956,0.3585
291,5,0.169,177,79.4,1,1,0.2,0.017212625331919057,1,79.4,0.04000000000000001,0.15000000000000002
291,6,0.169,566,253.8,5,0,,0.13329707991933906,0,228.42000000000002,,
291,7,0.169,164,73.5,5,1,0.389,0.2580383163519786,1,73.5,0.07780000000000001,0.29175
291,8,0.169,537,240.8,4,0,,0.22652050161065665,1,216.72000000000003,,
292,1,0.363,120,41.7,5,1,0.542,0.413066572138121,1,41.7,0.10840000000000001,0.40650000000000003
292,2,0.363,534,185.6,4,0,,0.367977368718096,1,167.04,,
292,3,0.363,210,73.0,5,1,0.545,0.36370631586281765,1,73.0,0.10900000000000001,0.40875000000000006
292,4,0.363,297,103.2,3,1,0.275,0.2969678860526553,1,103.2,0.05500000000000001,0.20625000000000002
292,5,0.363,562,195.4,4,0,,0.43288284202025346,1,175.86,,
292,6,0.363,135,46.9,4,1,0.474,0.405097294438939,1,46.9,0.0948,0.3555
292,7,0.363,566,196.8,5,0,,0.41220188479927994,1,177.12,,
292,8,0.363,509,176.9,6,0,,0.31039651573324195,1,159.21,,
293,1,0.159,249,113.3,5,1,0.257,0.0,1,113.3,0.0514,0.19275
293,2,0.159,484,220.2,6,0,,0.2687152711753696,0,198.18,,
293,3,0.159,261,118.7,5,1,0.416,0.11111625439915959,1,118.7,0.0832,0.312
293,4,0.159,179,81.4,1,1,0.452,0.07272242359568794,1,81.4,0.09040000000000001,0.339
293,5,0.159,588,267.5,3,0,,0.22834789119139937,0,240.75,,
293,6,0.159,536,243.9,4,0,,0.11979873600808705,1,219.51000000000002,,
293,7,0.159,321,146.0,3,1,0.227,0.26499363840466217,1,131.4,0.0454,0.17025
293,8,0.159,303,137.9,4,0,,0.22070059495766975,1,124.11000000000001,,
294,1,0.098,192,96.3,7,1,0.4,0.16635693232004778,1,96.3,0.08000000000000002,0.30000000000000004
294,2,0.098,139,69.7,3,1,0.173,0.0,1,69.7,0.0346,0.12974999999999998
294,3,0.098,379,190.1,2,0,,0.21919439853864006,1,171.09,,
294,4,0.098,468,234.8,1,0,,0.1241250531233856,1,211.32000000000002,,
294,5,0.098,117,58.7,5,1,0.423,0.061072286075379685,1,58.7,0.08460000000000001,0.31725
294,6,0.098,282,141.5,7,1,0.25,0.11233884673422512,1,141.5,0.05,0.1875
294,7,0.098,218,109.4,7,1,0.428,0.0,1,109.4,0.08560000000000001,0.321
294,8,0.098,474,237.8,7,1,0.266,0.1388652811480671,0,214.02,0.053200000000000004,
295,1,0.326,101,36.7,3,1,0.313,0.22306284918179287,1,36.7,0.0626,0.23475000000000001
295,2,0.326,117,42.5,10,1,0.509,0.19073297141564657,1,42.5,0.1018,0.38175000000000003
295,3,0.326,149,54.1,4,1,0.551,0.1737640813782109,1,54.1,0.11020000000000002,0.41325
295,4,0.326,171,62.1,6,1,0.495,0.43726883749899254,1,62.1,0.099,0.37124999999999997
295,5,0.326,321,116.6,4,1,0.303,0.26307366063072113,1,104.94,0.0606,0.22725
295,6,0.326,540,196.2,3,0,,0.47937277099164993,1,176.57999999999998,,
295,7,0.326,270,98.1,6,1,0.467,0.27241985369477023,1,98.1,0.09340000000000001,0.35025
295,8,0.326,536,194.7,6,0,,0.15526420424070533,1,175.23,,
296,1,0.307,178,66.2,5,1,0.415,0.1953475560051341,1,66.2,0.083,0.31124999999999997
296,2,0.307,456,169.6,3,0,,0.43058116200069385,1,152.64,,
296,3,0.307,103,38.3,0,1,0.518,0.29141018220633325,1,38.3,0.10360000000000001,0.3885
296,4,0.307,585,217.6,4,0,,0.2521712703509399,1,195.84,,
296,5,0.307,508,189.0,5,0,,0.32300182258527876,1,170.1,,
296,6,0.307,150,55.8,4,1,0.428,0.35717827361675447,1,55.8,0.08560000000000001,0.321
296,7,0.307,253,94.1,3,1,0.468,0.4187398815902461,1,94.1,0.09360000000000002,0.35100000000000003
296,8,0.307,367,136.5,3,0,,0.4518499229892926,1,122.85000000000001,,
297,1,0.077,227,118.1,6,1,0.247,0.04102313542109142,1,118.1,0.0494,0.18525
297,2,0.077,206,107.2,5,1,0.148,0.0,1,107.2,0.0296,0.11099999999999999
297,3,0.077,229,119.1,4,1,0.201,0.035653483887672394,1,119.1,0.04020000000000001,0.15075
297,4,0.077,436,226.8,3,0,,0.10302805065828861,0,204.12,,
297,5,0.077,143,74.4,4,1,0.129,0.0,1,74.4,0.025800000000000003,0.09675
297,6,0.077,520,270.5,3,0,,0.0,1,243.45000000000002,,
297,7,0.077,527,274.1,3,0,,0.11137878815498854,1,246.69000000000003,,
297,8,0.077,451,234.6,5,0,,0.07213476484295489,0,211.14,,
298,1,0.473,589,181.6,10,0,,0.4762796995411586,0,163.44,,
298,2,0.473,518,159.7,6,1,0.651,0.39715046652999303,1,143.73,0.1302,0.48825
298,3,0.473,104,32.1,7,1,0.722,0.44995992857942324,1,32.1,0.1444,0.5415
298,4,0.473,399,123.0,2,1,0.56,0.38057668557316954,1,110.7,0.11200000000000002,0.42000000000000004
298,5,0.473,423,130.4,10,0,,0.5620198411124786,1,117.36000000000001,,
298,6,0.473,147,45.3,10,1,0.48,0.5765249334723752,1,45.3,0.096,0.36
298,7,0.473,122,37.6,3,1,0.541,0.2883812137761906,1,37.6,0.10820000000000002,0.40575000000000006
298,8,0.473,111,34.2,6,1,0.562,0.38004891398075896,1,34.2,0.11240000000000001,0.42150000000000004
299,1,0.316,387,142.3,4,0,,0.1663470744909921,0,128.07000000000002,,
299,2,0.316,227,83.5,4,1,0.581,0.2509976065593102,1,83.5,0.1162,0.43574999999999997
299,3,0.316,118,43.4,5,1,0.386,0.3076562030209639,1,43.4,0.0772,0.2895
299,4,0.316,286,105.2,6,0,,0.171035478030147,0,105.2,,
299,5,0.316,355,130.6,4,0,,0.2238140186874687,1,117.53999999999999,,
299,6,0.316,204,75.0,2,1,0.605,0.21560426279185013,1,75.0,0.121,0.45375
299,7,0.316,273,100.4,5,1,0.515,0.3367267329398944,1,100.4,0.10300000000000001,0.38625
299,8,0.316,236,86.8,2,1,0.456,0.32293443370362507,1,86.8,0.0912,0.342
300,1,0.206,302,128.3,4,1,0.62,0.13382624466627466,1,115.47000000000001,0.124,0.46499999999999997
300,2,0.206,462,196.2,3,0,,0.22368208721393978,1,176.57999999999998,,
300,3,0.206,147,62.4,5,1,0.459,0.15133199154127344,1,62.4,0.0918,0.34425
300,4,0.206,152,64.6,2,1,0.306,0.17883448896739465,1,64.6,0.061200000000000004,0.22949999999999998
300,5,0.206,451,191.6,6,1,0.451,0.3733452090298537,1,172.44,0.0902,0.33825
300,6,0.206,174,73.9,3,1,0.498,0.3400461051790348,1,73.9,0.09960000000000001,0.3735
300,7,0.206,562,238.7,6,0,,0.07604187630724021,1,214.82999999999998,,
300,8,0.206,289,122.8,3,1,0.451,0.28897324178791745,1,122.8,0.0902,0.33825
301,1,0.039,203,113.1,2,1,0.12,0.12013965544915922,1,113.1,0.024,0.09
301,2,0.039,308,171.5,5,1,0.251,0.0,1,154.35,0.0502,0.18825
301,3,0.039,290,161.5,2,1,0.275,0.12087776437548606,1,161.5,0.05500000000000001,0.20625000000000002
301,4,0.039,114,63.5,3,1,0.106,0.1927931918412553,1,63.5,0.0212,0.0795
301,5,0.039,591,329.1,2,0,,0.0,0,296.19000000000005,,
301,6,0.039,207,115.3,0,1,0.231,0.0,1,115.3,0.046200000000000005,0.17325000000000002
301,7,0.039,345,192.1,1,1,0.236,0.14076614668435025,0,172.89,0.0472,
301,8,0.039,280,155.9,5,1,0.33,0.0661495310825648,1,155.9,0.066,0.2475
302,1,0.417,179,58.6,3,1,0.435,0.47214762752395234,1,58.6,0.08700000000000001,0.32625
302,2,0.417,180,58.9,4,1,0.438,0.4510589216400497,1,58.9,0.08760000000000001,0.3285
302,3,0.417,593,194.0,10,0,,0.4560695920928144,1,174.6,,
302,4,0.417,188,61.5,9,1,0.805,0.2843527871688917,1,61.5,0.16100000000000003,0.60375
302,5,0.417,468,153.1,7,0,,0.5217317706621448,1,137.79,,
302,6,0.417,156,51.0,1,1,0.649,0.5339589992427773,1,51.0,0.1298,0.48675
302,7,0.417,163,53.3,4,1,0.34,0.3940609255931972,1,53.3,0.068,0.255
302,8,0.417,170,55.6,7,1,0.42,0.4126523050186137,1,55.6,0.084,0.315
303,1,0.305,120,44.7,3,1,0.542,0.15188924974442777,1,44.7,0.10840000000000001,0.40650000000000003
303,2,0.305,575,214.2,3,0,,0.3564254756017835,1,192.78,,
303,3,0.305,148,55.1,6,1,0.465,0.3622057441714144,1,55.1,0.09300000000000001,0.34875
303,4,0.305,108,40.2,2,1,0.345,0.2987808983000689,1,40.2,0.06899999999999999,0.25875
303,5,0.305,381,141.9,6,1,0.521,0.4174353359870503,1,127.71000000000001,0.10420000000000001,0.39075000000000004
303,6,0.305,497,185.2,6,0,,0.27159227690200594,0,166.68,,
303,7,0.305,398,148.3,2,0,,0.36146059258936003,0,133.47000000000003,,
303,8,0.305,247,92.0,6,1,0.465,0.20303356613078843,1,92.0,0.09300000000000001,0.34875
304,1,0.36,151,52.6,4,1,0.449,0.3576447849125762,1,52.6,0.0898,0.33675
304,2,0.36,193,67.3,3,1,0.514,0.3425645742097164,1,67.3,0.1028,0.3855
304,3,0.36,141,49.2,1,1,0.447,0.38253079220409414,1,49.2,0.08940000000000001,0.33525
304,4,0.36,563,196.3,7,0,,0.32304730711666413,1,176.67000000000002,,
304,5,0.36,251,87.5,5,1,0.341,0.3468527404328332,1,87.5,0.06820000000000001,0.25575000000000003
304,6,0.36,365,127.3,4,1,0.465,0.4426047171441506,1,114.57,0.09300000000000001,0.34875
304,7,0.36,167,58.2,3,1,0.516,0.31632357627617824,1,58.2,0.10320000000000001,0.387
304,8,0.36,171,59.6,2,1,0.802,0.19934228992613204,1,59.6,0.16040000000000001,0.6015
305,1,0.32,565,206.8,3,0,,0.49495839042054207,1,186.12,,
305,2,0.32,122,44.7,8,1,0.613,0.45814540786904867,1,44.7,0.1226,0.45975
305,3,0.32,413,151.2,7,1,0.382,0.19077373048943813,1,136.07999999999998,0.07640000000000001,0.2865
305,4,0.32,533,195.1,6,0,,0.38897078052451944,1,175.59,,
305,5,0.32,481,176.1,1,0,,0.2697025229448657,0,158.49,,
305,6,0.32,294,107.6,8,1,0.24,0.346348721533106,1,107.6,0.048,0.18
305,7,0.32,380,139.1,3,0,,0.3494224129013494,0,125.19,,
305,8,0.32,270,98.8,6,0,,0.2965592199683678,0,98.8,,
306,1,0.06,469,251.1,3,0,,0.0,1,225.99,,
306,2,0.06,248,132.8,4,1,0.275,0.0,1,132.8,0.05500000000000001,0.20625000000000002
306,3,0.06,326,174.5,4,1,0.218,0.0,0,157.05,0.0436,
306,4,0.06,242,129.6,6,1,0.188,0.0,1,129.6,0.0376,0.14100000000000001
306,5,0.06,574,307.3,5,0,,0.05328217099506447,0,276.57,,
306,6,0.06,546,292.3,1,0,,0.0,0,263.07,,
306,7,0.06,552,295.5,3,0,,0.128205206571262,0,265.95,,
306,8,0.06,106,56.7,3,1,0.408,0.20872461553359273,1,56.7,0.0816,0.306
307,1,0.218,395,165.1,4,1,0.391,0.1599946758629957,0,148.59,0.0782,
307,2,0.218,499,208.6,4,0,,0.2419404500535377,1,187.74,,
307,3,0.218,387,161.8,3,0,,0.2679685110302934,0,145.62,,
307,4,0.218,365,152.6,3,1,0.256,0.2652002270919274,1,137.34,0.0512,0.192
307,5,0.218,238,99.5,6,1,0.368,0.22559552679160874,1,99.5,0.0736,0.276
307,6,0.218,599,250.4,2,0,,0.2922682418359722,0,225.36,,
307,7,0.218,100,41.8,5,1,0.391,0.2662248952680657,1,41.8,0.0782,0.29325
307,8,0.218,240,100.3,6,1,0.319,0.09423375776727021,1,100.3,0.06380000000000001,0.23925000000000002
308,1,0.423,190,61.7,5,1,0.56,0.5099156064389273,1,61.7,0.11200000000000002,0.42000000000000004
308,2,0.423,176,57.2,3,1,0.564,0.5117290837266741,1,57.2,0.1128,0.42299999999999993
308,3,0.423,271,88.0,4,1,0.53,0.34667138958214183,1,88.0,0.10600000000000001,0.3975
308,4,0.423,599,194.6,6,0,,0.42679378354476016,1,175.14,,
308,5,0.423,504,163.7,2,1,0.518,0.4913328992811069,1,147.32999999999998,0.10360000000000001,0.3885
308,6,0.423,487,158.2,6,1,0.492,0.40206861804206384,1,142.38,0.0984,0.369
308,7,0.423,331,107.5,8,1,0.579,0.5302978047766012,1,96.75,0.1158,0.43424999999999997
308,8,0.423,155,50.4,1,1,0.545,0.659387249461936,1,50.4,0.10900000000000001,0.40875000000000006
309,1,0.086,551,282.2,6,0,,0.007401396736501753,1,253.98,,
309,2,0.086,314,160.8,5,1,0.231,0.0,1,144.72000000000003,0.046200000000000005,0.17325000000000002
309,3,0.086,574,294.0,3,0,,0.11638185956048756,0,264.6,,
309,4,0.086,525,268.9,2,1,0.25,0.15815625051261434,0,242.01,0.05,
309,5,0.086,442,226.4,3,0,,0.06291336261552309,0,203.76000000000002,,
309,6,0.086,235,120.4,7,1,0.159,0.23132606633210342,1,120.4,0.0318,0.11925
309,7,0.086,553,283.2,3,0,,0.0,1,254.88,,
309,8,0.086,571,292.4,6,0,,0.1552918623031611,1,263.15999999999997,,
310,1,0.241,460,186.2,2,1,0.382,0.18041391792411066,1,167.57999999999998,0.07640000000000001,0.2865
310,2,0.241,449,181.7,2,0,,0.41293779062072966,1,163.53,,
310,3,0.241,327,132.4,6,1,0.48,0.4402515353168118,0,119.16000000000001,0.096,
310,4,0.241,573,231.9,1,0,,0.16433434122166518,1,208.71,,
310,5,0.241,269,108.9,9,1,0.428,0.18604428640914197,1,108.9,0.08560000000000001,0.321
310,6,0.241,173,70.0,3,1,0.408,0.3269587886979802,1,70.0,0.0816,0.306
310,7,0.241,440,178.1,6,1,0.451,0.20228693502104853,1,160.29,0.0902,0.33825
310,8,0.241,114,46.1,6,1,0.603,0.23645887820677616,1,46.1,0.1206,0.45225
311,1,0.107,300,148.3,6,1,0.232,0.10953884205424101,1,148.3,0.046400000000000004,0.17400000000000002
311,2,0.107,225,111.2,6,1,0.397,0.0,1,111.2,0.07940000000000001,0.29775
311,3,0.107,263,130.0,5,0,,0.10561622539057627,0,130.0,,
311,4,0.107,304,150.3,6,1,0.181,0.03802722259358261,0,135.27,0.0362,
311,5,0.107,251,124.1,4,1,0.352,0.057687717760022794,1,124.1,0.0704,0.264
311,6,0.107,205,101.3,0,1,0.485,0.2513632003468814,1,101.3,0.097,0.36375
311,7,0.107,102,50.4,4,1,0.188,0.0,1,50.4,0.0376,0.14100000000000001
311,8,0.107,142,70.2,4,1,0.352,0.1883205186747977,1,70.2,0.0704,0.264
312,1,0.394,110,36.9,7,1,0.638,0.36610370696681915,1,36.9,0.12760000000000002,0.47850000000000004
312,2,0.394,270,90.6,7,1,0.395,0.36602398315041657,1,90.6,0.07900000000000001,0.29625
312,3,0.394,373,125.2,6,1,0.307,0.47303718960517116,1,112.68,0.0614,0.23025
312,4,0.394,495,166.1,4,0,,0.42800512945688907,0,149.49,,
312,5,0.394,441,148.0,8,0,,0.45106129972195314,1,133.20000000000002,,
312,6,0.394,326,109.4,8,0,,0.49081846605328616,1,98.46000000000001,,
312,7,0.394,295,99.0,5,1,0.432,0.3608691616816677,1,99.0,0.0864,0.324
312,8,0.394,362,121.5,11,1,0.329,0.33277632654922495,0,109.35000000000001,0.06580000000000001,
313,1,0.256,372,147.7,3,0,,0.14748494734422019,0,132.93,,
313,2,0.256,147,58.4,5,1,0.391,0.17345894700210449,1,58.4,0.0782,0.29325
313,3,0.256,348,138.1,2,1,0.421,0.5509094425308725,1,124.28999999999999,0.0842,0.31575
313,4,0.256,320,127.0,6,1,0.376,0.38046795807367867,1,114.3,0.0752,0.28200000000000003
313,5,0.256,217,86.1,6,1,0.498,0.12089256337919788,1,86.1,0.09960000000000001,0.3735
313,6,0.256,276,109.6,8,1,0.401,0.12375420432564299,1,109.6,0.08020000000000001,0.30075
313,7,0.256,460,182.6,6,0,,0.30418660617184917,1,164.34,,
313,8,0.256,387,153.6,10,1,0.418,0.3107264797377967,1,138.24,0.08360000000000001,0.3135
314,1,0.384,466,158.1,7,0,,0.4388883835317364,0,142.29,,
314,2,0.384,484,164.2,3,0,,0.35850442064463023,1,147.78,,
314,3,0.384,466,158.1,4,0,,0.37145457399971,1,142.29,,
314,4,0.384,359,121.8,4,1,0.512,0.41678795241593575,0,109.62,0.1024,
314,5,0.384,118,40.0,4,1,0.453,0.39258930062933306,1,40.0,0.09060000000000001,0.33975
314,6,0.384,506,171.7,7,0,,0.16206996272524649,1,154.53,,
314,7,0.384,258,87.5,4,1,0.437,0.36102003694248064,1,87.5,0.0874,0.32775
314,8,0.384,266,90.3,7,1,0.387,0.29885935657396867,1,90.3,0.07740000000000001,0.29025
315,1,0.366,421,145.8,2,0,,0.3835211418908512,1,131.22000000000003,,
315,2,0.366,157,54.4,6,1,0.483,0.664525900260341,1,54.4,0.0966,0.36224999999999996
315,3,0.366,289,100.1,4,1,0.467,0.40274816654743045,1,100.1,0.09340000000000001,0.35025
315,4,0.366,449,155.5,4,0,,0.3346470313827602,0,139.95000000000002,,
315,5,0.366,478,165.6,10,0,,0.45818015019772523,0,149.04,,
315,6,0.366,370,128.2,4,0,,0.41426878872092127,0,115.38,,
315,7,0.366,274,94.9,4,1,0.424,0.4080094490451841,1,94.9,0.0848,0.318
315,8,0.366,427,147.9,6,0,,0.4266850593215671,1,133.11,,
316,1,0.582,211,58.5,8,1,0.483,0.7876543564829541,1,58.5,0.0966,0.36224999999999996
316,2,0.582,392,108.7,9,1,0.565,0.4689111564674084,1,97.83,0.11299999999999999,0.42374999999999996
316,3,0.582,293,81.3,5,1,0.825,0.6293632076811454,1,81.3,0.165,0.6187499999999999
316,4,0.582,158,43.8,6,1,0.875,0.48936188700184613,1,43.8,0.17500000000000002,0.65625
316,5,0.582,242,67.1,2,1,0.684,0.6375512646342247,1,67.1,0.1368,0.513
316,6,0.582,570,158.1,3,0,,0.49013134885139054,1,142.29,,
316,7,0.582,399,110.7,7,0,,0.5402633186394915,1,99.63000000000001,,
316,8,0.582,397,110.1,4,1,0.752,0.5524910085762094,0,99.09,0.1504,
317,1,0.562,522,147.4,5,0,,0.6595816719344709,1,132.66,,
317,2,0.562,280,79.1,5,1,0.368,0.6538454443942414,1,79.1,0.0736,0.276
317,3,0.562,483,136.4,3,0,,0.4374282623553616,1,122.76,,
317,4,0.562,560,158.2,4,0,,0.567493411099985,1,142.38,,
317,5,0.562,444,125.4,6,1,0.662,0.4910420145250828,1,112.86000000000001,0.13240000000000002,0.49650000000000005
317,6,0.562,498,140.7,5,0,,0.4361495089324666,1,126.63,,
317,7,0.562,208,58.7,3,1,0.526,0.540298294957563,1,58.7,0.10520000000000002,0.3945
317,8,0.562,402,113.5,8,1,0.578,0.5311517211544181,1,102.15,0.1156,0.4335
318,1,0.088,525,267.7,1,0,,0.33067164863455223,0,240.93,,
318,2,0.088,152,77.5,2,1,0.131,0.1312959825360696,1,77.5,0.0262,0.09825
318,3,0.088,249,126.9,5,1,0.429,0.0,1,126.9,0.0858,0.32175
318,4,0.088,211,107.6,6,1,0.344,0.031522599582905764,1,107.6,0.0688,0.258
318,5,0.088,178,90.7,1,1,0.144,0.19013832954293985,1,90.7,0.0288,0.10799999999999998
318,6,0.088,125,63.7,3,1,0.313,0.2968442772869925,1,63.7,0.0626,0.23475000000000001
318,7,0.088,392,199.8,3,1,0.375,0.0,1,179.82000000000002,0.07500000000000001,0.28125
318,8,0.088,303,154.5,1,0,,0.0,0,139.05,,
319,1,0.345,281,99.8,5,1,0.356,0.5320965175371782,1,99.8,0.0712,0.267
319,2,0.345,141,50.1,4,1,0.571,0.38396141773709036,1,50.1,0.1142,0.42824999999999996
319,3,0.345,511,181.5,3,0,,0.2581707268123633,1,163.35,,
319,4,0.345,473,168.0,4,1,0.62,0.39846290861224354,1,151.20000000000002,0.124,0.46499999999999997
319,5,0.345,441,156.6,3,1,0.394,0.08142522609831221,1,140.94,0.07880000000000001,0.2955
319,6,0.345,112,39.8,4,1,0.571,0.34533755065971605,1,39.8,0.1142,0.42824999999999996
319,7,0.345,410,145.6,7,0,,0.3777821172843085,0,131.04,,
319,8,0.345,177,62.9,4,1,0.332,0.437427013953783,1,62.9,0.0664,0.249
320,1,0.61,327,88.4,5,1,0.56,0.5086104047707463,1,79.56,0.11200000000000002,0.42000000000000004
320,2,0.61,366,99.0,8,1,0.711,0.6185687161403359,1,89.10000000000001,0.1422,0.53325
320,3,0.61,572,154.7,9,0,,0.5174575373940412,1,139.23,,
320,4,0.61,424,114.6,5,1,0.768,0.6355383755674316,1,103.14,0.15360000000000001,0.5760000000000001
320,5,0.61,343,92.7,8,0,,0.5204653677636976,1,83.43,,
320,6,0.61,405,109.5,5,1,0.751,0.569189916083978,1,98.55,0.1502,0.56325
320,7,0.61,552,149.2,9,0,,0.5104184605209771,1,134.28,,
320,8,0.61,348,94.1,12,1,0.683,0.6751136241823656,0,84.69,0.13660000000000003,
321,1,0.314,523,192.7,4,0,,0.39984511166566655,0,173.43,,
321,2,0.314,296,109.1,2,1,0.437,0.2905379430042586,1,109.1,0.0874,0.32775
321,3,0.314,461,169.9,8,0,,0.3178237994960028,1,152.91,,
321,4,0.314,222,81.8,6,1,0.589,0.1691408585366456,1,81.8,0.1178,0.44175
321,5,0.314,294,108.3,5,1,0.47,0.2840323351993213,1,108.3,0.094,0.3525
321,6,0.314,359,132.3,3,1,0.445,0.30897953829582553,1,119.07000000000001,0.08900000000000001,0.33375
321,7,0.314,546,201.2,5,0,,0.5760793091029975,0,181.07999999999998,,
321,8,0.314,137,50.5,10,1,0.515,0.20280329742258363,1,50.5,0.10300000000000001,0.38625
322,1,0.648,214,55.9,7,0,,0.7944177238752438,0,55.9,,
322,2,0.648,205,53.6,6,1,0.708,0.7476858773465809,1,53.6,0.1416,0.5309999999999999
322,3,0.648,264,69.0,7,1,0.621,0.6760636404490137,1,69.0,0.1242,0.46575
322,4,0.648,244,63.8,6,1,0.678,0.8238620484195134,1,19.139999999999997,0.13560000000000003,0.5085000000000001
322,5,0.648,181,47.3,8,1,0.819,0.6852105472606863,1,47.3,0.1638,0.61425
322,6,0.648,111,29.0,2,0,,0.6869159195667929,0,29.0,,
322,7,0.648,248,64.8,9,1,0.793,0.6426879346982455,1,64.8,0.15860000000000002,0.59475
322,8,0.648,134,35.0,9,1,0.681,0.7703568882418628,1,35.0,0.13620000000000002,0.51075
323,1,0.227,226,93.3,3,1,0.323,0.33664692338108837,1,93.3,0.0646,0.24225000000000002
323,2,0.227,346,142.9,3,1,0.328,0.16443227125037876,1,128.61,0.0656,0.246
323,3,0.227,246,101.6,8,1,0.372,0.09507528054012326,1,101.6,0.07440000000000001,0.279
323,4,0.227,148,61.1,5,1,0.489,0.2067019362604343,1,61.1,0.0978,0.36675
323,5,0.227,145,59.9,2,1,0.264,0.14699614356023535,1,59.9,0.05280000000000001,0.198
323,6,0.227,432,178.4,3,0,,0.2206475425384645,1,160.56,,
323,7,0.227,555,229.2,3,0,,0.35074381346841393,1,206.28,,
323,8,0.227,351,144.9,7,0,,0.181269834491321,0,130.41,,
324,1,0.453,295,92.8,5,1,0.533,0.44871766186884254,1,92.8,0.10660000000000001,0.39975000000000005
324,2,0.453,384,120.9,7,1,0.447,0.4588022734808395,1,108.81,0.08940000000000001,0.33525
324,3,0.453,202,63.6,10,1,0.544,0.5378430882205285,1,63.6,0.10880000000000001,0.40800000000000003
324,4,0.453,229,72.1,11,1,0.545,0.2283110666015395,1,72.1,0.10900000000000001,0.40875000000000006
324,5,0.453,267,84.0,6,1,0.64,0.39232997052347035,1,84.0,0.128,0.48
324,6,0.453,206,64.8,4,1,0.607,0.47412836922794727,1,64.8,0.12140000000000001,0.45525
324,7,0.453,452,142.3,10,1,0.638,0.5730078956426862,1,128.07000000000002,0.12760000000000002,0.47850000000000004
324,8,0.453,364,114.6,7,1,0.572,0.4038097552493795,1,103.14,0.1144,0.42899999999999994
325,1,0.6,356,97.1,6,0,,0.41234472939581257,1,87.39,,
325,2,0.6,535,146.0,2,0,,0.6619711445966137,1,131.4,,
325,3,0.6,498,135.9,5,0,,0.536463761117437,1,122.31,,
325,4,0.6,538,146.8,5,0,,0.4810333340909638,1,132.12,,
325,5,0.6,124,33.8,4,1,0.6,0.5375654610286775,1,33.8,0.12,0.44999999999999996
325,6,0.6,360,98.2,3,0,,0.5815474642344151,0,88.38000000000001,,
325,7,0.6,273,74.5,8,1,0.628,0.5395255335461787,1,74.5,0.12560000000000002,0.471
325,8,0.6,312,85.1,4,1,0.556,0.37944339429009305,0,76.59,0.11120000000000002,
326,1,0.136,341,160.8,2,1,0.365,0.22570661968871325,0,144.72000000000003,0.073,
326,2,0.136,352,166.0,7,1,0.241,0.26348750412787225,1,149.4,0.0482,0.18075
326,3,0.136,189,89.1,3,1,0.227,0.2011521991339506,1,89.1,0.0454,0.17025
326,4,0.136,336,158.4,4,1,0.44,0.022231432957518338,1,142.56,0.08800000000000001,0.33
326,5,0.136,447,210.8,9,0,,0.1158508466052482,1,189.72000000000003,,
326,6,0.136,293,138.2,1,1,0.363,0.1353478684770542,1,138.2,0.0726,0.27225
326,7,0.136,103,48.6,7,1,0.305,0.19587943895619103,1,48.6,0.061,0.22875
326,8,0.136,158,74.5,4,1,0.292,0.20283404887180811,1,74.5,0.0584,0.21899999999999997
327,1,0.236,418,170.3,1,1,0.344,0.1625826201221504,1,153.27,0.0688,0.258
327,2,0.236,194,79.1,3,1,0.404,0.24419955564135604,1,79.1,0.08080000000000001,0.30300000000000005
327,3,0.236,587,239.2,2,0,,0.2817280404615241,0,215.28,,
327,4,0.236,314,128.0,3,1,0.291,0.3815822322146767,0,115.2,0.0582,
327,5,0.236,568,231.5,4,0,,0.3064506539824723,0,208.35,,
327,6,0.236,128,52.2,3,1,0.382,0.3149056687375519,1,52.2,0.07640000000000001,0.2865
327,7,0.236,398,162.2,3,0,,0.24438266279293608,1,145.98,,
327,8,0.236,510,207.8,4,1,0.349,0.3770459145203504,0,187.02,0.0698,
328,1,0.605,106,28.8,3,1,0.519,0.6459762795959497,1,28.8,0.1038,0.38925
328,2,0.605,559,151.8,9,0,,0.518891208982643,1,136.62,,
328,3,0.605,409,111.1,8,0,,0.7453369970125191,1,99.99,,
328,4,0.605,320,86.9,5,1,0.519,0.6747903272539028,1,78.21000000000001,0.1038,0.38925
328,5,0.605,145,39.4,2,1,0.647,0.5606955978871517,1,39.4,0.12940000000000002,0.48525
328,6,0.605,215,58.4,4,0,,0.5570507032600757,0,58.4,,
328,7,0.605,416,113.0,6,0,,0.6346575545140761,1,101.7,,
328,8,0.605,376,102.1,7,1,0.644,0.6513184795267585,1,91.89,0.1288,0.483
329,1,0.292,565,214.0,6,0,,0.31172922656312063,1,192.6,,
329,2,0.292,200,75.8,3,1,0.327,0.3231308673442885,1,75.8,0.0654,0.24525000000000002
329,3,0.292,360,136.4,7,1,0.566,0.46199573745763806,1,122.76,0.1132,0.4245
329,4,0.292,216,81.8,4,1,0.485,0.39915431522348854,1,81.8,0.097,0.36375
329,5,0.292,294,111.4,1,1,0.311,0.3110635591265024,1,111.4,0.062200000000000005,0.23325
329,6,0.292,334,126.5,4,0,,0.3861310580767483,1,113.85000000000001,,
329,7,0.292,586,222.0,2,0,,0.18874760964724602,1,199.8,,
329,8,0.292,331,125.4,3,1,0.345,0.3317927049946809,0,112.86000000000001,0.06899999999999999,
330,1,0.4,184,61.3,5,1,0.329,0.580930634973311,1,61.3,0.06580000000000001,0.24675000000000002
330,2,0.4,129,43.0,1,1,0.632,0.37819541046076266,1,43.0,0.1264,0.474
330,3,0.4,499,166.3,4,0,,0.31523660713809154,1,149.67000000000002,,
330,4,0.4,564,187.9,6,0,,0.33479111114069393,1,169.11,,
330,5,0.4,487,162.3,4,0,,0.2910366962657612,1,146.07000000000002,,
330,6,0.4,463,154.3,7,0,,0.32152380918722967,1,138.87,,
330,7,0.4,432,143.9,1,0,,0.36294919014099714,1,129.51000000000002,,
330,8,0.4,445,148.3,4,0,,0.25944329808213584,1,133.47000000000003,,
331,1,0.451,466,147.0,8,0,,0.4525618333949603,1,132.3,,
331,2,0.451,301,95.0,7,1,0.613,0.5412277173786647,1,85.5,0.1226,0.45975
331,3,0.451,368,116.1,4,1,0.701,0.360224381985308,1,104.49,0.1402,0.5257499999999999
331,4,0.451,285,89.9,7,1,0.526,0.6029283923641768,1,89.9,0.10520000000000002,0.3945
331,5,0.451,138,43.5,6,0,,0.5020792088527595,0,43.5,,
331,6,0.451,128,40.4,8,1,0.509,0.5540580585624058,1,40.4,0.1018,0.38175000000000003
331,7,0.451,551,173.9,5,0,,0.38521654461478627,1,156.51000000000002,,
331,8,0.451,279,88.0,3,1,0.517,0.5364525227066615,1,88.0,0.1034,0.38775000000000004
332,1,0.185,305,133.6,3,1,0.262,0.07580660996046869,0,120.24,0.0524,
332,2,0.185,424,185.7,4,1,0.369,0.2740247500836509,1,167.13,0.0738,0.27675
332,3,0.185,537,235.3,3,0,,0.2021839339793531,1,211.77,,
332,4,0.185,187,81.9,2,1,0.439,0.24032512199847836,1,81.9,0.0878,0.32925
332,5,0.185,435,190.6,3,0,,0.06744053943751482,1,171.54,,
332,6,0.185,440,192.8,9,0,,0.09549301577233953,1,173.52,,
332,7,0.185,438,191.9,4,0,,0.24472282182533847,1,172.71,,
332,8,0.185,503,220.4,5,0,,0.09016519957757992,0,198.36,,
333,1,0.41,282,92.9,5,1,0.536,0.4563206292099123,1,92.9,0.10720000000000002,0.402
333,2,0.41,279,92.0,6,1,0.514,0.2732862193539754,1,92.0,0.1028,0.3855
333,3,0.41,510,168.1,9,0,,0.4948174212666668,1,151.29,,
333,4,0.41,500,164.8,4,0,,0.28674766852314904,1,148.32000000000002,,
333,5,0.41,323,106.5,6,1,0.408,0.4652299937679523,1,95.85000000000001,0.0816,0.306
333,6,0.41,467,153.9,4,0,,0.47256309336460006,1,138.51000000000002,,
333,7,0.41,109,35.9,5,1,0.351,0.34032281815704246,1,35.9,0.0702,0.26325
333,8,0.41,328,108.1,6,1,0.495,0.46820265670847266,1,97.28999999999999,0.099,0.37124999999999997
334,1,0.35,358,126.4,4,1,0.523,0.37604422633335555,1,113.76,0.10460000000000001,0.39225
334,2,0.35,554,195.6,4,0,,0.29611581438072615,1,176.04,,
334,3,0.35,342,120.7,5,1,0.352,0.24914453159237915,0,108.63000000000001,0.0704,
334,4,0.35,472,166.6,6,1,0.509,0.15373743083274205,0,149.94,0.1018,
334,5,0.35,561,198.1,9,0,,0.38496500472996936,0,178.29,,
334,6,0.35,256,90.4,6,1,0.239,0.19351972286379446,1,90.4,0.0478,0.17925
334,7,0.35,403,142.3,1,0,,0.3595344199441308,0,128.07000000000002,,
334,8,0.35,292,103.1,3,1,0.579,0.32365517839177504,1,103.1,0.1158,0.43424999999999997
335,1,0.176,122,54.2,5,1,0.34,0.24391427754381956,1,54.2,0.068,0.255
335,2,0.176,482,214.0,5,0,,0.14579545005101358,0,192.6,,
335,3,0.176,424,188.3,4,1,0.459,0.14305522136529086,1,169.47000000000003,0.0918,0.34425
335,4,0.176,287,127.4,5,1,0.419,0.24918707042882954,1,127.4,0.0838,0.31425
335,5,0.176,410,182.1,3,0,,0.20950580290841175,1,163.89,,
335,6,0.176,555,246.4,1,0,,0.2076155957182778,0,221.76000000000002,,
335,7,0.176,334,148.3,3,1,0.355,0.22292675898085262,0,133.47000000000003,0.071,
335,8,0.176,418,185.6,6,0,,0.022442787679289394,0,167.04,,
336,1,0.205,235,100.0,3,1,0.424,0.2806788679986982,1,100.0,0.0848,0.318
336,2,0.205,367,156.1,3,1,0.294,0.2662468794013602,1,140.49,0.0588,0.22049999999999997
336,3,0.205,306,130.2,4,1,0.297,0.10333168714235026,1,117.17999999999999,0.0594,0.22275
336,4,0.205,473,201.2,7,0,,0.18059195263257985,1,181.07999999999998,,
336,5,0.205,599,254.8,4,0,,0.20106927123723686,1,229.32000000000002,,
336,6,0.205,416,177.0,7,1,0.34,0.1915503215598267,1,159.3,0.068,0.255
336,7,0.205,584,248.4,4,0,,0.23838599665685345,0,223.56,,
336,8,0.205,463,196.9,6,0,,0.34813667818311833,1,177.21,,
337,1,0.609,484,131.0,4,0,,0.7171766727672828,1,117.9,,
337,2,0.609,205,55.5,8,1,0.802,0.47777808065685934,1,55.5,0.16040000000000001,0.6015
337,3,0.609,469,126.9,5,0,,0.6712069990306049,1,114.21000000000001,,
337,4,0.609,153,41.4,3,1,0.709,0.741893331953541,1,41.4,0.1418,0.53175
337,5,0.609,134,36.3,3,1,0.913,0.6476808520689202,1,36.3,0.1826,0.68475
337,6,0.609,203,54.9,8,1,0.643,0.7180980425185967,1,54.9,0.12860000000000002,0.48225
337,7,0.609,473,128.0,6,0,,0.8102270445700765,1,38.4,,
337,8,0.609,254,68.7,8,1,0.537,0.7113709546106981,1,68.7,0.10740000000000001,0.40275000000000005
338,1,0.142,332,155.2,1,1,0.359,0.16693085956417286,1,139.68,0.0718,0.26925
338,2,0.142,348,162.7,4,1,0.06,0.24650884740847534,0,146.43,0.012,
338,3,0.142,265,123.9,5,1,0.189,0.1564887833096891,1,123.9,0.0378,0.14175
338,4,0.142,429,200.6,4,0,,0.14439030432849553,0,180.54,,
338,5,0.142,245,114.5,5,1,0.396,0.10685857642862673,1,114.5,0.0792,0.29700000000000004
338,6,0.142,406,189.8,3,1,0.242,0.2983413358832108,0,170.82000000000002,0.0484,
338,7,0.142,224,104.7,4,1,0.283,0.06015713340579984,1,104.7,0.0566,0.21225
338,8,0.142,159,74.3,5,1,0.284,0.2952367724678116,1,74.3,0.056799999999999996,0.21299999999999997
339,1,0.436,155,49.7,8,1,0.588,0.48598641237403717,1,49.7,0.1176,0.44099999999999995
339,2,0.436,265,84.9,7,1,0.718,0.29606938251980586,1,84.9,0.1436,0.5385
339,3,0.436,412,132.1,3,0,,0.47276492929914216,0,118.89,,
339,4,0.436,206,66.0,5,1,0.574,0.22599734923483758,1,66.0,0.1148,0.4305
339,5,0.436,182,58.3,5,1,0.709,0.49855080168310356,1,58.3,0.1418,0.53175
339,6,0.436,169,54.2,7,1,0.289,0.5245231482988991,1,54.2,0.0578,0.21675
339,7,0.436,411,131.7,2,1,0.425,0.37676440443479464,0,118.52999999999999,0.085,
339,8,0.436,144,46.2,4,0,,0.44835476959555826,0,46.2,,
340,1,0.308,464,172.2,6,0,,0.5034157433750286,1,154.98,,
340,2,0.308,154,57.2,6,1,0.361,0.2574253295738063,1,57.2,0.0722,0.27075
340,3,0.308,468,173.7,4,0,,0.20210924129433994,0,156.32999999999998,,
340,4,0.308,259,96.1,7,1,0.427,0.4561663402462599,1,96.1,0.0854,0.32025
340,5,0.308,537,199.3,5,1,0.438,0.5042587190530795,0,179.37,0.08760000000000001,
340,6,0.308,104,38.6,3,0,,0.30836956718478475,0,38.6,,
340,7,0.308,395,146.6,5,1,0.468,0.40914630354083564,0,131.94,0.09360000000000002,
340,8,0.308,474,175.9,8,0,,0.44214759155308814,1,158.31,,
341,1,0.455,405,127.2,5,1,0.544,0.3807515767461616,0,114.48,0.10880000000000001,
341,2,0.455,581,182.5,8,0,,0.40646941646321316,1,164.25,,
341,3,0.455,332,104.3,9,0,,0.5780874513154735,1,93.87,,
341,4,0.455,410,128.8,5,0,,0.6235014278708509,1,115.92000000000002,,
341,5,0.455,590,185.3,2,0,,0.5112880860174355,1,166.77,,
341,6,0.455,276,86.7,3,1,0.681,0.3670185646497946,1,86.7,0.13620000000000002,0.51075
341,7,0.455,573,180.0,10,0,,0.6537061111699441,1,162.0,,
341,8,0.455,471,148.0,7,1,0.458,0.40190291021880353,1,133.20000000000002,0.09160000000000001,0.3435
342,1,0.428,197,63.7,10,1,0.689,0.3944862218828548,1,63.7,0.1378,0.5167499999999999
342,2,0.428,588,190.2,4,0,,0.46223378344896215,1,171.18,,
342,3,0.428,266,86.0,7,1,0.725,0.5834160420714773,1,86.0,0.145,0.54375
342,4,0.428,213,68.9,7,1,0.648,0.5133975976552223,1,68.9,0.12960000000000002,0.486
342,5,0.428,467,151.0,1,0,,0.46948655003619105,1,135.9,,
342,6,0.428,320,103.5,7,1,0.685,0.4743288530118106,1,93.15,0.137,0.51375
342,7,0.428,306,99.0,6,1,0.62,0.4323514668643466,1,89.10000000000001,0.124,0.46499999999999997
342,8,0.428,131,42.4,4,1,0.58,0.48381395145185063,1,42.4,0.11599999999999999,0.43499999999999994
343,1,0.278,106,40.9,2,1,0.492,0.02504399223056969,1,40.9,0.0984,0.369
343,2,0.278,230,88.7,4,1,0.399,0.24833925409302018,1,88.7,0.07980000000000001,0.29925
343,3,0.278,105,40.5,8,1,0.803,0.30213219349167814,1,40.5,0.16060000000000002,0.6022500000000001
343,4,0.278,434,167.3,5,0,,0.16289859163804932,1,150.57000000000002,,
343,5,0.278,192,74.0,7,1,0.609,0.316632331781156,1,74.0,0.1218,0.45675
343,6,0.278,320,123.4,4,1,0.338,0.25755287790138787,1,111.06,0.06760000000000001,0.2535
343,7,0.278,127,49.0,3,1,0.484,0.45354756983154904,1,49.0,0.0968,0.363
343,8,0.278,122,47.0,6,1,0.402,0.43530197252148567,1,47.0,0.08040000000000001,0.3015
344,1,0.185,248,108.6,2,1,0.493,0.1384194430881837,1,108.6,0.09860000000000001,0.36975
344,2,0.185,282,123.5,3,1,0.411,0.16991622884333046,1,123.5,0.0822,0.30824999999999997
344,3,0.185,360,157.6,10,0,,0.17760524343916073,1,141.84,,
344,4,0.185,494,216.3,5,0,,0.13983405238403773,1,194.67000000000002,,
344,5,0.185,489,214.1,5,0,,0.20450249840281268,1,192.69,,
344,6,0.185,564,246.9,8,0,,0.10917179311124098,0,222.21,,
344,7,0.185,134,58.7,6,0,,0.07193846650624736,0,58.7,,
344,8,0.185,197,86.2,4,1,0.284,0.24727112239002685,1,86.2,0.056799999999999996,0.21299999999999997
345,1,0.555,438,124.5,3,1,0.778,0.6179529584221811,1,112.05,0.15560000000000002,0.5835
345,2,0.555,152,43.2,7,1,0.766,0.4745684240340008,1,43.2,0.1532,0.5745
345,3,0.555,568,161.5,8,0,,0.64453554307626,1,145.35,,
345,4,0.555,161,45.8,4,1,0.876,0.4918422270834669,1,45.8,0.17520000000000002,0.657
345,5,0.555,556,158.1,4,0,,0.5803165238037982,1,142.29,,
345,6,0.555,513,145.8,2,0,,0.6370344012612457,0,131.22000000000003,,
345,7,0.555,147,41.8,3,1,0.704,0.5516387435296287,1,41.8,0.1408,0.528
345,8,0.555,456,129.6,7,0,,0.6004740912141135,1,116.64,,
346,1,0.503,434,129.8,2,1,0.544,0.45135703561124285,1,116.82000000000001,0.10880000000000001,0.40800000000000003
346,2,0.503,218,65.2,4,1,0.537,0.4833533416571903,1,65.2,0.10740000000000001,0.40275000000000005
346,3,0.503,473,141.4,5,0,,0.482414056911966,1,127.26,,
346,4,0.503,487,145.6,3,1,0.697,0.42834216534597613,1,131.04,0.1394,0.5227499999999999
346,5,0.503,509,152.2,6,0,,0.4853225836884218,1,136.98,,
346,6,0.503,476,142.3,5,0,,0.34813817011362536,1,128.07000000000002,,
346,7,0.503,328,98.1,4,1,0.773,0.45388462528578954,1,88.28999999999999,0.15460000000000002,0.57975
346,8,0.503,241,72.1,5,1,0.718,0.47451245066303294,1,72.1,0.1436,0.5385
347,1,0.322,378,138.0,10,0,,0.296382024750462,1,124.2,,
347,2,0.322,418,152.6,4,0,,0.29785025541292215,1,137.34,,
347,3,0.322,100,36.5,4,1,0.555,0.31582358001398714,1,36.5,0.11100000000000002,0.41625
347,4,0.322,106,38.7,7,1,0.45,0.3699441518086064,1,38.7,0.09000000000000001,0.3375
347,5,0.322,580,211.7,3,0,,0.40945170741325226,1,190.53,,
347,6,0.322,202,73.7,3,1,0.561,0.2570234773151733,1,73.7,0.11220000000000002,0.42075000000000007
347,7,0.322,491,179.2,6,0,,0.20167991446108557,0,161.28,,
347,8,0.322,518,189.1,2,0,,0.2177955587756897,1,170.19,,
348,1,0.294,436,164.7,7,1,0.525,0.24527970788050726,1,148.23,0.10500000000000001,0.39375000000000004
348,2,0.294,372,140.5,4,1,0.379,0.25880786821834906,0,126.45,0.0758,
348,3,0.294,359,135.6,7,0,,0.21700039338025423,0,122.03999999999999,,
348,4,0.294,574,216.9,8,0,,0.16438833357501054,1,195.21,,
348,5,0.294,514,194.2,3,0,,0.24838791725258116,0,174.78,,
348,6,0.294,310,117.1,7,1,0.322,0.3121426620113971,1,105.39,0.0644,0.2415
348,7,0.294,437,165.1,7,0,,0.35350294658355647,1,148.59,,
348,8,0.294,283,106.9,10,1,0.455,0.23825769468916785,1,106.9,0.09100000000000001,0.34125
349,1,0.125,574,275.3,2,0,,0.08370021778565659,1,247.77,,
349,2,0.125,458,219.7,3,1,0.352,0.032330169115268925,1,197.73,0.0704,0.264
349,3,0.125,398,190.9,3,0,,0.12185608296252236,1,171.81,,
349,4,0.125,319,153.0,1,1,0.321,0.04015713658091853,1,137.70000000000002,0.06420000000000001,0.24075000000000002
349,5,0.125,470,225.4,3,0,,0.18231278132412002,0,202.86,,
349,6,0.125,288,138.1,4,1,0.383,0.0,1,138.1,0.0766,0.28725
349,7,0.125,575,275.8,5,0,,0.08903703275475375,1,248.22000000000003,,
349,8,0.125,265,127.1,4,1,0.294,0.1551107339191742,1,127.1,0.0588,0.22049999999999997
350,1,0.444,289,91.8,3,1,0.511,0.4623834516322504,1,91.8,0.10220000000000001,0.38325
350,2,0.444,554,176.0,5,0,,0.7133033663980497,1,158.4,,
350,3,0.444,558,177.3,4,0,,0.47898000245679073,1,159.57000000000002,,
350,4,0.444,499,158.5,3,0,,0.34359454031579895,1,142.65,,
350,5,0.444,309,98.2,6,1,0.597,0.4344535752910927,1,88.38000000000001,0.1194,0.44775
350,6,0.444,152,48.3,7,1,0.538,0.2663753666533548,1,48.3,0.10760000000000002,0.4035
350,7,0.444,253,80.4,4,1,0.668,0.4359400250703239,1,80.4,0.13360000000000002,0.501
350,8,0.444,244,77.5,6,1,0.598,0.3606943942999241,1,77.5,0.1196,0.4485
351,1,0.576,546,152.3,5,0,,0.6675390275560161,0,137.07000000000002,,
351,2,0.576,529,147.5,4,0,,0.5210459725404465,1,132.75,,
351,3,0.576,284,79.2,4,1,0.807,0.5643234084204753,1,79.2,0.16140000000000002,0.6052500000000001
351,4,0.576,409,114.1,10,0,,0.5124442158595596,1,102.69,,
351,5,0.576,208,58.0,3,1,0.555,0.7498851351853331,1,58.0,0.11100000000000002,0.41625
351,6,0.576,308,85.9,3,1,0.651,0.5438757233882088,1,77.31,0.1302,0.48825
351,7,0.576,544,151.7,7,0,,0.7592557043479201,1,136.53,,
351,8,0.576,142,39.6,5,1,0.745,0.6574151762118267,1,39.6,0.149,0.55875
352,1,0.124,248,119.3,4,1,0.492,0.17220667273353862,1,119.3,0.0984,0.369
352,2,0.124,272,130.8,5,1,0.454,0.16087331473175198,1,130.8,0.0908,0.3405
352,3,0.124,565,271.7,7,0,,0.16337972982162516,0,244.53,,
352,4,0.124,287,138.0,0,1,0.202,0.0,1,138.0,0.040400000000000005,0.15150000000000002
352,5,0.124,469,225.5,6,0,,0.09611166058492435,0,202.95000000000002,,
352,6,0.124,474,228.0,5,0,,0.20851579711843216,1,205.20000000000002,,
352,7,0.124,295,141.9,4,1,0.138,0.11911028165258944,1,141.9,0.027600000000000003,0.10350000000000001
352,8,0.124,172,82.7,2,1,0.132,0.0,1,82.7,0.026400000000000003,0.099
353,1,0.142,589,275.3,1,0,,0.13675955494225303,1,247.77,,
353,2,0.142,362,169.2,1,0,,0.3124105516255491,1,152.28,,
353,3,0.142,496,231.9,6,0,,0.26668917155347194,1,208.71,,
353,4,0.142,230,107.5,3,1,0.438,0.1357995990633968,1,107.5,0.08760000000000001,0.3285
353,5,0.142,427,199.6,0,0,,0.23714492770580864,0,179.64,,
353,6,0.142,457,213.6,5,0,,0.10534929796319481,0,192.24,,
353,7,0.142,503,235.1,6,0,,0.0,0,211.59,,
353,8,0.142,572,267.4,6,0,,0.04955340118704454,0,240.66,,
354,1,0.187,142,62.0,4,1,0.37,0.34328887685081977,1,62.0,0.074,0.27749999999999997
354,2,0.187,478,208.7,6,0,,0.15960069181706957,1,187.82999999999998,,
354,3,0.187,528,230.5,5,0,,0.1626616020624982,0,207.45000000000002,,
354,4,0.187,354,154.5,3,1,0.342,0.15701618037251194,1,139.05,0.0684,0.2565
354,5,0.187,353,154.1,4,1,0.383,0.3774136589573007,0,138.69,0.0766,
354,6,0.187,108,47.1,8,1,0.174,0.34959589153620635,1,47.1,0.0348,0.1305
354,7,0.187,197,86.0,7,1,0.321,0.4088780233448134,1,86.0,0.06420000000000001,0.24075000000000002
354,8,0.187,126,55.0,4,1,0.243,0.17109547895999488,1,55.0,0.048600000000000004,0.18225
355,1,0.191,440,191.0,4,0,,0.22056244887470952,1,171.9,,
355,2,0.191,568,246.5,3,0,,0.03933574505792087,0,221.85,,
355,3,0.191,502,217.9,3,0,,0.33869344261182743,0,196.11,,
355,4,0.191,280,121.5,6,1,0.461,0.0742220448732065,1,121.5,0.0922,0.34575
355,5,0.191,107,46.4,2,1,0.314,0.2126775563762629,1,46.4,0.06280000000000001,0.2355
355,6,0.191,323,140.2,7,1,0.318,0.0812697472367156,1,126.17999999999999,0.0636,0.2385
355,7,0.191,116,50.3,4,1,0.282,0.1321133173261304,1,50.3,0.0564,0.21149999999999997
355,8,0.191,581,252.1,3,0,,0.10727375689502996,1,226.89,,
356,1,0.275,565,218.7,10,1,0.403,0.21421247393241824,1,196.82999999999998,0.0806,0.30225
356,2,0.275,466,180.4,4,0,,0.22108772968510215,1,162.36,,
356,3,0.275,370,143.2,3,1,0.407,0.22017312050749233,1,128.88,0.0814,0.30524999999999997
356,4,0.275,333,128.9,5,1,0.478,0.35833339117803076,0,116.01,0.0956,
356,5,0.275,197,76.3,5,1,0.443,0.164513720693748,1,76.3,0.08860000000000001,0.33225
356,6,0.275,145,56.1,2,1,0.319,0.2970541427013867,1,56.1,0.06380000000000001,0.23925000000000002
356,7,0.275,187,72.4,5,1,0.338,0.39679591523055585,1,72.4,0.06760000000000001,0.2535
356,8,0.275,255,98.7,3,1,0.412,0.22368036354866042,1,98.7,0.0824,0.309
357,1,0.259,554,218.8,0,0,,0.1872081109252398,1,196.92000000000002,,
357,2,0.259,392,154.8,4,0,,0.23594753748197492,1,139.32000000000002,,
357,3,0.259,158,62.4,3,1,0.352,0.376972520836071,1,62.4,0.0704,0.264
357,4,0.259,501,197.9,8,0,,0.2784107630953358,1,178.11,,
357,5,0.259,498,196.7,5,0,,0.20587857053924016,1,177.03,,
357,6,0.259,217,85.7,4,1,0.43,0.307387665118804,1,85.7,0.08600000000000001,0.3225
357,7,0.259,290,114.6,6,1,0.26,0.14877078501635765,1,114.6,0.052000000000000005,0.195
357,8,0.259,433,171.0,1,0,,0.3271359510442948,1,153.9,,
358,1,0.116,117,57.0,3,1,0.399,0.15686073077017676,1,57.0,0.07980000000000001,0.29925
358,2,0.116,408,198.7,4,0,,0.0852191528861116,0,178.82999999999998,,
358,3,0.116,416,202.6,1,0,,0.03214142015527689,0,182.34,,
358,4,0.116,523,254.7,5,0,,0.02733190777165427,1,229.23,,
358,5,0.116,425,207.0,5,0,,0.16948173363459101,1,186.3,,
358,6,0.116,167,81.3,7,1,0.328,0.2388980502489062,1,81.3,0.0656,0.246
358,7,0.116,399,194.3,2,1,0.346,0.052269225297120525,0,174.87,0.0692,
358,8,0.116,329,160.2,3,0,,0.16183867035514843,0,144.18,,
359,1,0.588,216,59.6,6,1,0.696,0.37929729813979307,1,59.6,0.1392,0.522
359,2,0.588,405,111.7,6,0,,0.52953822693428,1,100.53,,
359,3,0.588,128,35.3,1,1,0.721,0.5848941067129098,1,35.3,0.1442,0.54075
359,4,0.588,181,49.9,6,1,0.441,0.4970316583018166,1,49.9,0.0882,0.33075
359,5,0.588,423,116.7,3,0,,0.49434936252104034,1,105.03,,
359,6,0.588,587,161.9,2,0,,0.5212220443531114,1,145.71,,
359,7,0.588,245,67.6,2,1,0.683,0.6172192728326373,1,67.6,0.13660000000000003,0.5122500000000001
359,8,0.588,188,51.8,6,1,0.739,0.5692670981593625,1,51.8,0.14780000000000001,0.55425
360,1,0.142,524,244.9,6,0,,0.0,0,220.41,,
360,2,0.142,427,199.6,3,0,,0.0,0,179.64,,
360,3,0.142,353,165.0,2,0,,0.08131348221428245,0,148.5,,
360,4,0.142,596,278.6,1,0,,0.1877686586053552,1,250.74000000000004,,
360,5,0.142,131,61.2,4,1,0.29,0.0,1,61.2,0.057999999999999996,0.21749999999999997
360,6,0.142,556,259.9,4,0,,0.09202698238483692,0,233.91,,
360,7,0.142,251,117.3,3,1,0.32,0.08937521434825788,1,117.3,0.064,0.24
360,8,0.142,497,232.3,7,0,,0.2808337778208448,1,209.07000000000002,,
361,1,0.267,398,155.7,4,1,0.301,0.22849781882871364,1,140.13,0.060200000000000004,0.22575
361,2,0.267,582,227.6,5,1,0.36,0.30529889847409286,0,204.84,0.072,
361,3,0.267,156,61.0,5,1,0.437,0.28112571400874636,1,61.0,0.0874,0.32775
361,4,0.267,439,171.7,4,1,0.388,0.05394335201927994,1,154.53,0.0776,0.29100000000000004
361,5,0.267,105,41.1,0,1,0.638,0.34382072166317373,1,41.1,0.12760000000000002,0.47850000000000004
361,6,0.267,284,111.1,7,1,0.4,0.2885396505456288,1,111.1,0.08000000000000002,0.30000000000000004
361,7,0.267,273,106.8,5,1,0.329,0.31782686396745896,1,106.8,0.06580000000000001,0.24675000000000002
361,8,0.267,233,91.1,5,0,,0.6596237706436328,0,91.1,,
362,1,0.169,583,261.3,5,0,,0.0,0,235.17000000000002,,
362,2,0.169,558,250.1,6,1,0.351,0.34146966497611086,1,225.09,0.0702,0.26325
362,3,0.169,502,225.0,3,0,,0.14025524805996445,1,202.5,,
362,4,0.169,504,225.9,4,0,,0.19773289044030096,0,203.31,,
362,5,0.169,293,131.3,1,1,0.448,0.1644487754698758,1,131.3,0.08960000000000001,0.336
362,6,0.169,338,151.5,3,0,,0.12657636666019567,1,136.35,,
362,7,0.169,265,118.8,2,1,0.391,0.11201670717612414,1,118.8,0.0782,0.29325
362,8,0.169,347,155.5,3,1,0.097,0.20195087355730093,0,139.95000000000002,0.0194,
363,1,0.505,416,124.2,5,1,0.618,0.3532826303328321,1,111.78,0.1236,0.4635
363,2,0.505,190,56.7,7,1,0.723,0.5800579167521766,1,56.7,0.1446,0.54225
363,3,0.505,155,46.3,5,1,0.569,0.4633805595114746,1,46.3,0.1138,0.42674999999999996
363,4,0.505,211,63.0,3,1,0.588,0.39199306609596424,1,63.0,0.1176,0.44099999999999995
363,5,0.505,161,48.1,7,1,0.508,0.4599987142004186,1,48.1,0.10160000000000001,0.381
363,6,0.505,400,119.4,4,0,,0.6307149216862573,1,107.46000000000001,,
363,7,0.505,542,161.8,3,0,,0.4514664912983777,1,145.62,,
363,8,0.505,255,76.1,6,1,0.757,0.540845361820962,1,76.1,0.1514,0.56775
364,1,0.215,117,49.1,5,1,0.414,0.14190437242845266,1,49.1,0.0828,0.3105
364,2,0.215,421,176.6,5,0,,0.2907921849923619,1,158.94,,
364,3,0.215,318,133.4,4,1,0.291,0.2835507738790204,0,120.06,0.0582,
364,4,0.215,126,52.9,2,1,0.457,0.39986088332964115,1,52.9,0.09140000000000001,0.34275
364,5,0.215,458,192.1,4,0,,0.19744360545007844,1,172.89,,
364,6,0.215,257,107.8,3,1,0.245,0.28186548047579063,1,107.8,0.049,0.18375
364,7,0.215,195,81.8,3,1,0.425,0.22480675395389446,1,81.8,0.085,0.31875
364,8,0.215,145,60.8,7,1,0.431,0.34458717818630147,1,60.8,0.0862,0.32325
365,1,0.303,242,90.4,7,1,0.474,0.23111676123912694,1,90.4,0.0948,0.3555
365,2,0.303,109,40.7,5,1,0.525,0.3775005312877281,1,40.7,0.10500000000000001,0.39375000000000004
365,3,0.303,104,38.9,3,1,0.507,0.28353027038833184,1,38.9,0.1014,0.38025
365,4,0.303,145,54.2,3,1,0.557,0.2965811822891502,1,54.2,0.11140000000000001,0.41775000000000007
365,5,0.303,187,69.9,4,1,0.171,0.3121752484448373,1,69.9,0.0342,0.12825
365,6,0.303,466,174.2,4,0,,0.3282240396426677,0,156.78,,
365,7,0.303,564,210.8,6,0,,0.2913770956878042,0,189.72000000000003,,
365,8,0.303,229,85.6,8,1,0.462,0.3244713183170526,1,85.6,0.09240000000000001,0.34650000000000003
366,1,0.604,497,135.0,4,0,,0.7618118057562184,1,121.5,,
366,2,0.604,539,146.4,2,0,,0.7025449685615218,1,131.76000000000002,,
366,3,0.604,487,132.3,4,0,,0.6909154592496897,1,119.07000000000001,,
366,4,0.604,565,153.5,8,0,,0.5584460473976129,1,138.15,,
366,5,0.604,566,153.8,4,0,,0.5150759171771675,1,138.42000000000002,,
366,6,0.604,391,106.2,8,1,0.685,0.6995300558237753,1,95.58,0.137,0.51375
366,7,0.604,445,120.9,4,1,0.723,0.6916046792529794,1,108.81,0.1446,0.54225
366,8,0.604,458,124.4,5,0,,0.7512670675750982,1,111.96000000000001,,
367,1,0.226,464,191.6,2,0,,0.16560193740307705,1,172.44,,
367,2,0.226,229,94.6,5,1,0.238,0.2030451344639653,1,94.6,0.0476,0.1785
367,3,0.226,212,87.5,6,1,0.356,0.06205158374745659,1,87.5,0.0712,0.267
367,4,0.226,338,139.6,3,0,,0.1867528893939127,1,125.64,,
367,5,0.226,199,82.2,3,1,0.402,0.32565705105794474,1,82.2,0.08040000000000001,0.3015
367,6,0.226,119,49.1,3,1,0.296,0.1793504620771802,1,49.1,0.0592,0.22199999999999998
367,7,0.226,440,181.7,4,1,0.467,0.2900479795200824,1,163.53,0.09340000000000001,0.35025
367,8,0.226,146,60.3,5,1,0.366,0.20694968940021888,1,60.3,0.0732,0.27449999999999997
368,1,0.33,113,40.8,5,1,0.482,0.36240570282215606,1,40.8,0.0964,0.3615
368,2,0.33,258,93.3,6,0,,0.21523086101843328,0,93.3,,
368,3,0.33,294,106.3,4,1,0.721,0.33852094496339014,1,106.3,0.1442,0.54075
368,4,0.33,380,137.3,6,1,0.503,0.030886402909927668,0,123.57000000000001,0.10060000000000001,
368,5,0.33,143,51.7,3,1,0.54,0.3113103841838015,1,51.7,0.10800000000000001,0.405
368,6,0.33,429,155.1,9,1,0.406,0.16695267562848598,1,139.59,0.08120000000000001,0.3045
368,7,0.33,516,186.5,3,0,,0.4505994516546816,1,167.85,,
368,8,0.33,482,174.2,2,0,,0.40774073527645116,0,156.78,,
369,1,0.155,165,75.5,2,1,0.124,0.2016670981966081,1,75.5,0.024800000000000003,0.093
369,2,0.155,159,72.8,4,1,0.278,0.307100622715938,1,72.8,0.05560000000000001,0.20850000000000002
369,3,0.155,215,98.4,2,0,,0.060108347917516264,0,98.4,,
369,4,0.155,176,80.6,4,0,,0.3297363197915558,0,80.6,,
369,5,0.155,296,135.5,2,1,0.114,0.24821915642603848,1,135.5,0.0228,0.0855
369,6,0.155,366,167.6,3,1,0.338,0.1313444712781054,1,150.84,0.06760000000000001,0.2535
369,7,0.155,152,69.6,5,1,0.402,0.26856201471829444,1,69.6,0.08040000000000001,0.3015
369,8,0.155,378,173.1,4,1,0.213,0.044370648758836576,0,155.79,0.0426,
370,1,0.264,368,144.5,4,0,,0.18154858384723266,1,130.05,,
370,2,0.264,113,44.4,8,1,0.555,0.20314102767602998,1,44.4,0.11100000000000002,0.41625
370,3,0.264,480,188.5,5,0,,0.2111022291935985,1,169.65,,
370,4,0.264,528,207.3,5,0,,0.1583442357239747,0,186.57000000000002,,
370,5,0.264,338,132.7,6,0,,0.38630830670953253,0,119.42999999999999,,
370,6,0.264,586,230.1,4,0,,0.23811455996301684,1,207.09,,
370,7,0.264,289,113.5,4,1,0.5,0.29925049683568794,1,113.5,0.1,0.375
370,8,0.264,188,73.8,4,1,0.576,0.20696486335863196,1,73.8,0.1152,0.43199999999999994
371,1,0.387,467,157.9,2,0,,0.20493966994514828,0,142.11,,
371,2,0.387,327,110.6,5,0,,0.41400573583914224,1,99.53999999999999,,
371,3,0.387,524,177.2,6,0,,0.1957745024580223,1,159.48,,
371,4,0.387,321,108.6,5,1,0.472,0.38013659539145317,1,97.74,0.0944,0.354
371,5,0.387,514,173.8,10,0,,0.250168496116719,1,156.42000000000002,,
371,6,0.387,217,73.4,1,1,0.468,0.5857275999230809,1,73.4,0.09360000000000002,0.35100000000000003
371,7,0.387,329,111.3,2,0,,0.4781362722174722,1,100.17,,
371,8,0.387,438,148.1,1,1,0.776,0.3975753791271481,0,133.29,0.1552,
372,1,0.122,227,109.5,3,1,0.343,0.24837066776546687,1,109.5,0.06860000000000001,0.25725000000000003
372,2,0.122,535,258.1,4,0,,0.037368402253426414,1,232.29000000000002,,
372,3,0.122,472,227.7,4,0,,0.1763479378670093,1,204.93,,
372,4,0.122,248,119.6,1,1,0.339,0.14198104337187134,1,119.6,0.06780000000000001,0.25425000000000003
372,5,0.122,479,231.0,3,0,,0.148402008133367,0,207.9,,
372,6,0.122,125,60.3,5,1,0.194,0.2492353500106768,1,60.3,0.0388,0.14550000000000002
372,7,0.122,550,265.3,6,0,,0.19524921027798023,0,238.77,,
372,8,0.122,450,217.1,6,0,,0.15087236628250233,0,195.39,,
373,1,0.231,465,190.9,1,0,,0.0655112563771704,0,171.81,,
373,2,0.231,495,203.2,0,0,,0.13499537047205362,0,182.88,,
373,3,0.231,397,163.0,6,1,0.463,0.2187291066404276,0,146.70000000000002,0.09260000000000002,
373,4,0.231,483,198.3,4,1,0.435,0.24033723742766513,0,178.47000000000003,0.08700000000000001,
373,5,0.231,477,195.8,4,0,,0.11797962753260763,0,176.22000000000003,,
373,6,0.231,487,199.9,2,0,,0.4721676675578421,1,179.91,,
373,7,0.231,552,226.6,3,0,,0.3826394055253573,1,203.94,,
373,8,0.231,451,185.2,2,1,0.356,0.2912118320392484,0,166.68,0.0712,
374,1,0.337,162,58.0,2,1,0.225,0.3442036861283745,1,58.0,0.045000000000000005,0.16875
374,2,0.337,112,40.1,6,1,0.46,0.3157791030098849,1,40.1,0.09200000000000001,0.34500000000000003
374,3,0.337,319,114.3,4,1,0.476,0.24180815399777644,1,102.87,0.0952,0.357
374,4,0.337,282,101.0,3,1,0.384,0.3447480518518863,1,101.0,0.07680000000000001,0.28800000000000003
374,5,0.337,537,192.4,6,0,,0.3627752540142751,1,173.16,,
374,6,0.337,143,51.2,2,1,0.534,0.21282394245183758,1,51.2,0.1068,0.4005
374,7,0.337,488,174.8,6,0,,0.37041764172448977,1,157.32000000000002,,
374,8,0.337,567,203.1,1,0,,0.32147409511752517,0,182.79,,
375,1,0.072,467,244.8,4,0,,0.0,1,220.32000000000002,,
375,2,0.072,422,221.2,2,0,,0.0,0,199.07999999999998,,
375,3,0.072,129,67.6,3,1,0.315,0.030639446657835565,1,67.6,0.063,0.23625000000000002
375,4,0.072,490,256.8,1,0,,0.260768765734019,0,231.12,,
375,5,0.072,346,181.3,4,1,0.275,0.1276553124533758,0,163.17000000000002,0.05500000000000001,
375,6,0.072,280,146.7,4,1,0.277,0.0,1,146.7,0.055400000000000005,0.20775000000000002
375,7,0.072,280,146.7,5,1,0.167,0.1206036289417637,1,146.7,0.033400000000000006,0.12525
375,8,0.072,457,239.5,2,0,,0.0,0,215.55,,
376,1,0.378,163,55.7,3,1,0.466,0.4862691053887073,1,55.7,0.0932,0.34950000000000003
376,2,0.378,541,184.8,8,0,,0.33088753481821215,1,166.32000000000002,,
376,3,0.378,304,103.8,9,1,0.612,0.36863638112608293,1,93.42,0.12240000000000001,0.45899999999999996
376,4,0.378,596,203.6,8,0,,0.510579664754219,1,183.24,,
376,5,0.378,248,84.7,2,1,0.547,0.249283643141575,1,84.7,0.10940000000000001,0.41025
376,6,0.378,281,96.0,5,1,0.504,0.23828818148870087,1,96.0,0.1008,0.378
376,7,0.378,563,192.3,5,1,0.646,0.3196400673653995,1,173.07000000000002,0.1292,0.48450000000000004
376,8,0.378,159,54.3,4,0,,0.48183788510193165,0,54.3,,
377,1,0.319,113,41.4,2,1,0.484,0.16706539245231575,1,41.4,0.0968,0.363
377,2,0.319,525,192.2,3,0,,0.03578444018894311,0,172.98,,
377,3,0.319,146,53.5,3,1,0.243,0.27388411415910013,1,53.5,0.048600000000000004,0.18225
377,4,0.319,354,129.6,2,0,,0.37417407999109203,0,116.64,,
377,5,0.319,164,60.0,7,1,0.402,0.43902617497388297,1,60.0,0.08040000000000001,0.3015
377,6,0.319,135,49.4,3,1,0.479,0.2726838637914601,1,49.4,0.0958,0.35924999999999996
377,7,0.319,293,107.3,0,1,0.53,0.27785733928839973,1,107.3,0.10600000000000001,0.3975
377,8,0.319,426,156.0,6,1,0.563,0.43439007342557473,0,140.4,0.11259999999999999,
378,1,0.197,158,68.0,3,1,0.488,0.010025830030457927,1,68.0,0.0976,0.366
378,2,0.197,472,203.1,4,0,,0.15814792248169907,1,182.79,,
378,3,0.197,206,88.6,2,1,0.222,0.21604238899250577,1,88.6,0.0444,0.1665
378,4,0.197,262,112.7,4,1,0.073,0.24192187212850344,1,112.7,0.0146,0.05474999999999999
378,5,0.197,543,233.6,5,0,,0.14601933068091175,0,210.24,,
378,6,0.197,338,145.4,3,1,0.251,0.20044410117058414,1,130.86,0.0502,0.18825
378,7,0.197,348,149.7,6,1,0.347,0.0,1,134.73,0.0694,0.26025
378,8,0.197,541,232.8,6,0,,0.13117515876661517,1,209.52,,
379,1,0.287,273,104.0,5,1,0.483,0.3323508712554467,1,104.0,0.0966,0.36224999999999996
379,2,0.287,537,204.7,10,0,,0.18877059657453202,1,184.23,,
379,3,0.287,265,101.0,7,1,0.487,0.2928984221589597,1,101.0,0.0974,0.36524999999999996
379,4,0.287,202,77.0,5,1,0.451,0.3316872500802698,1,77.0,0.0902,0.33825
379,5,0.287,202,77.0,6,1,0.395,0.25274507991422346,1,77.0,0.07900000000000001,0.29625
379,6,0.287,214,81.6,6,1,0.51,0.3040463770996571,1,81.6,0.10200000000000001,0.3825
379,7,0.287,416,158.5,4,0,,0.19072674347153873,0,142.65,,
379,8,0.287,228,86.9,4,1,0.481,0.2663388720303953,1,86.9,0.09620000000000001,0.36075
380,1,0.601,340,92.7,8,0,,0.6620216169589223,1,83.43,,
380,2,0.601,507,138.2,9,0,,0.6166972960968434,1,124.38,,
380,3,0.601,427,116.4,7,1,0.488,0.5423468730436064,0,104.76,0.0976,
380,4,0.601,151,41.2,3,1,0.519,0.6234216404290793,1,41.2,0.1038,0.38925
380,5,0.601,350,95.4,6,1,0.599,0.6724609790636618,1,85.86000000000001,0.1198,0.44925
380,6,0.601,251,68.4,4,1,0.559,0.39600587214225214,1,68.4,0.11180000000000001,0.41925
380,7,0.601,578,157.5,7,0,,0.7169074064955898,1,141.75,,
380,8,0.601,228,62.1,5,1,0.596,0.5673745261318928,1,62.1,0.1192,0.44699999999999995
381,1,0.097,327,164.3,1,1,0.347,0.13954899332402304,1,147.87,0.0694,0.26025
381,2,0.097,506,254.2,5,0,,0.2167246923645228,1,228.78,,
381,3,0.097,181,90.9,3,1,0.441,0.0,1,90.9,0.0882,0.33075
381,4,0.097,586,294.4,2,0,,0.026055899757245343,1,264.96,,
381,5,0.097,595,298.9,6,0,,0.06814513041242952,1,269.01,,
381,6,0.097,107,53.8,3,1,0.1,0.01862464788755716,1,53.8,0.020000000000000004,0.07500000000000001
381,7,0.097,384,192.9,1,0,,0.2704936575836808,0,173.61,,
381,8,0.097,595,298.9,3,0,,0.011322790617320722,1,269.01,,
382,1,0.275,344,133.2,2,1,0.5,0.21944532205131337,1,119.88,0.1,0.375
382,2,0.275,344,133.2,2,0,,0.2954389031602977,0,119.88,,
382,3,0.275,486,188.1,2,0,,0.15478504739239113,1,169.29,,
382,4,0.275,297,115.0,1,1,0.37,0.23543192882437364,1,115.0,0.074,0.27749999999999997
382,5,0.275,561,217.2,5,0,,0.30674532612501754,0,195.48,,
382,6,0.275,155,60.0,3,1,0.317,0.2417139595617489,1,60.0,0.0634,0.23775000000000002
382,7,0.275,147,56.9,7,1,0.631,0.2656613141100052,1,56.9,0.1262,0.47325
382,8,0.275,541,209.4,7,0,,0.22206678875516295,1,188.46,,
383,1,0.505,338,100.9,3,1,0.561,0.3535529690819233,1,90.81,0.11220000000000002,0.42075000000000007
383,2,0.505,399,119.2,1,0,,0.5371593211339238,1,107.28,,
383,3,0.505,213,63.6,4,1,0.584,0.6804933071647241,1,63.6,0.1168,0.43799999999999994
383,4,0.505,127,37.9,6,1,0.741,0.5068401630783438,1,37.9,0.1482,0.55575
383,5,0.505,391,116.8,9,0,,0.527526411724755,1,105.12,,
383,6,0.505,582,173.8,5,0,,0.5742722755116859,1,156.42000000000002,,
383,7,0.505,300,89.6,7,1,0.685,0.3780669503453301,1,89.6,0.137,0.51375
383,8,0.505,117,34.9,8,1,0.548,0.6752514658129606,1,34.9,0.10960000000000002,0.41100000000000003
384,1,0.16,344,156.5,4,1,0.21,0.1802328796422802,0,140.85,0.042,
384,2,0.16,549,249.7,1,0,,0.32318568990891094,1,224.73,,
384,3,0.16,347,157.8,2,0,,0.08669670044760107,0,142.02,,
384,4,0.16,379,172.4,1,0,,0.34180619225578246,0,155.16,,
384,5,0.16,570,259.3,4,0,,0.23751554940347833,1,233.37,,
384,6,0.16,404,183.8,8,0,,0.21530400858523585,0,165.42000000000002,,
384,7,0.16,309,140.6,4,1,0.208,0.1834024454353148,1,126.53999999999999,0.0416,0.156
384,8,0.16,111,50.5,3,1,0.401,0.13514713819255506,1,50.5,0.08020000000000001,0.30075
385,1,0.214,508,213.3,7,0,,0.33405316584738726,0,191.97000000000003,,
385,2,0.214,252,105.8,2,1,0.537,0.2280359869848047,1,105.8,0.10740000000000001,0.40275000000000005
385,3,0.214,178,74.7,3,1,0.356,0.017293029641284763,1,74.7,0.0712,0.267
385,4,0.214,321,134.8,5,1,0.269,0.10228135382929975,0,121.32000000000001,0.05380000000000001,
385,5,0.214,379,159.1,2,1,0.407,0.19541542478072527,0,143.19,0.0814,
385,6,0.214,123,51.6,2,1,0.167,0.2449998983165555,1,51.6,0.033400000000000006,0.12525
385,7,0.214,109,45.8,3,1,0.239,0.20834115111001042,1,45.8,0.0478,0.17925
385,8,0.214,212,89.0,2,1,0.337,0.3358970789793663,1,89.0,0.0674,0.25275000000000003
386,1,0.463,198,61.7,10,1,0.709,0.2678898135961375,1,61.7,0.1418,0.53175
386,2,0.463,348,108.4,6,1,0.425,0.47735879365051603,1,97.56,0.085,0.31875
386,3,0.463,487,151.7,6,0,,0.28120207746128456,1,136.53,,
386,4,0.463,471,146.7,3,0,,0.5389712295484168,1,132.03,,
386,5,0.463,246,76.6,6,0,,0.45355412855579974,0,76.6,,
386,6,0.463,185,57.6,1,1,0.564,0.5049609972024118,1,57.6,0.1128,0.42299999999999993
386,7,0.463,480,149.5,5,0,,0.3766117039410234,1,134.55,,
386,8,0.463,405,126.1,6,1,0.38,0.5909464931657751,0,113.49,0.07600000000000001,
387,1,0.278,449,173.1,2,0,,0.38217246640588515,1,155.79,,
387,2,0.278,151,58.2,4,1,0.409,0.3363544303011888,1,58.2,0.0818,0.30674999999999997
387,3,0.278,176,67.9,3,1,0.42,0.26504827531365593,1,67.9,0.084,0.315
387,4,0.278,478,184.3,5,0,,0.33598572852951325,0,165.87,,
387,5,0.278,283,109.1,4,1,0.288,0.20731074320126514,1,109.1,0.0576,0.21599999999999997
387,6,0.278,241,92.9,5,1,0.295,0.3635555659020712,1,92.9,0.059,0.22125
387,7,0.278,213,82.1,1,1,0.226,0.44294808943239217,1,82.1,0.045200000000000004,0.1695
387,8,0.278,470,181.2,4,0,,0.3850610559979186,1,163.07999999999998,,
388,1,0.185,577,252.7,3,0,,0.11203975301925904,0,227.43,,
388,2,0.185,235,102.9,3,1,0.179,0.22114173172731028,1,102.9,0.0358,0.13424999999999998
388,3,0.185,233,102.0,5,1,0.474,0.05568584562413523,1,102.0,0.0948,0.3555
388,4,0.185,239,104.7,4,1,0.429,0.24223903111756756,1,104.7,0.0858,0.32175
388,5,0.185,358,156.8,1,1,0.444,0.23006034128625388,1,141.12,0.0888,0.333
388,6,0.185,209,91.5,1,1,0.373,0.0,1,91.5,0.0746,0.27975
388,7,0.185,599,262.3,6,0,,0.06882161560876361,1,236.07000000000002,,
388,8,0.185,425,186.1,5,0,,0.1566861103256233,1,167.49,,
389,1,0.115,540,263.6,4,0,,0.08491402528591738,0,237.24000000000004,,
389,2,0.115,127,62.0,2,0,,0.0,0,62.0,,
389,3,0.115,384,187.5,4,1,0.502,0.1538978729352184,1,168.75,0.1004,0.3765
389,4,0.115,296,144.5,3,1,0.448,0.14014736089405122,1,144.5,0.08960000000000001,0.336
389,5,0.115,387,188.9,3,1,0.352,0.09557308680214807,0,170.01000000000002,0.0704,
389,6,0.115,195,95.2,2,1,0.473,0.0394208499841637,1,95.2,0.0946,0.35475
389,7,0.115,363,177.2,4,1,0.525,0.21987071264165636,1,159.48,0.10500000000000001,0.39375000000000004
389,8,0.115,506,247.0,4,0,,0.2805407113088295,1,222.3,,
390,1,0.423,371,120.6,4,0,,0.3746438516153463,1,108.53999999999999,,
390,2,0.423,458,148.9,5,0,,0.3617833082845179,1,134.01000000000002,,
390,3,0.423,462,150.2,4,0,,0.4721207665411996,1,135.18,,
390,4,0.423,452,146.9,4,1,0.57,0.38719706202530135,0,132.21,0.11399999999999999,
390,5,0.423,103,33.5,7,1,0.418,0.40906027993367655,1,33.5,0.08360000000000001,0.3135
390,6,0.423,177,57.5,7,1,0.534,0.4969653151724671,1,57.5,0.1068,0.4005
390,7,0.423,174,56.6,7,1,0.661,0.2320643912492707,1,56.6,0.1322,0.49575
390,8,0.423,222,72.2,12,1,0.434,0.554830232485267,1,72.2,0.0868,0.3255
391,1,0.644,318,83.4,4,1,0.802,0.6512680524329342,1,75.06,0.16040000000000001,0.6015
391,2,0.644,518,135.8,9,0,,0.602850685543782,1,122.22000000000001,,
391,3,0.644,552,144.7,5,0,,0.6350765845778551,1,130.23,,
391,4,0.644,167,43.8,11,1,0.472,0.6402429355020519,1,43.8,0.0944,0.354
391,5,0.644,502,131.6,6,0,,0.47087986965550743,1,118.44,,
391,6,0.644,119,31.2,7,1,0.677,0.7934938227453237,1,31.2,0.13540000000000002,0.50775
391,7,0.644,188,49.3,8,1,0.787,0.6481325632270618,1,49.3,0.1574,0.59025
391,8,0.644,549,144.0,8,0,,0.6883002130447375,1,129.6,,
392,1,0.308,497,184.5,6,0,,0.4031549770574043,1,166.05,,
392,2,0.308,398,147.7,10,0,,0.20588375424396999,1,132.93,,
392,3,0.308,174,64.6,7,1,0.328,0.3553471899035229,1,64.6,0.0656,0.246
392,4,0.308,513,190.4,2,0,,0.28123589091012063,1,171.36,,
392,5,0.308,243,90.2,2,1,0.49,0.3926770775216494,1,90.2,0.098,0.3675
392,6,0.308,399,148.1,1,1,0.428,0.09527725796485045,1,133.29,0.08560000000000001,0.321
392,7,0.308,192,71.3,5,1,0.425,0.2980905699758731,1,71.3,0.085,0.31875
392,8,0.308,234,86.8,5,1,0.556,0.24771793442160384,1,86.8,0.11120000000000002,0.41700000000000004
393,1,0.411,300,98.8,4,1,0.304,0.4542262950634155,1,98.8,0.0608,0.22799999999999998
393,2,0.411,153,50.4,6,1,0.429,0.4580044187368202,1,50.4,0.0858,0.32175
393,3,0.411,201,66.2,8,1,0.478,0.3402374105177974,1,66.2,0.0956,0.3585
393,4,0.411,193,63.6,7,1,0.648,0.3397826135823956,1,63.6,0.12960000000000002,0.486
393,5,0.411,127,41.8,4,1,0.602,0.39993346314426703,1,41.8,0.12040000000000001,0.4515
393,6,0.411,593,195.4,4,0,,0.3213357772684792,1,175.86,,
393,7,0.411,575,189.4,5,0,,0.4951983695452127,1,170.46,,
393,8,0.411,558,183.8,7,1,0.422,0.37407927995525536,1,165.42000000000002,0.0844,0.3165
394,1,0.196,379,163.3,3,0,,0.0,1,146.97000000000003,,
394,2,0.196,143,61.6,5,1,0.275,0.1585177943378194,1,61.6,0.05500000000000001,0.20625000000000002
394,3,0.196,194,83.6,7,1,0.353,0.09214561791560277,1,83.6,0.0706,0.26475
394,4,0.196,425,183.2,7,0,,0.032872418453905455,1,164.88,,
394,5,0.196,227,97.8,1,1,0.122,0.07225733617774276,1,97.8,0.0244,0.0915
394,6,0.196,591,254.7,2,0,,0.20694084718329703,1,229.23,,
394,7,0.196,395,170.2,8,0,,0.32886408282482316,0,153.18,,
394,8,0.196,207,89.2,6,1,0.315,0.227318447386498,1,89.2,0.063,0.23625000000000002
395,1,0.139,410,192.5,3,1,0.291,0.07834966117842604,1,173.25,0.0582,0.21825
395,2,0.139,234,109.9,2,1,0.337,0.18459041951707028,1,109.9,0.0674,0.25275000000000003
395,3,0.139,263,123.5,4,1,0.249,0.09309096897810083,1,123.5,0.049800000000000004,0.18675
395,4,0.139,107,50.2,4,1,0.369,0.06953996308368555,1,50.2,0.0738,0.27675
395,5,0.139,143,67.1,2,1,0.127,0.023563733176701573,1,67.1,0.025400000000000002,0.09525
395,6,0.139,541,254.0,5,0,,0.0,0,228.6,,
395,7,0.139,565,265.3,1,0,,0.10000762934405548,1,238.77,,
395,8,0.139,329,154.5,2,1,0.287,0.1548053489920132,0,139.05,0.0574,
396,1,0.099,432,216.5,2,0,,0.08933763299851102,0,194.85,,
396,2,0.099,324,162.4,2,0,,0.05740330720526414,1,146.16,,
396,3,0.099,522,261.6,6,0,,0.004425393930321889,0,235.44000000000003,,
396,4,0.099,387,194.0,6,0,,0.15982461916849686,1,174.6,,
396,5,0.099,154,77.2,4,1,0.274,0.0,1,77.2,0.05480000000000001,0.20550000000000002
396,6,0.099,134,67.2,2,1,0.174,0.17660279138434753,1,67.2,0.0348,0.1305
396,7,0.099,142,71.2,3,1,0.331,0.0,1,71.2,0.06620000000000001,0.24825000000000003
396,8,0.099,306,153.4,7,1,0.294,0.0237564762646965,0,138.06,0.0588,
397,1,0.367,442,152.9,2,1,0.664,0.2203214809384323,1,137.61,0.1328,0.498
397,2,0.367,328,113.5,5,0,,0.3168597853114363,0,102.15,,
397,3,0.367,352,121.8,5,0,,0.46453124584779787,0,109.62,,
397,4,0.367,492,170.2,6,1,0.49,0.4185628088443957,0,153.18,0.098,
397,5,0.367,406,140.4,5,1,0.568,0.4648422112028035,1,126.36000000000001,0.11359999999999999,0.42599999999999993
397,6,0.367,171,59.2,3,1,0.692,0.41921425459339356,1,59.2,0.1384,0.5189999999999999
397,7,0.367,333,115.2,7,1,0.595,0.25663301714696307,1,103.68,0.119,0.44625
397,8,0.367,529,183.0,3,0,,0.33392107756724426,1,164.70000000000002,,
398,1,0.507,478,142.3,10,0,,0.42898008708825375,1,128.07000000000002,,
398,2,0.507,473,140.9,4,0,,0.640057490403904,0,126.81,,
398,3,0.507,482,143.5,5,0,,0.38732113535736884,1,129.15,,
398,4,0.507,436,129.8,9,1,0.479,0.5963697689389111,1,116.82000000000001,0.0958,0.35924999999999996
398,5,0.507,126,37.5,7,1,0.704,0.5962953870108769,1,37.5,0.1408,0.528
398,6,0.507,409,121.8,7,1,0.602,0.6899620201716088,1,109.62,0.12040000000000001,0.4515
398,7,0.507,429,127.8,11,0,,0.46603134073705027,1,115.02,,
398,8,0.507,432,128.7,6,0,,0.5782322159580162,1,115.83,,
399,1,0.236,515,209.8,4,0,,0.46416518365388426,1,188.82000000000002,,
399,2,0.236,474,193.1,2,0,,0.1742358323066303,0,173.79,,
399,3,0.236,256,104.3,3,1,0.338,0.082495975246764,1,104.3,0.06760000000000001,0.2535
399,4,0.236,124,50.5,6,1,0.467,0.047998996609223604,1,50.5,0.09340000000000001,0.35025
399,5,0.236,472,192.3,6,0,,0.30727120288613313,1,173.07000000000002,,
399,6,0.236,560,228.1,4,0,,0.04768497919414161,1,205.29,,
399,7,0.236,231,94.1,2,1,0.499,0.1987680947062077,1,94.1,0.0998,0.37424999999999997
399,8,0.236,537,218.7,4,0,,0.27973131870389606,1,196.82999999999998,,
400,1,0.406,320,106.0,4,0,,0.42451755368299143,1,95.4,,
400,2,0.406,459,152.0,9,0,,0.44854448641841727,1,136.8,,
400,3,0.406,453,150.1,10,0,,0.42822898558008543,1,135.09,,
400,4,0.406,546,180.9,5,0,,0.5338865813313394,1,162.81,,
400,5,0.406,540,178.9,3,0,,0.31076836192612034,1,161.01000000000002,,
400,6,0.406,181,60.0,10,1,0.414,0.3383004861541469,1,60.0,0.0828,0.3105
400,7,0.406,505,167.3,3,0,,0.3287340554729176,0,150.57000000000002,,
400,8,0.406,584,193.5,3,0,,0.48901918118626103,1,174.15,,
401,1,0.265,530,207.9,8,0,,0.3550398588395064,1,187.11,,
401,2,0.265,337,132.2,6,1,0.348,0.31012253193185085,1,118.97999999999999,0.0696,0.261
401,3,0.265,380,149.0,4,1,0.481,0.3833493666889928,0,134.1,0.09620000000000001,
401,4,0.265,140,54.9,1,1,0.291,0.14719591326236192,1,54.9,0.0582,0.21825
401,5,0.265,423,165.9,2,0,,0.43172241115511373,1,149.31,,
401,6,0.265,302,118.4,5,1,0.541,0.41732386217122586,1,106.56,0.10820000000000002,0.40575000000000006
401,7,0.265,314,123.2,2,1,0.428,0.3385621997245747,1,110.88000000000001,0.08560000000000001,0.321
401,8,0.265,503,197.3,1,0,,0.443179890877106,0,177.57000000000002,,
402,1,0.381,463,157.7,7,0,,0.2153376792322226,1,141.93,,
402,2,0.381,466,158.7,6,0,,0.3285551863737348,1,142.82999999999998,,
402,3,0.381,596,203.0,3,1,0.387,0.30746965393180475,0,182.70000000000002,0.07740000000000001,
402,4,0.381,234,79.7,3,1,0.576,0.45314793237573436,1,79.7,0.1152,0.43199999999999994
402,5,0.381,400,136.2,3,1,0.627,0.27598592603978545,1,122.58,0.1254,0.47025
402,6,0.381,517,176.1,5,0,,0.45674951493374855,1,158.49,,
402,7,0.381,423,144.1,4,0,,0.5180536143996713,1,129.69,,
402,8,0.381,162,55.2,6,1,0.404,0.45052029000839994,1,55.2,0.08080000000000001,0.30300000000000005
403,1,0.225,568,234.9,4,0,,0.25337510236615013,0,211.41,,
403,2,0.225,205,84.8,3,1,0.294,0.12621266590992508,1,84.8,0.0588,0.22049999999999997
403,3,0.225,588,243.2,2,0,,0.14031490338746355,0,218.88,,
403,4,0.225,189,78.2,0,1,0.272,0.34996189052966664,1,78.2,0.054400000000000004,0.20400000000000001
403,5,0.225,143,59.1,10,1,0.397,0.3029349003905333,1,59.1,0.07940000000000001,0.29775
403,6,0.225,504,208.5,5,0,,0.2210980480622456,0,187.65,,
403,7,0.225,381,157.6,5,0,,0.18320904542341093,0,141.84,,
403,8,0.225,551,227.9,3,0,,0.022419212688862294,0,205.11,,
404,1,0.045,524,288.4,1,0,,0.0,1,259.56,,
404,2,0.045,512,281.8,5,0,,0.23614190871397234,1,253.62,,
404,3,0.045,236,129.9,4,1,0.379,0.0,1,129.9,0.0758,0.28425
404,4,0.045,195,107.3,1,1,0.14,0.06394798212210806,1,107.3,0.028000000000000004,0.10500000000000001
404,5,0.045,328,180.5,9,1,0.165,0.14574439731951985,0,162.45000000000002,0.033,
404,6,0.045,507,279.0,3,0,,0.0,1,251.1,,
404,7,0.045,406,223.4,2,0,,0.06347104747810833,0,201.06,,
404,8,0.045,521,286.7,2,0,,0.1387915537510655,1,258.03,,
405,1,0.164,484,218.6,1,0,,0.16524993219072504,0,196.74,,
405,2,0.164,599,270.5,5,0,,0.45084030556667687,1,243.45000000000002,,
405,3,0.164,206,93.0,4,1,0.269,0.0,1,93.0,0.05380000000000001,0.20175
405,4,0.164,194,87.6,4,1,0.391,0.2698728529883879,1,87.6,0.0782,0.29325
405,5,0.164,200,90.3,4,1,0.412,0.14671982626035357,1,90.3,0.0824,0.309
405,6,0.164,344,155.3,6,1,0.426,0.24119201548366753,0,139.77,0.0852,
405,7,0.164,466,210.4,5,0,,0.2081307151699246,0,189.36,,
405,8,0.164,158,71.3,2,1,0.34,0.09068438028900035,1,71.3,0.068,0.255
406,1,0.191,330,143.2,3,1,0.436,0.21389963924593403,1,128.88,0.0872,0.327
406,2,0.191,297,128.9,4,1,0.342,0.005209854860171281,1,128.9,0.0684,0.2565
406,3,0.191,524,227.4,4,0,,0.2513247500571394,1,204.66,,
406,4,0.191,177,76.8,6,1,0.481,0.22081584659905257,1,76.8,0.09620000000000001,0.36075
406,5,0.191,512,222.1,4,0,,0.25486601686431026,1,199.89,,
406,6,0.191,407,176.6,4,1,0.356,0.296811832508715,1,158.94,0.0712,0.267
406,7,0.191,390,169.2,5,1,0.288,0.2277619840209711,1,152.28,0.0576,0.21599999999999997
406,8,0.191,170,73.8,4,1,0.403,0.20580894197982763,1,73.8,0.0806,0.30225
407,1,0.262,566,222.9,3,0,,0.17389316633387078,1,200.61,,
407,2,0.262,241,94.9,6,1,0.349,0.1907779236350949,1,94.9,0.0698,0.26175
407,3,0.262,481,189.5,5,0,,0.3806734620177331,0,170.55,,
407,4,0.262,595,234.4,1,0,,0.40563354057059786,1,210.96,,
407,5,0.262,154,60.7,2,1,0.271,0.2381889563687946,1,60.7,0.054200000000000005,0.20325000000000001
407,6,0.262,469,184.7,2,0,,0.26660027472532744,0,166.23,,
407,7,0.262,167,65.8,4,1,0.383,0.17153856250062338,1,65.8,0.0766,0.28725
407,8,0.262,540,212.7,2,0,,0.3792756845267445,1,191.43,,
408,1,0.356,531,186.0,10,0,,0.4225416823691779,1,167.4,,
408,2,0.356,379,132.8,8,1,0.606,0.5501217436463749,1,119.52000000000001,0.1212,0.4545
408,3,0.356,196,68.7,5,1,0.474,0.2681676922820261,1,68.7,0.0948,0.3555
408,4,0.356,309,108.2,2,1,0.533,0.31819921009817825,1,97.38000000000001,0.10660000000000001,0.39975000000000005
408,5,0.356,577,202.1,4,0,,0.3791445922525572,1,181.89,,
408,6,0.356,177,62.0,7,1,0.487,0.42064895377257705,1,62.0,0.0974,0.36524999999999996
408,7,0.356,587,205.6,3,0,,0.33443323624523674,1,185.04,,
408,8,0.356,441,154.5,5,1,0.294,0.26870389095462993,1,139.05,0.0588,0.22049999999999997
409,1,0.081,147,75.9,3,1,0.401,0.16914075289235714,1,75.9,0.08020000000000001,0.30075
409,2,0.081,560,289.3,2,0,,0.15311353625455817,0,260.37,,
409,3,0.081,532,274.8,3,0,,0.0,1,247.32000000000002,,
409,4,0.081,550,284.1,4,0,,0.2165442801105496,1,255.69000000000003,,
409,5,0.081,552,285.2,5,0,,0.1980198709196604,1,256.68,,
409,6,0.081,284,146.7,4,1,0.292,0.0944296497247793,1,146.7,0.0584,0.21899999999999997
409,7,0.081,193,99.7,3,1,0.291,0.08895978623760364,1,99.7,0.0582,0.21825
409,8,0.081,193,99.7,2,1,0.376,0.13640577711159071,1,99.7,0.0752,0.28200000000000003
410,1,0.108,334,164.7,3,1,0.213,0.021829692974374176,1,148.23,0.0426,0.15975
410,2,0.108,419,206.6,7,1,0.545,0.11100314791640821,1,185.94,0.10900000000000001,0.40875000000000006
410,3,0.108,225,110.9,2,1,0.37,0.0,1,110.9,0.074,0.27749999999999997
410,4,0.108,338,166.7,5,1,0.32,0.19564556455029355,0,150.03,0.064,
410,5,0.108,104,51.3,5,1,0.253,0.0,1,51.3,0.050600000000000006,0.18975
410,6,0.108,521,256.9,2,0,,0.2583419828428999,1,231.20999999999998,,
410,7,0.108,207,102.1,6,0,,0.07498799060335497,0,102.1,,
410,8,0.108,453,223.4,2,0,,0.08683330180688231,1,201.06,,
411,1,0.246,526,211.7,3,0,,0.18322660939154944,1,190.53,,
411,2,0.246,381,153.3,3,0,,0.21719611260779237,0,137.97000000000003,,
411,3,0.246,342,137.6,5,1,0.261,0.38785313451480363,1,123.84,0.0522,0.19575
411,4,0.246,180,72.4,9,1,0.459,0.0,1,72.4,0.0918,0.34425
411,5,0.246,501,201.6,3,0,,0.3736965386088188,1,181.44,,
411,6,0.246,557,224.1,4,0,,0.2798023481101708,0,201.69,,
411,7,0.246,528,212.5,5,0,,0.12529783521427845,1,191.25,,
411,8,0.246,400,161.0,3,1,0.231,0.1384687606950762,1,144.9,0.046200000000000005,0.17325000000000002
412,1,0.545,262,75.2,8,1,0.723,0.7126393027208203,1,75.2,0.1446,0.54225
412,2,0.545,518,148.7,5,0,,0.4504493120057269,1,133.82999999999998,,
412,3,0.545,351,100.7,4,1,0.602,0.4296649489404041,1,90.63000000000001,0.12040000000000001,0.4515
412,4,0.545,214,61.4,6,1,0.382,0.658731454236473,1,61.4,0.07640000000000001,0.2865
412,5,0.545,269,77.2,2,1,0.52,0.5788552876285915,1,77.2,0.10400000000000001,0.39
412,6,0.545,352,101.0,1,1,0.75,0.4512074423463601,1,90.9,0.15000000000000002,0.5625
412,7,0.545,435,124.8,10,0,,0.5666624975404619,1,112.32,,
412,8,0.545,510,146.4,4,0,,0.4424247316359723,1,131.76000000000002,,
413,1,0.336,508,182.4,6,0,,0.4460821398422605,1,164.16,,
413,2,0.336,518,186.0,3,0,,0.44213709648731336,1,167.4,,
413,3,0.336,153,54.9,5,1,0.602,0.38920061988219434,1,54.9,0.12040000000000001,0.4515
413,4,0.336,338,121.4,4,1,0.522,0.3721661061247017,0,109.26,0.1044,
413,5,0.336,360,129.3,10,0,,0.5121188124867374,1,116.37000000000002,,
413,6,0.336,422,151.5,3,0,,0.33596863273882255,1,136.35,,
413,7,0.336,286,102.7,7,1,0.219,0.2178125874579199,1,102.7,0.043800000000000006,0.16425
413,8,0.336,107,38.4,9,1,0.469,0.38094739128323074,1,38.4,0.0938,0.35175
414,1,0.112,178,87.3,2,1,0.256,0.3206047049537114,1,87.3,0.0512,0.192
414,2,0.112,215,105.4,3,1,0.25,0.010524050681414779,1,105.4,0.05,0.1875
414,3,0.112,307,150.5,6,1,0.232,0.07585372333060142,0,135.45000000000002,0.046400000000000004,
414,4,0.112,100,49.0,4,1,0.253,0.15364460381014527,1,49.0,0.050600000000000006,0.18975
414,5,0.112,367,179.9,8,0,,0.10660951509942608,0,161.91,,
414,6,0.112,456,223.6,0,0,,0.013769641962268542,0,201.24,,
414,7,0.112,396,194.1,3,0,,0.22418578562304708,0,174.69,,
414,8,0.112,571,279.9,1,0,,0.34400407220172596,0,251.91,,
415,1,0.079,507,262.9,3,0,,0.09861314590239073,1,236.60999999999999,,
415,2,0.079,312,161.8,4,1,0.318,0.0,1,145.62,0.0636,0.2385
415,3,0.079,328,170.1,5,1,0.099,0.0,1,153.09,0.0198,0.07425000000000001
415,4,0.079,443,229.7,3,1,0.261,0.10479759812211809,0,206.73,0.0522,
415,5,0.079,509,263.9,2,1,0.27,0.18938773433162576,1,237.51,0.054000000000000006,0.2025
415,6,0.079,445,230.7,2,0,,0.12651677464953817,0,207.63,,
415,7,0.079,117,60.7,3,1,0.291,0.07875961590811462,1,60.7,0.0582,0.21825
415,8,0.079,184,95.4,5,1,0.11,0.020072834821069377,1,95.4,0.022000000000000002,0.0825
416,1,0.223,318,131.9,4,1,0.244,0.11378363672819103,1,118.71000000000001,0.0488,0.183
416,2,0.223,223,92.5,4,1,0.399,0.3064751326324882,1,92.5,0.07980000000000001,0.29925
416,3,0.223,429,177.9,5,0,,0.3143771621385586,1,160.11,,
416,4,0.223,432,179.2,5,0,,0.06842702133092668,0,161.28,,
416,5,0.223,227,94.2,3,1,0.395,0.3819838978180684,1,94.2,0.07900000000000001,0.29625
416,6,0.223,173,71.8,3,1,0.465,0.2804071220894001,1,71.8,0.09300000000000001,0.34875
416,7,0.223,322,133.6,5,1,0.2,0.3629594645145794,1,120.24,0.04000000000000001,0.15000000000000002
416,8,0.223,416,172.6,7,0,,0.08878722515148849,1,155.34,,
417,1,0.239,422,171.2,8,0,,0.10241758445845608,0,154.07999999999998,,
417,2,0.239,301,122.1,6,1,0.399,0.2241030690232703,1,109.89,0.07980000000000001,0.29925
417,3,0.239,570,231.3,2,0,,0.2892784426895194,0,208.17000000000002,,
417,4,0.239,462,187.5,1,1,0.394,0.41863608229269633,0,168.75,0.07880000000000001,
417,5,0.239,553,224.4,4,0,,0.3096078913815131,0,201.96,,
417,6,0.239,360,146.1,1,1,0.381,0.21473187231879665,0,131.49,0.0762,
417,7,0.239,423,171.6,6,0,,0.1363630792334108,1,154.44,,
417,8,0.239,590,239.4,4,0,,0.362000057271915,1,215.46,,
418,1,0.469,281,87.0,7,1,0.458,0.3725294574249285,1,87.0,0.09160000000000001,0.3435
418,2,0.469,496,153.5,10,0,,0.6318468554772322,1,138.15,,
418,3,0.469,570,176.4,4,1,0.61,0.44056153503934903,1,158.76000000000002,0.122,0.4575
418,4,0.469,550,170.2,8,0,,0.6280582072617851,1,153.18,,
418,5,0.469,308,95.3,6,0,,0.5368931290059278,1,85.77,,
418,6,0.469,576,178.3,5,0,,0.4553004510557541,0,160.47000000000003,,
418,7,0.469,128,39.6,2,1,0.493,0.4170603628173873,1,39.6,0.09860000000000001,0.36975
418,8,0.469,359,111.1,5,0,,0.434909212265392,1,99.99,,
419,1,0.109,288,141.8,3,1,0.341,0.15183166923752375,1,141.8,0.06820000000000001,0.25575000000000003
419,2,0.109,232,114.2,2,1,0.159,0.11671564962177167,1,114.2,0.0318,0.11925
419,3,0.109,507,249.6,1,0,,0.049618859193129486,0,224.64,,
419,4,0.109,290,142.8,4,1,0.338,0.09243685896823678,1,142.8,0.06760000000000001,0.2535
419,5,0.109,454,223.5,6,0,,0.11685770297191497,1,201.15,,
419,6,0.109,161,79.3,4,1,0.328,0.0,1,79.3,0.0656,0.246
419,7,0.109,310,152.6,3,1,0.179,0.1548168114788699,1,137.34,0.0358,0.13424999999999998
419,8,0.109,169,83.2,2,1,0.237,0.01102787752831931,1,83.2,0.0474,0.17775
420,1,0.351,393,138.6,7,1,0.252,0.23566675967942546,0,124.74,0.0504,
420,2,0.351,174,61.4,4,1,0.471,0.18226556528892893,1,61.4,0.0942,0.35324999999999995
420,3,0.351,133,46.9,5,1,0.533,0.17161075021321093,1,46.9,0.10660000000000001,0.39975000000000005
420,4,0.351,430,151.6,9,1,0.538,0.21545524968877106,1,136.44,0.10760000000000002,0.4035
420,5,0.351,285,100.5,5,1,0.411,0.2800979042369509,1,100.5,0.0822,0.30824999999999997
420,6,0.351,161,56.8,3,1,0.611,0.5463259137526568,1,56.8,0.1222,0.45825
420,7,0.351,159,56.1,3,1,0.483,0.2984120324104796,1,56.1,0.0966,0.36224999999999996
420,8,0.351,439,154.8,5,0,,0.3687750106268031,1,139.32000000000002,,
421,1,0.115,475,231.8,7,0,,0.15504813865063288,1,208.62,,
421,2,0.115,572,279.1,0,0,,0.12810651862158487,1,251.19000000000003,,
421,3,0.115,151,73.7,2,0,,0.10725565392740063,0,73.7,,
421,4,0.115,572,279.1,6,0,,0.0,1,251.19000000000003,,
421,5,0.115,377,184.0,2,1,0.372,0.2600927548279212,0,165.6,0.07440000000000001,
421,6,0.115,564,275.2,3,0,,0.29571966436378855,1,247.68,,
421,7,0.115,188,91.7,6,1,0.266,0.0,1,91.7,0.053200000000000004,0.1995
421,8,0.115,524,255.7,4,0,,0.012597140911362048,1,230.13,,
422,1,0.521,513,150.7,1,0,,0.4930189657622994,1,135.63,,
422,2,0.521,286,84.0,8,1,0.695,0.4245462205089809,1,84.0,0.13899999999999998,0.52125
422,3,0.521,198,58.2,6,1,0.702,0.5715965553455865,1,58.2,0.1404,0.5265
422,4,0.521,588,172.8,11,0,,0.4481727797593387,1,155.52,,
422,5,0.521,196,57.6,3,1,0.689,0.7375056067806602,1,57.6,0.1378,0.5167499999999999
422,6,0.521,234,68.8,5,1,0.695,0.6400548594343596,1,68.8,0.13899999999999998,0.52125
422,7,0.521,210,61.7,12,1,0.628,0.5422574030632215,1,61.7,0.12560000000000002,0.471
422,8,0.521,559,164.3,5,0,,0.6236986263319733,1,147.87,,
423,1,0.463,385,119.9,3,0,,0.573590042435731,1,107.91000000000001,,
423,2,0.463,310,96.6,6,1,0.51,0.4066052511941757,1,86.94,0.10200000000000001,0.3825
423,3,0.463,277,86.3,8,1,0.306,0.38137827554580356,1,86.3,0.061200000000000004,0.22949999999999998
423,4,0.463,238,74.1,4,1,0.345,0.47081430629696475,1,74.1,0.06899999999999999,0.25875
423,5,0.463,253,78.8,3,1,0.568,0.5491636124497944,1,78.8,0.11359999999999999,0.42599999999999993
423,6,0.463,302,94.1,4,1,0.601,0.4769060398653418,0,84.69,0.1202,
423,7,0.463,547,170.4,3,0,,0.3053003517809003,1,153.36,,
423,8,0.463,172,53.6,11,1,0.607,0.38271755560491577,1,53.6,0.12140000000000001,0.45525
424,1,0.446,458,145.3,6,0,,0.4386027136405622,1,130.77,,
424,2,0.446,560,177.6,4,0,,0.438433439567417,1,159.84,,
424,3,0.446,248,78.7,5,1,0.645,0.6432542176789808,1,78.7,0.129,0.48375
424,4,0.446,545,172.9,2,1,0.412,0.3074012057601002,1,155.61,0.0824,0.309
424,5,0.446,410,130.0,5,0,,0.4965589241835875,1,117.0,,
424,6,0.446,191,60.6,4,1,0.542,0.594911310832829,1,60.6,0.10840000000000001,0.40650000000000003
424,7,0.446,367,116.4,6,0,,0.6731449745422796,0,104.76,,
424,8,0.446,503,159.5,3,0,,0.40556025768160386,0,143.55,,
425,1,0.451,311,98.1,7,1,0.675,0.50014294527202,1,88.28999999999999,0.135,0.5062500000000001
425,2,0.451,569,179.5,2,0,,0.5079760357198647,1,161.55,,
425,3,0.451,451,142.3,5,0,,0.4705481731553291,0,128.07000000000002,,
425,4,0.451,306,96.6,3,0,,0.4411154798760694,1,86.94,,
425,5,0.451,361,113.9,9,1,0.598,0.4945975389500046,0,102.51,0.1196,
425,6,0.451,427,134.7,5,0,,0.19777539147803147,1,121.22999999999999,,
425,7,0.451,238,75.1,7,1,0.49,0.5192069490062632,1,75.1,0.098,0.3675
425,8,0.451,378,119.3,4,0,,0.4636177903661967,1,107.37,,
426,1,0.208,244,103.4,6,1,0.423,0.18575251032217344,1,103.4,0.08460000000000001,0.31725
426,2,0.208,193,81.8,4,0,,0.4126862195719558,0,81.8,,
426,3,0.208,464,196.7,5,1,0.5,0.14050659812094476,1,177.03,0.1,0.375
426,4,0.208,202,85.6,5,1,0.366,0.16769240109349692,1,85.6,0.0732,0.27449999999999997
426,5,0.208,276,117.0,1,1,0.437,0.4071553302204734,1,117.0,0.0874,0.32775
426,6,0.208,387,164.0,2,1,0.272,0.12479386951501432,1,147.6,0.054400000000000004,0.20400000000000001
426,7,0.208,497,210.7,3,0,,0.1529884717063461,1,189.63,,
426,8,0.208,510,216.2,4,1,0.468,0.193297457656915,1,194.57999999999998,0.09360000000000002,0.35100000000000003
427,1,0.553,279,79.5,12,1,0.734,0.637073448212955,1,79.5,0.1468,0.5505
427,2,0.553,510,145.3,6,0,,0.5737802507353313,1,130.77,,
427,3,0.553,178,50.7,6,1,0.452,0.42373746528477374,1,50.7,0.09040000000000001,0.339
427,4,0.553,145,41.3,8,1,0.671,0.4997831436872811,1,41.3,0.1342,0.50325
427,5,0.553,356,101.4,4,1,0.537,0.4922645566787789,0,91.26,0.10740000000000001,
427,6,0.553,378,107.7,8,0,,0.5452778954776955,1,96.93,,
427,7,0.553,170,48.4,2,1,0.654,0.5955843658629829,1,48.4,0.1308,0.49050000000000005
427,8,0.553,471,134.2,7,0,,0.5948205755887973,1,120.77999999999999,,
428,1,0.241,468,189.4,3,1,0.343,0.06339882459515978,1,170.46,0.06860000000000001,0.25725000000000003
428,2,0.241,520,210.4,3,0,,0.3473940987560856,1,189.36,,
428,3,0.241,421,170.4,0,0,,0.26625688459966235,1,153.36,,
428,4,0.241,112,45.3,4,1,0.458,0.3794532047593906,1,45.3,0.09160000000000001,0.3435
428,5,0.241,456,184.5,2,0,,0.2854198327290672,1,166.05,,
428,6,0.241,215,87.0,0,1,0.353,0.3511322957735762,1,87.0,0.0706,0.26475
428,7,0.241,124,50.2,3,1,0.42,0.2876545311450127,1,50.2,0.084,0.315
428,8,0.241,171,69.2,3,1,0.265,0.3756225756202748,1,69.2,0.053000000000000005,0.19875
429,1,0.352,506,178.1,6,0,,0.40422506360177785,1,160.29,,
429,2,0.352,315,110.9,5,0,,0.3422084753557096,1,99.81,,
429,3,0.352,252,88.7,4,1,0.474,0.5792434720446882,1,88.7,0.0948,0.3555
429,4,0.352,243,85.5,3,1,0.368,0.4409037122279892,1,85.5,0.0736,0.276
429,5,0.352,180,63.4,7,1,0.448,0.40937444210044127,1,63.4,0.08960000000000001,0.336
429,6,0.352,163,57.4,10,1,0.499,0.22436955834616637,1,57.4,0.0998,0.37424999999999997
429,7,0.352,334,117.6,2,1,0.385,0.2231692382536462,1,105.84,0.07700000000000001,0.28875
429,8,0.352,407,143.3,7,0,,0.3812715482141853,1,128.97000000000003,,
430,1,0.562,248,70.0,5,1,0.605,0.5765521197768242,1,70.0,0.121,0.45375
430,2,0.562,422,119.2,4,0,,0.5005877434991685,1,107.28,,
430,3,0.562,321,90.6,11,1,0.497,0.576098269961206,1,81.53999999999999,0.0994,0.37275
430,4,0.562,521,147.1,7,0,,0.7208626928043597,1,132.39,,
430,5,0.562,218,61.6,6,1,0.756,0.6315402474550299,1,61.6,0.1512,0.567
430,6,0.562,489,138.1,4,0,,0.4478991490247262,0,124.28999999999999,,
430,7,0.562,430,121.4,9,1,0.753,0.5508491172857057,1,109.26,0.1506,0.56475
430,8,0.562,411,116.1,5,0,,0.48150335191474397,1,104.49,,
431,1,0.066,463,245.4,2,1,0.318,0.02723000835914388,0,220.86,0.0636,
431,2,0.066,556,294.7,3,0,,0.02463843343703573,1,265.23,,
431,3,0.066,332,176.0,4,1,0.36,0.018235441739599484,0,158.4,0.072,
431,4,0.066,122,64.7,6,1,0.166,0.0,1,64.7,0.0332,0.1245
431,5,0.066,122,64.7,1,1,0.215,0.05323453184818099,1,64.7,0.043000000000000003,0.16125
431,6,0.066,159,84.3,1,1,0.255,0.009939236315269002,1,84.3,0.051000000000000004,0.19125
431,7,0.066,424,224.7,3,0,,0.0,0,202.23,,
431,8,0.066,352,186.6,3,0,,0.2712972024501663,0,167.94,,
432,1,0.478,214,65.6,10,1,0.557,0.5868769654216672,1,65.6,0.11140000000000001,0.41775000000000007
432,2,0.478,209,64.1,4,1,0.395,0.44036992750750037,1,64.1,0.07900000000000001,0.29625
432,3,0.478,219,67.2,5,1,0.557,0.4798819049740598,1,67.2,0.11140000000000001,0.41775000000000007
432,4,0.478,105,32.2,6,1,0.474,0.3608345652682438,1,32.2,0.0948,0.3555
432,5,0.478,305,93.6,6,0,,0.6475722877810866,1,84.24,,
432,6,0.478,330,101.2,3,0,,0.6677288694773111,1,91.08,,
432,7,0.478,592,181.6,8,0,,0.49366937282465245,1,163.44,,
432,8,0.478,339,104.0,8,1,0.333,0.5803530644185344,1,93.60000000000001,0.0666,0.24975000000000003
433,1,0.362,455,158.4,3,0,,0.3795286778933924,1,142.56,,
433,2,0.362,447,155.6,4,0,,0.22832745611240693,1,140.04,,
433,3,0.362,234,81.4,6,1,0.438,0.32081766310363424,1,81.4,0.08760000000000001,0.3285
433,4,0.362,348,121.1,6,1,0.358,0.3751927966771957,0,108.99,0.0716,
433,5,0.362,568,197.7,1,0,,0.31654522812565555,1,177.93,,
433,6,0.362,582,202.6,2,0,,0.3401346722564964,0,182.34,,
433,7,0.362,397,138.2,4,0,,0.35286004424908857,1,124.38,,
433,8,0.362,444,154.5,1,0,,0.35391215021345385,0,139.05,,
434,1,0.402,530,176.3,3,0,,0.40722584904974835,0,158.67000000000002,,
434,2,0.402,147,48.9,5,1,0.527,0.2959394933603399,1,48.9,0.10540000000000001,0.39525
434,3,0.402,238,79.2,5,1,0.77,0.3302983850872064,1,79.2,0.15400000000000003,0.5775
434,4,0.402,161,53.6,2,1,0.67,0.27354157343000307,1,53.6,0.134,0.5025000000000001
434,5,0.402,488,162.4,2,1,0.59,0.4997815549686201,0,146.16,0.118,
434,6,0.402,180,59.9,5,1,0.669,0.19143530581596757,1,59.9,0.1338,0.50175
434,7,0.402,377,125.4,6,0,,0.5173590343316926,1,112.86000000000001,,
434,8,0.402,455,151.4,5,0,,0.5406349397262844,0,136.26000000000002,,
435,1,0.145,174,81.0,2,1,0.39,0.11478194130173786,1,81.0,0.07800000000000001,0.2925
435,2,0.145,342,159.1,2,1,0.311,0.0,1,143.19,0.062200000000000005,0.23325
435,3,0.145,571,265.7,2,0,,0.10886894380327095,1,239.13,,
435,4,0.145,414,192.6,5,0,,0.13858158387111807,1,173.34,,
435,5,0.145,596,277.3,3,0,,0.04394017800710864,0,249.57000000000002,,
435,6,0.145,355,165.2,5,1,0.542,0.09347816061917572,1,148.68,0.10840000000000001,0.40650000000000003
435,7,0.145,382,177.7,6,1,0.302,0.2980195198863351,0,159.93,0.0604,
435,8,0.145,541,251.7,3,0,,0.21149271623017407,0,226.53,,
436,1,0.149,291,134.6,3,1,0.209,0.056543588562189995,1,134.6,0.041800000000000004,0.15675
436,2,0.149,247,114.3,2,1,0.397,0.0,1,114.3,0.07940000000000001,0.29775
436,3,0.149,266,123.0,4,1,0.412,0.11629826823902288,1,123.0,0.0824,0.309
436,4,0.149,462,213.7,2,0,,0.12765432206495617,1,192.32999999999998,,
436,5,0.149,306,141.5,4,1,0.471,0.1986199187363316,0,127.35000000000001,0.0942,
436,6,0.149,326,150.8,5,0,,0.09546832874323409,1,135.72000000000003,,
436,7,0.149,182,84.2,3,1,0.376,0.20014995753618614,1,84.2,0.0752,0.28200000000000003
436,8,0.149,276,127.7,2,1,0.183,0.3425154040060229,1,127.7,0.0366,0.13724999999999998
437,1,0.267,314,122.8,4,1,0.188,0.3485501022444263,0,110.52,0.0376,
437,2,0.267,156,61.0,5,1,0.446,0.2621911492669228,1,61.0,0.0892,0.3345
437,3,0.267,445,174.0,4,1,0.427,0.24868495289467055,1,156.6,0.0854,0.32025
437,4,0.267,504,197.1,6,0,,0.2313326865820129,1,177.39,,
437,5,0.267,557,217.8,7,0,,0.38506409124521446,1,196.02,,
437,6,0.267,197,77.0,4,1,0.341,0.20426865540486971,1,77.0,0.06820000000000001,0.25575000000000003
437,7,0.267,328,128.2,7,1,0.454,0.27152227089999825,1,115.38,0.0908,0.3405
437,8,0.267,251,98.1,3,1,0.396,0.27211979018810856,1,98.1,0.0792,0.29700000000000004
438,1,0.267,114,44.6,4,1,0.442,0.21682158071884683,1,44.6,0.0884,0.3315
438,2,0.267,174,68.1,3,1,0.372,0.12975344521158994,1,68.1,0.07440000000000001,0.279
438,3,0.267,481,188.3,4,1,0.485,0.2992974503617668,1,169.47000000000003,0.097,0.36375
438,4,0.267,219,85.7,4,1,0.348,0.2608996028144617,1,85.7,0.0696,0.261
438,5,0.267,156,61.1,5,1,0.577,0.317024046943657,1,61.1,0.1154,0.43274999999999997
438,6,0.267,299,117.0,5,1,0.475,0.21363996935608331,1,117.0,0.095,0.35624999999999996
438,7,0.267,292,114.3,5,1,0.42,0.3890821298813048,1,114.3,0.084,0.315
438,8,0.267,341,133.5,4,1,0.55,0.17932262187881554,1,120.15,0.11000000000000001,0.41250000000000003
439,1,0.202,558,238.6,3,0,,0.3732040284017893,1,214.74,,
439,2,0.202,490,209.5,2,0,,0.02723634901717384,1,188.55,,
439,3,0.202,578,247.1,6,0,,0.24547700645568912,1,222.39,,
439,4,0.202,269,115.0,3,1,0.241,0.24954306825266237,1,115.0,0.0482,0.18075
439,5,0.202,279,119.3,3,0,,0.12244429320591177,0,119.3,,
439,6,0.202,480,205.2,4,0,,0.24443939378610127,0,184.68,,
439,7,0.202,112,47.9,2,1,0.427,0.32995186697601586,1,47.9,0.0854,0.32025
439,8,0.202,509,217.6,3,0,,0.0,1,195.84,,
440,1,0.519,512,150.7,3,0,,0.5692744807490815,1,135.63,,
440,2,0.519,132,38.9,5,1,0.517,0.2696729179669922,1,38.9,0.1034,0.38775000000000004
440,3,0.519,197,58.0,4,1,0.554,0.4224335196476792,1,58.0,0.11080000000000001,0.41550000000000004
440,4,0.519,400,117.7,7,0,,0.6819166364900946,1,105.93,,
440,5,0.519,493,145.1,7,0,,0.4608217966607946,1,130.59,,
440,6,0.519,274,80.7,9,1,0.747,0.40161200355910276,1,80.7,0.1494,0.56025
440,7,0.519,123,36.2,7,1,0.668,0.49920622710153184,1,36.2,0.13360000000000002,0.501
440,8,0.519,538,158.4,5,0,,0.7257906338163552,1,142.56,,
441,1,0.013,223,130.5,1,1,0.253,0.0,1,130.5,0.050600000000000006,0.18975
441,2,0.013,240,140.5,4,1,0.175,0.0,1,140.5,0.034999999999999996,0.13124999999999998
441,3,0.013,157,91.9,5,1,0.256,0.16274316831796265,1,91.9,0.0512,0.192
441,4,0.013,255,149.2,4,1,0.448,0.19877023435377328,1,149.2,0.08960000000000001,0.336
441,5,0.013,439,256.9,2,0,,0.002656877570971607,0,231.20999999999998,,
441,6,0.013,484,283.3,3,1,0.124,0.0,0,254.97000000000003,0.024800000000000003,
441,7,0.013,315,184.4,3,1,0.174,0.22258435018091594,1,165.96,0.0348,0.1305
441,8,0.013,591,345.9,3,0,,0.1724442391749197,0,311.31,,
442,1,0.23,296,121.6,6,1,0.43,0.2978946987762233,1,121.6,0.08600000000000001,0.3225
442,2,0.23,518,212.9,6,0,,0.148759765106258,0,191.61,,
442,3,0.23,320,131.5,4,1,0.245,0.22509706591619633,1,118.35000000000001,0.049,0.18375
442,4,0.23,273,112.2,2,1,0.255,0.21396399189551693,1,112.2,0.051000000000000004,0.19125
442,5,0.23,540,221.9,6,0,,0.2630851304615578,0,199.71,,
442,6,0.23,592,243.3,6,0,,0.3751001438131336,1,218.97000000000003,,
442,7,0.23,292,120.0,3,1,0.368,0.31794170411374034,1,120.0,0.0736,0.276
442,8,0.23,580,238.3,6,0,,0.12226239230152418,1,214.47000000000003,,
443,1,0.089,290,147.7,3,0,,0.22664964500195378,0,147.7,,
443,2,0.089,415,211.3,2,0,,0.12031321400131553,1,190.17000000000002,,
443,3,0.089,476,242.4,7,0,,0.15770657958589163,0,218.16,,
443,4,0.089,159,81.0,3,1,0.275,0.2356540859278603,1,81.0,0.05500000000000001,0.20625000000000002
443,5,0.089,348,177.2,6,0,,0.0,0,159.48,,
443,6,0.089,591,300.9,2,0,,0.0854174421293537,0,270.81,,
443,7,0.089,196,99.8,6,1,0.353,0.03585454486407849,1,99.8,0.0706,0.26475
443,8,0.089,499,254.1,4,0,,0.0,1,228.69,,
444,1,0.544,322,92.6,9,1,0.779,0.578670997760492,1,83.34,0.15580000000000002,0.58425
444,2,0.544,497,142.9,8,0,,0.7951556551584424,1,128.61,,
444,3,0.544,265,76.2,5,1,0.489,0.3599922255494248,1,76.2,0.0978,0.36675
444,4,0.544,223,64.1,2,1,0.628,0.540771938895053,1,64.1,0.12560000000000002,0.471
444,5,0.544,325,93.4,7,1,0.719,0.6080542935074774,1,84.06,0.1438,0.53925
444,6,0.544,483,138.8,6,0,,0.5563078201656182,1,124.92000000000002,,
444,7,0.544,524,150.6,10,0,,0.532687194748426,1,135.54,,
444,8,0.544,511,146.9,5,0,,0.4140783636554176,1,132.21,,
445,1,0.338,592,211.9,5,0,,0.3612786742940164,1,190.71,,
445,2,0.338,135,48.3,6,1,0.606,0.2623236022984074,1,48.3,0.1212,0.4545
445,3,0.338,421,150.7,5,0,,0.11900782950214467,1,135.63,,
445,4,0.338,449,160.7,3,0,,0.4574592220513731,1,144.63,,
445,5,0.338,103,36.9,5,1,0.481,0.4338385819842043,1,36.9,0.09620000000000001,0.36075
445,6,0.338,378,135.3,5,1,0.679,0.34316609768510803,1,121.77000000000001,0.1358,0.50925
445,7,0.338,443,158.6,4,1,0.571,0.3609074688205703,1,142.74,0.1142,0.42824999999999996
445,8,0.338,357,127.8,3,1,0.46,0.4454318012715562,1,115.02,0.09200000000000001,0.34500000000000003
446,1,0.221,453,188.5,11,0,,0.24343396567780826,1,169.65,,
446,2,0.221,543,225.9,9,0,,0.31140175547613147,1,203.31,,
446,3,0.221,507,211.0,1,0,,0.191251779912615,0,189.9,,
446,4,0.221,192,79.9,6,1,0.319,0.35219837385739466,1,79.9,0.06380000000000001,0.23925000000000002
446,5,0.221,587,244.2,4,0,,0.2530785725932684,1,219.78,,
446,6,0.221,145,60.3,6,1,0.473,0.2404051943605874,1,60.3,0.0946,0.35475
446,7,0.221,484,201.4,3,0,,0.0939938911287968,0,181.26000000000002,,
446,8,0.221,164,68.2,4,1,0.446,0.24969558543017087,1,68.2,0.0892,0.3345
447,1,0.122,472,227.5,4,0,,0.03880450825055487,0,204.75,,
447,2,0.122,278,134.0,4,1,0.168,0.05817172734715058,1,134.0,0.033600000000000005,0.126
447,3,0.122,225,108.5,4,1,0.26,0.04046243716838788,1,108.5,0.052000000000000005,0.195
447,4,0.122,455,219.3,2,0,,0.01537650681007749,1,197.37,,
447,5,0.122,409,197.2,3,0,,0.3344771403016962,1,177.48,,
447,6,0.122,516,248.7,5,0,,0.25513390619884035,0,223.82999999999998,,
447,7,0.122,342,164.9,5,0,,0.3140367502144261,1,148.41,,
447,8,0.122,138,66.5,4,1,0.388,0.0,1,66.5,0.0776,0.29100000000000004
448,1,0.327,210,76.2,2,1,0.372,0.33412537499108924,1,76.2,0.07440000000000001,0.279
448,2,0.327,113,41.0,7,1,0.505,0.19764923747959043,1,41.0,0.101,0.37875000000000003
448,3,0.327,568,206.0,3,0,,0.2574305122802936,1,185.4,,
448,4,0.327,215,78.0,2,1,0.491,0.2351873016583425,1,78.0,0.09820000000000001,0.36824999999999997
448,5,0.327,212,76.9,7,1,0.475,0.45095840064415615,1,76.9,0.095,0.35624999999999996
448,6,0.327,311,112.8,2,0,,0.287377032189824,1,101.52,,
448,7,0.327,280,101.6,4,0,,0.4338379333694017,0,101.6,,
448,8,0.327,589,213.6,4,1,0.47,0.3874120889588518,1,192.24,0.094,0.3525
449,1,0.1,253,126.5,5,1,0.37,0.33036387521047894,1,126.5,0.074,0.27749999999999997
449,2,0.1,489,244.5,5,0,,0.0,0,220.05,,
449,3,0.1,444,222.0,4,0,,0.2259233239786799,0,199.8,,
449,4,0.1,189,94.5,4,1,0.355,0.21464408704007276,1,94.5,0.071,0.26625
449,5,0.1,279,139.5,4,1,0.366,0.0026621161972965324,1,139.5,0.0732,0.27449999999999997
449,6,0.1,401,200.5,2,1,0.306,0.20071333364731597,0,180.45000000000002,0.061200000000000004,
449,7,0.1,137,68.5,4,1,0.138,0.1336144963026229,1,68.5,0.027600000000000003,0.10350000000000001
449,8,0.1,379,189.5,4,1,0.333,0.07725237400465923,1,170.55,0.0666,0.24975000000000003
450,1,0.338,513,183.7,4,0,,0.2556064513028001,1,165.32999999999998,,
450,2,0.338,486,174.1,3,0,,0.26608905485508144,1,156.69,,
450,3,0.338,351,125.7,10,1,0.724,0.5429812095785926,1,113.13000000000001,0.1448,0.5429999999999999
450,4,0.338,507,181.6,6,0,,0.3380682818957483,1,163.44,,
450,5,0.338,404,144.7,5,1,0.408,0.41621300015314594,1,130.23,0.0816,0.306
450,6,0.338,258,92.4,1,1,0.489,0.2589100618332447,1,92.4,0.0978,0.36675
450,7,0.338,284,101.7,8,1,0.277,0.2600147053778361,1,101.7,0.055400000000000005,0.20775000000000002
450,8,0.338,197,70.6,5,1,0.506,0.44619848092499426,1,70.6,0.10120000000000001,0.3795
451,1,0.583,528,146.3,4,0,,0.44804237884484677,1,131.67000000000002,,
451,2,0.583,572,158.5,8,0,,0.5414786232094728,1,142.65,,
451,3,0.583,438,121.3,9,1,0.7,0.5864027411072231,1,109.17,0.13999999999999999,0.5249999999999999
451,4,0.583,109,30.2,8,1,0.607,0.5941372601840053,1,30.2,0.12140000000000001,0.45525
451,5,0.583,520,144.1,5,0,,0.5650906714983843,0,129.69,,
451,6,0.583,390,108.0,6,1,0.726,0.6225819781095923,1,97.2,0.1452,0.5445
451,7,0.583,526,145.7,6,1,0.633,0.6522855755817811,0,131.13,0.12660000000000002,
451,8,0.583,139,38.5,4,1,0.668,0.656463754545933,1,38.5,0.13360000000000002,0.501
452,1,0.549,416,119.0,3,0,,0.4504196191332174,1,107.10000000000001,,
452,2,0.549,391,111.8,6,0,,0.5205844902071203,1,100.62,,
452,3,0.549,131,37.5,5,1,0.654,0.6684762861876938,1,37.5,0.1308,0.49050000000000005
452,4,0.549,372,106.4,6,1,0.799,0.6384647187573873,1,95.76,0.15980000000000003,0.5992500000000001
452,5,0.549,163,46.6,4,1,0.74,0.4117140548518936,1,46.6,0.148,0.5549999999999999
452,6,0.549,302,86.4,6,1,0.534,0.5841479900352202,1,77.76,0.1068,0.4005
452,7,0.549,142,40.6,6,1,0.655,0.351177475062519,1,40.6,0.131,0.49125
452,8,0.549,445,127.3,3,0,,0.553693490206037,1,114.57,,
453,1,0.144,176,81.9,4,1,0.312,0.3337767016745977,1,81.9,0.062400000000000004,0.23399999999999999
453,2,0.144,139,64.7,1,1,0.285,0.049210728273101356,1,64.7,0.056999999999999995,0.21375
453,3,0.144,393,183.0,7,1,0.38,0.06056769545084177,0,164.70000000000002,0.07600000000000001,
453,4,0.144,166,77.3,5,1,0.2,0.22040297815728593,1,77.3,0.04000000000000001,0.15000000000000002
453,5,0.144,550,256.1,4,0,,0.0,0,230.49000000000004,,
453,6,0.144,387,180.2,6,0,,0.08072449701149607,1,162.18,,
453,7,0.144,205,95.4,4,1,0.344,0.20364411375817526,1,95.4,0.0688,0.258
453,8,0.144,553,257.4,7,0,,0.08057141523105968,1,231.66,,
454,1,0.54,207,59.7,3,1,0.54,0.5164030012789029,1,59.7,0.10800000000000001,0.405
454,2,0.54,341,98.4,5,1,0.471,0.6144185710315035,1,88.56,0.0942,0.35324999999999995
454,3,0.54,419,120.9,3,1,0.699,0.5821546083536562,1,108.81,0.1398,0.52425
454,4,0.54,315,90.9,5,1,0.615,0.5666818396295402,1,81.81,0.123,0.46125
454,5,0.54,300,86.6,4,1,0.432,0.5060877720729962,1,86.6,0.0864,0.324
454,6,0.54,141,40.7,4,1,0.77,0.5770061115268956,1,40.7,0.15400000000000003,0.5775
454,7,0.54,419,120.9,5,0,,0.5276267319900244,1,108.81,,
454,8,0.54,479,138.2,3,0,,0.5857805609925785,1,124.38,,
455,1,0.049,284,155.2,5,0,,0.0,0,155.2,,
455,2,0.049,176,96.2,5,0,,0.03074310256204589,0,96.2,,
455,3,0.049,584,319.1,4,0,,0.0,1,287.19000000000005,,
455,4,0.049,520,284.1,3,0,,0.04549923899937641,1,255.69000000000003,,
455,5,0.049,156,85.2,3,1,0.337,0.0,1,85.2,0.0674,0.25275000000000003
455,6,0.049,331,180.8,2,1,0.234,0.0,1,162.72000000000003,0.04680000000000001,0.17550000000000002
455,7,0.049,418,228.4,5,0,,0.07486611478553881,1,205.56,,
455,8,0.049,341,186.3,4,0,,0.07027397758576603,0,167.67000000000002,,
456,1,0.227,407,168.0,5,1,0.201,0.30528737349485724,1,151.20000000000002,0.04020000000000001,0.15075
456,2,0.227,235,97.0,3,1,0.348,0.1838874430424901,1,97.0,0.0696,0.261
456,3,0.227,487,201.0,4,0,,0.2678052846836756,0,180.9,,
456,4,0.227,288,118.9,3,1,0.401,0.28207975722736633,1,118.9,0.08020000000000001,0.30075
456,5,0.227,458,189.0,4,0,,0.27147738078315947,0,170.1,,
456,6,0.227,365,150.6,2,0,,0.1444346317197858,0,135.54,,
456,7,0.227,127,52.4,3,1,0.475,0.2419363482271189,1,52.4,0.095,0.35624999999999996
456,8,0.227,362,149.4,4,1,0.36,0.2634140296054661,0,134.46,0.072,
457,1,0.151,561,258.6,4,0,,0.1517178466907942,0,232.74000000000004,,
457,2,0.151,317,146.1,2,1,0.368,0.0,0,131.49,0.0736,
457,3,0.151,508,234.2,5,0,,0.167048962397348,1,210.78,,
457,4,0.151,470,216.7,5,0,,0.3722531039397242,1,195.03,,
457,5,0.151,358,165.1,3,1,0.371,0.11499607312430171,0,148.59,0.0742,
457,6,0.151,207,95.4,5,1,0.357,0.07819229021446787,1,95.4,0.0714,0.26775
457,7,0.151,301,138.8,3,1,0.343,0.1883348559711398,0,124.92000000000002,0.06860000000000001,
457,8,0.151,369,170.1,3,1,0.276,0.18223782104665717,0,153.09,0.055200000000000006,
458,1,0.04,449,249.5,5,0,,0.15927351654164146,0,224.55,,
458,2,0.04,386,214.5,7,0,,0.0,0,193.05,,
458,3,0.04,207,115.0,5,1,0.233,0.11313802525749925,1,115.0,0.0466,0.17475000000000002
458,4,0.04,138,76.7,2,1,0.269,0.09904220612514636,1,76.7,0.05380000000000001,0.20175
458,5,0.04,157,87.3,4,1,0.29,0.025785346305945388,1,87.3,0.057999999999999996,0.21749999999999997
458,6,0.04,374,207.9,3,0,,0.073868731792169,0,187.11,,
458,7,0.04,216,120.1,1,1,0.204,0.14294574815983574,1,120.1,0.0408,0.153
458,8,0.04,582,323.5,3,0,,0.12723153800284503,0,291.15000000000003,,
459,1,0.42,559,182.3,2,0,,0.3056980687926271,1,164.07000000000002,,
459,2,0.42,127,41.4,7,1,0.547,0.5020158186755485,1,41.4,0.10940000000000001,0.41025
459,3,0.42,181,59.0,3,0,,0.41353113949674813,0,59.0,,
459,4,0.42,597,194.7,6,0,,0.4272874098015515,0,175.23,,
459,5,0.42,504,164.4,4,0,,0.4273196991001694,0,147.96,,
459,6,0.42,472,153.9,3,1,0.689,0.404975701120174,0,138.51000000000002,0.1378,
459,7,0.42,519,169.2,7,0,,0.5391707497107064,1,152.28,,
459,8,0.42,463,151.0,4,0,,0.41162820401507877,1,135.9,,
460,1,0.47,359,111.0,6,1,0.682,0.3580453871616831,1,99.9,0.13640000000000002,0.5115000000000001
460,2,0.47,517,159.8,8,0,,0.4306470144030271,0,143.82000000000002,,
460,3,0.47,258,79.8,6,1,0.681,0.48786947168104755,1,79.8,0.13620000000000002,0.51075
460,4,0.47,372,115.0,4,1,0.56,0.592921478429705,1,103.5,0.11200000000000002,0.42000000000000004
460,5,0.47,286,88.4,7,1,0.632,0.5303094684948834,1,88.4,0.1264,0.474
460,6,0.47,341,105.4,5,1,0.685,0.3849464721252956,1,94.86000000000001,0.137,0.51375
460,7,0.47,216,66.8,3,1,0.463,0.7185189916678891,1,66.8,0.09260000000000002,0.34725
460,8,0.47,417,128.9,5,0,,0.4964775310977979,1,116.01,,
461,1,0.459,288,90.1,6,1,0.654,0.5865390737999014,1,90.1,0.1308,0.49050000000000005
461,2,0.459,338,105.7,4,1,0.726,0.4438285566422771,1,95.13000000000001,0.1452,0.5445
461,3,0.459,289,90.4,7,1,0.739,0.512335924470545,1,90.4,0.14780000000000001,0.55425
461,4,0.459,197,61.6,7,1,0.563,0.5429468504518404,1,61.6,0.11259999999999999,0.42224999999999996
461,5,0.459,141,44.1,9,1,0.585,0.5808194711754257,1,44.1,0.11699999999999999,0.43875
461,6,0.459,222,69.4,5,1,0.774,0.5647368305378225,1,69.4,0.15480000000000002,0.5805
461,7,0.459,487,152.3,9,0,,0.5462197000072978,1,137.07000000000002,,
461,8,0.459,547,171.1,3,0,,0.42749132688058916,1,153.99,,
462,1,0.293,345,130.5,5,1,0.597,0.23582539580439385,1,117.45,0.1194,0.44775
462,2,0.293,527,199.4,3,0,,0.32626075103241975,1,179.46,,
462,3,0.293,121,45.8,3,1,0.374,0.38631280723410694,1,45.8,0.0748,0.28049999999999997
462,4,0.293,241,91.2,1,1,0.381,0.2707279299223393,1,91.2,0.0762,0.28575
462,5,0.293,136,51.5,2,1,0.631,0.39951719657143864,1,51.5,0.1262,0.47325
462,6,0.293,233,88.2,3,1,0.714,0.4382616745486179,1,88.2,0.1428,0.5355
462,7,0.293,321,121.5,4,1,0.438,0.201367908092658,1,109.35000000000001,0.08760000000000001,0.3285
462,8,0.293,439,166.1,0,1,0.207,0.20930792962037198,1,149.49,0.0414,0.15525
463,1,0.325,116,42.2,4,1,0.554,0.31096249410946636,1,42.2,0.11080000000000001,0.41550000000000004
463,2,0.325,508,184.7,3,0,,0.3557612668189197,0,166.23,,
463,3,0.325,487,177.0,7,1,0.534,0.2725432986232949,1,159.3,0.1068,0.4005
463,4,0.325,145,52.7,5,1,0.362,0.46022026788671444,1,52.7,0.0724,0.27149999999999996
463,5,0.325,355,129.0,4,1,0.337,0.36740668615184513,1,116.10000000000001,0.0674,0.25275000000000003
463,6,0.325,227,82.5,4,1,0.378,0.32894470482407395,1,82.5,0.0756,0.2835
463,7,0.325,321,116.7,5,1,0.314,0.18140904761314725,1,105.03,0.06280000000000001,0.2355
463,8,0.325,377,137.0,4,0,,0.1934184183572493,1,123.3,,
464,1,0.608,527,142.7,7,0,,0.6361009250281806,1,128.43,,
464,2,0.608,202,54.7,7,1,0.474,0.39474043738451636,1,54.7,0.0948,0.3555
464,3,0.608,388,105.0,13,0,,0.7092637409644071,1,94.5,,
464,4,0.608,126,34.1,9,1,0.686,0.5921846155627679,1,34.1,0.13720000000000002,0.5145000000000001
464,5,0.608,281,76.1,7,1,0.544,0.9323092969594733,1,22.83,0.10880000000000001,0.40800000000000003
464,6,0.608,400,108.3,6,0,,0.8387916250616111,1,32.489999999999995,,
464,7,0.608,411,111.3,8,0,,0.5898550930752483,1,100.17,,
464,8,0.608,565,152.9,6,1,0.637,0.5973662997468685,1,137.61,0.1274,0.47775
465,1,0.228,414,170.6,6,0,,0.327558151400203,1,153.54,,
465,2,0.228,528,217.6,5,0,,0.39831726099180376,0,195.84,,
465,3,0.228,207,85.3,2,1,0.395,0.06419709425639833,1,85.3,0.07900000000000001,0.29625
465,4,0.228,489,201.5,3,0,,0.04936245346453133,1,181.35,,
465,5,0.228,405,166.9,4,0,,0.16579651944456186,1,150.21,,
465,6,0.228,333,137.2,3,1,0.321,0.28627375831738644,1,123.47999999999999,0.06420000000000001,0.24075000000000002
465,7,0.228,347,143.0,5,0,,0.2776873590507597,1,128.70000000000002,,
465,8,0.228,598,246.4,5,0,,0.33497714549838503,0,221.76000000000002,,
466,1,0.329,455,164.7,5,1,0.413,0.20903024716346918,1,148.23,0.0826,0.30974999999999997
466,2,0.329,240,86.9,5,1,0.492,0.09738561370311233,1,86.9,0.0984,0.369
466,3,0.329,491,177.8,3,1,0.598,0.41480141953021454,1,160.02,0.1196,0.4485
466,4,0.329,320,115.9,5,1,0.473,0.24618037270347654,0,104.31,0.0946,
466,5,0.329,229,82.9,5,1,0.464,0.1271512135611362,1,82.9,0.09280000000000001,0.34800000000000003
466,6,0.329,327,118.4,2,1,0.218,0.3435063745959382,1,106.56,0.0436,0.1635
466,7,0.329,269,97.4,2,1,0.444,0.40831756882186776,1,97.4,0.0888,0.333
466,8,0.329,578,209.3,8,0,,0.3167942867878723,1,188.37,,
467,1,0.189,492,214.3,2,0,,0.14321516138175108,0,192.87,,
467,2,0.189,342,148.9,5,1,0.429,0.17306377678540935,0,134.01000000000002,0.0858,
467,3,0.189,408,177.7,1,0,,0.1519417237599217,0,159.93,,
467,4,0.189,265,115.4,4,1,0.437,0.05419528880598329,1,115.4,0.0874,0.32775
467,5,0.189,186,81.0,3,1,0.373,0.11753193230095682,1,81.0,0.0746,0.27975
467,6,0.189,227,98.9,5,1,0.38,0.24112799050138145,1,98.9,0.07600000000000001,0.28500000000000003
467,7,0.189,345,150.2,1,0,,0.22116785413765,0,135.18,,
467,8,0.189,384,167.2,2,0,,0.20580598059668204,0,150.48,,
468,1,0.476,169,51.9,3,1,0.807,0.376485151814662,1,51.9,0.16140000000000002,0.6052500000000001
468,2,0.476,420,129.1,3,1,0.453,0.45784968378643326,1,116.19,0.09060000000000001,0.33975
468,3,0.476,204,62.7,9,1,0.616,0.2582934953557145,1,62.7,0.1232,0.46199999999999997
468,4,0.476,102,31.4,6,1,0.53,0.49384766638853894,1,31.4,0.10600000000000001,0.3975
468,5,0.476,133,40.9,5,1,0.552,0.6188857707813568,1,40.9,0.11040000000000001,0.41400000000000003
468,6,0.476,290,89.1,2,1,0.658,0.3285867867957894,1,89.1,0.13160000000000002,0.49350000000000005
468,7,0.476,241,74.1,4,1,0.522,0.41740723266822444,1,74.1,0.1044,0.3915
468,8,0.476,214,65.8,6,1,0.533,0.508910677871013,1,65.8,0.10660000000000001,0.39975000000000005
469,1,0.462,182,56.8,2,1,0.429,0.5872842634427484,1,56.8,0.0858,0.32175
469,2,0.462,513,160.0,1,0,,0.41717753836998506,0,144.0,,
469,3,0.462,385,120.1,4,1,0.612,0.39277496707341036,1,108.09,0.12240000000000001,0.45899999999999996
469,4,0.462,528,164.7,3,0,,0.2651076857583917,1,148.23,,
469,5,0.462,234,73.0,3,1,0.65,0.4723438129308107,1,73.0,0.13,0.48750000000000004
469,6,0.462,464,144.7,6,1,0.597,0.6662076040143745,1,130.23,0.1194,0.44775
469,7,0.462,223,69.5,6,1,0.636,0.4897358461964676,1,69.5,0.1272,0.477
469,8,0.462,155,48.3,7,0,,0.45977210208162866,0,48.3,,
470,1,0.336,472,169.5,7,0,,0.3682082310766986,1,152.55,,
470,2,0.336,377,135.4,4,0,,0.3348907996051398,0,121.86000000000001,,
470,3,0.336,423,151.9,4,0,,0.25469856277398706,1,136.71,,
470,4,0.336,460,165.2,3,0,,0.41832799156777056,1,148.68,,
470,5,0.336,475,170.6,6,0,,0.35857615231117546,1,153.54,,
470,6,0.336,184,66.1,5,1,0.533,0.33776132519336577,1,66.1,0.10660000000000001,0.39975000000000005
470,7,0.336,389,139.7,4,1,0.352,0.23846339727217503,1,125.72999999999999,0.0704,0.264
470,8,0.336,486,174.5,4,0,,0.46635079319347594,0,157.05,,
471,1,0.291,535,202.8,5,0,,0.357470274533311,0,182.52,,
471,2,0.291,432,163.8,3,0,,0.23570791626326978,1,147.42000000000002,,
471,3,0.291,243,92.1,5,1,0.366,0.3911824853681937,1,92.1,0.0732,0.27449999999999997
471,4,0.291,442,167.6,6,1,0.434,0.24124291616147925,0,150.84,0.0868,
471,5,0.291,415,157.3,8,0,,0.21279965074889629,0,141.57000000000002,,
471,6,0.291,494,187.3,2,0,,0.21502968825197127,1,168.57000000000002,,
471,7,0.291,532,201.7,5,0,,0.11389314469119086,0,181.53,,
471,8,0.291,559,211.9,4,1,0.357,0.33815423804182054,1,190.71,0.0714,0.26775
472,1,0.301,585,219.1,4,0,,0.11788551216616497,1,197.19,,
472,2,0.301,140,52.4,8,1,0.396,0.17815561687342374,1,52.4,0.0792,0.29700000000000004
472,3,0.301,147,55.1,3,1,0.552,0.09344119909214665,1,55.1,0.11040000000000001,0.41400000000000003
472,4,0.301,374,140.1,3,1,0.418,0.29239303072091066,1,126.09,0.08360000000000001,0.3135
472,5,0.301,204,76.4,7,1,0.566,0.28596795397281277,1,76.4,0.1132,0.4245
472,6,0.301,229,85.8,4,1,0.445,0.26833037868136356,1,85.8,0.08900000000000001,0.33375
472,7,0.301,113,42.3,8,1,0.263,0.19674223053294237,1,42.3,0.05260000000000001,0.19725
472,8,0.301,426,159.5,8,0,,0.18377662465633599,1,143.55,,
473,1,0.327,143,51.9,4,1,0.378,0.37343698635465744,1,51.9,0.0756,0.2835
473,2,0.327,183,66.4,4,1,0.608,0.27194480682915123,1,66.4,0.1216,0.45599999999999996
473,3,0.327,152,55.1,6,1,0.479,0.3586358321536145,1,55.1,0.0958,0.35924999999999996
473,4,0.327,329,119.3,6,1,0.45,0.23847513138757775,1,107.37,0.09000000000000001,0.3375
473,5,0.327,521,189.0,8,0,,0.34510627427710827,1,170.1,,
473,6,0.327,343,124.4,6,1,0.421,0.4573278037316064,0,111.96000000000001,0.0842,
473,7,0.327,521,189.0,9,0,,0.38561658003927834,1,170.1,,
473,8,0.327,364,132.0,6,1,0.537,0.28575861817835196,1,118.8,0.10740000000000001,0.40275000000000005
474,1,0.068,292,154.3,3,1,0.308,0.09371989703559275,1,154.3,0.0616,0.23099999999999998
474,2,0.068,400,211.4,4,1,0.445,0.0439334825469787,0,190.26000000000002,0.08900000000000001,
474,3,0.068,479,253.2,3,0,,0.06878801846947281,0,227.88,,
474,4,0.068,150,79.3,3,1,0.222,0.035438894785149645,1,79.3,0.0444,0.1665
474,5,0.068,253,133.7,1,1,0.16,0.051566479411460885,1,133.7,0.032,0.12
474,6,0.068,208,109.9,4,1,0.377,0.08920933530741754,1,109.9,0.07540000000000001,0.28275
474,7,0.068,366,193.4,3,1,0.217,0.0,0,174.06,0.0434,
474,8,0.068,367,194.0,7,0,,0.0,0,174.6,,
475,1,0.333,231,83.2,5,1,0.258,0.19414574461687892,1,83.2,0.05160000000000001,0.1935
475,2,0.333,583,210.0,2,0,,0.17297288954962903,0,189.0,,
475,3,0.333,365,131.5,3,1,0.459,0.21127173077795208,1,118.35000000000001,0.0918,0.34425
475,4,0.333,575,207.1,1,0,,0.34894625068041296,1,186.39,,
475,5,0.333,256,92.2,5,1,0.431,0.2437212484508116,1,92.2,0.0862,0.32325
475,6,0.333,453,163.2,2,0,,0.38436144642310965,0,146.88,,
475,7,0.333,273,98.3,4,1,0.486,0.3364713748752562,1,98.3,0.09720000000000001,0.3645
475,8,0.333,301,108.4,7,1,0.404,0.13614957865619465,1,97.56,0.08080000000000001,0.30300000000000005
476,1,0.569,140,39.3,7,1,0.636,0.6344975584221689,1,39.3,0.1272,0.477
476,2,0.569,375,105.2,8,0,,0.650079864559171,1,94.68,,
476,3,0.569,579,162.5,7,1,0.788,0.4696137325165146,1,146.25,0.15760000000000002,0.591
476,4,0.569,120,33.7,6,1,0.637,0.6110191542894992,1,33.7,0.1274,0.47775
476,5,0.569,240,67.4,5,1,0.713,0.48335017625908006,1,67.4,0.1426,0.53475
476,6,0.569,198,55.6,5,1,0.565,0.5787670376748335,1,55.6,0.11299999999999999,0.42374999999999996
476,7,0.569,503,141.2,8,1,0.583,0.44255015930450337,1,127.08,0.1166,0.43724999999999997
476,8,0.569,407,114.2,4,0,,0.38968935474654226,1,102.78,,
477,1,0.169,536,240.5,3,0,,0.13071828103870314,0,216.45000000000002,,
477,2,0.169,215,96.5,5,1,0.277,0.1566271053725164,1,96.5,0.055400000000000005,0.20775000000000002
477,3,0.169,115,51.6,5,1,0.562,0.1292320306385396,1,51.6,0.11240000000000001,0.42150000000000004
477,4,0.169,171,76.7,3,1,0.273,0.05059694417774406,1,76.7,0.05460000000000001,0.20475000000000002
477,5,0.169,382,171.4,1,1,0.406,0.1290100937868863,0,154.26000000000002,0.08120000000000001,
477,6,0.169,373,167.3,7,0,,0.19592947525807342,0,150.57000000000002,,
477,7,0.169,177,79.4,4,1,0.512,0.1645106969877463,1,79.4,0.1024,0.384
477,8,0.169,481,215.8,2,0,,0.18725010305992135,1,194.22000000000003,,
478,1,0.323,557,202.9,3,0,,0.25598847995457674,1,182.61,,
478,2,0.323,256,93.3,12,1,0.328,0.440171791471616,1,93.3,0.0656,0.246
478,3,0.323,537,195.6,7,0,,0.20538266634452196,0,176.04,,
478,4,0.323,214,78.0,3,1,0.393,0.3717560297086719,1,78.0,0.0786,0.29475
478,5,0.323,589,214.6,7,0,,0.4411891092959962,1,193.14,,
478,6,0.323,420,153.0,3,0,,0.3710908092748896,1,137.70000000000002,,
478,7,0.323,339,123.5,6,0,,0.302747577293517,0,111.15,,
478,8,0.323,417,151.9,3,0,,0.27017029533370207,1,136.71,,
479,1,0.26,353,139.4,1,0,,0.3636087651046256,1,125.46000000000001,,
479,2,0.26,432,170.6,3,0,,0.11770250747383271,0,153.54,,
479,3,0.26,466,184.1,6,0,,0.16298757396203564,0,165.69,,
479,4,0.26,583,230.3,5,0,,0.22024422345082786,1,207.27,,
479,5,0.26,594,234.6,4,0,,0.38376537575119984,0,211.14,,
479,6,0.26,527,208.2,3,0,,0.29797676360408965,1,187.38,,
479,7,0.26,138,54.5,2,1,0.186,0.16319542414897548,1,54.5,0.037200000000000004,0.1395
479,8,0.26,316,124.8,6,1,0.58,0.22896922946150963,1,112.32,0.11599999999999999,0.43499999999999994
480,1,0.211,167,70.5,1,1,0.248,0.14956768559037054,1,70.5,0.049600000000000005,0.186
480,2,0.211,251,105.9,1,1,0.203,0.14002110077664648,1,105.9,0.040600000000000004,0.15225
480,3,0.211,319,134.6,1,1,0.317,0.3088889558556779,0,121.14,0.0634,
480,4,0.211,217,91.6,3,1,0.516,0.07382568707364942,1,91.6,0.10320000000000001,0.387
480,5,0.211,121,51.1,4,1,0.54,0.3718780855734374,1,51.1,0.10800000000000001,0.405
480,6,0.211,397,167.6,3,1,0.454,0.2938229690184623,0,150.84,0.0908,
480,7,0.211,378,159.6,4,0,,0.3200861670603698,1,143.64,,
480,8,0.211,228,96.2,3,1,0.33,0.16470604879747416,1,96.2,0.066,0.2475
481,1,0.445,305,96.8,3,1,0.77,0.4300059280920891,1,87.12,0.15400000000000003,0.5775
481,2,0.445,501,159.0,9,0,,0.3016848185475288,1,143.1,,
481,3,0.445,425,134.9,8,0,,0.3925337592933197,1,121.41000000000001,,
481,4,0.445,465,147.6,7,0,,0.4943654847643151,1,132.84,,
481,5,0.445,372,118.0,5,0,,0.5746063061781397,1,106.2,,
481,6,0.445,441,139.9,6,1,0.662,0.3342843183197548,1,125.91000000000001,0.13240000000000002,0.49650000000000005
481,7,0.445,314,99.6,3,1,0.367,0.4084494063014734,1,89.64,0.0734,0.27525
481,8,0.445,332,105.3,5,1,0.623,0.42987007797674776,1,94.77,0.1246,0.46725
482,1,0.193,106,45.9,5,1,0.342,0.053421079780751474,1,45.9,0.0684,0.2565
482,2,0.193,310,134.3,2,1,0.391,0.25213492417584005,0,120.87000000000002,0.0782,
482,3,0.193,389,168.5,4,1,0.365,0.12060096682573909,1,151.65,0.073,0.27375
482,4,0.193,163,70.6,9,1,0.429,0.17346096488229762,1,70.6,0.0858,0.32175
482,5,0.193,461,199.7,7,0,,0.14780506280881223,1,179.73,,
482,6,0.193,332,143.8,3,0,,0.11406614942803256,0,129.42000000000002,,
482,7,0.193,258,111.8,6,1,0.35,0.19229550145194454,1,111.8,0.06999999999999999,0.26249999999999996
482,8,0.193,279,120.9,4,1,0.293,0.17143904214319777,1,120.9,0.0586,0.21975
483,1,0.422,550,179.0,5,0,,0.38481421177213343,1,161.1,,
483,2,0.422,259,84.3,2,1,0.65,0.3491538378319657,1,84.3,0.13,0.48750000000000004
483,3,0.422,198,64.5,4,1,0.564,0.4539524670782955,1,64.5,0.1128,0.42299999999999993
483,4,0.422,359,116.9,3,0,,0.5873617268492285,1,105.21000000000001,,
483,5,0.422,215,70.0,6,1,0.457,0.43598872328391275,1,70.0,0.09140000000000001,0.34275
483,6,0.422,413,134.4,4,1,0.541,0.5216118214911128,1,120.96000000000001,0.10820000000000002,0.40575000000000006
483,7,0.422,584,190.1,7,0,,0.28297780748465373,1,171.09,,
483,8,0.422,587,191.1,4,0,,0.4377761439293769,1,171.99,,
484,1,0.315,547,201.4,5,0,,0.20526316810289336,0,181.26000000000002,,
484,2,0.315,476,175.3,4,0,,0.16730750724680984,1,157.77,,
484,3,0.315,188,69.2,3,1,0.328,0.24106285925409637,1,69.2,0.0656,0.246
484,4,0.315,307,113.0,2,1,0.496,0.4341899334413573,1,101.7,0.09920000000000001,0.372
484,5,0.315,181,66.6,7,1,0.462,0.4100015828669646,1,66.6,0.09240000000000001,0.34650000000000003
484,6,0.315,361,132.9,4,1,0.444,0.33930047220543996,1,119.61000000000001,0.0888,0.333
484,7,0.315,229,84.3,5,1,0.414,0.1617299440110069,1,84.3,0.0828,0.3105
484,8,0.315,504,185.6,6,0,,0.29537193486120633,0,167.04,,
485,1,0.089,556,283.1,5,0,,0.11917000089017354,0,254.79000000000002,,
485,2,0.089,520,264.8,3,0,,0.10655362295785979,1,238.32000000000002,,
485,3,0.089,142,72.3,5,1,0.073,0.0,1,72.3,0.0146,0.05474999999999999
485,4,0.089,399,203.2,3,0,,0.0,0,182.88,,
485,5,0.089,521,265.3,4,0,,0.08259222358512833,1,238.77,,
485,6,0.089,270,137.5,1,0,,0.142629090951719,0,137.5,,
485,7,0.089,107,54.5,6,1,0.194,0.0,1,54.5,0.0388,0.14550000000000002
485,8,0.089,400,203.7,5,0,,0.07278760245201416,1,183.32999999999998,,
486,1,0.181,371,163.3,7,0,,0.19530487698789523,0,146.97000000000003,,
486,2,0.181,370,162.9,6,1,0.553,0.2659611988516213,1,146.61,0.11060000000000002,0.41475000000000006
486,3,0.181,343,151.0,10,1,0.4,0.2502857584237437,0,135.9,0.08000000000000002,
486,4,0.181,258,113.6,4,1,0.268,0.23925713188088052,1,113.6,0.05360000000000001,0.201
486,5,0.181,495,217.9,6,0,,0.10100594932980657,0,196.11,,
486,6,0.181,333,146.6,3,1,0.388,0.0,0,131.94,0.0776,
486,7,0.181,385,169.5,2,0,,0.1416947242938599,0,152.55,,
486,8,0.181,550,242.1,4,0,,0.28116318252085604,1,217.89,,
487,1,0.289,112,42.6,5,1,0.354,0.4283454527524431,1,42.6,0.0708,0.26549999999999996
487,2,0.289,578,219.8,2,0,,0.36005491022977854,1,197.82000000000002,,
487,3,0.289,334,127.0,3,1,0.562,0.3319340822801734,1,114.3,0.11240000000000001,0.42150000000000004
487,4,0.289,160,60.8,1,1,0.313,0.3269639648385965,1,60.8,0.0626,0.23475000000000001
487,5,0.289,233,88.6,9,1,0.377,0.23338812532392192,1,88.6,0.07540000000000001,0.28275
487,6,0.289,469,178.4,0,0,,0.275993970644638,1,160.56,,
487,7,0.289,540,205.4,3,0,,0.4559069525826331,1,184.86,,
487,8,0.289,192,73.0,6,1,0.451,0.19474419942081234,1,73.0,0.0902,0.33825
488,1,0.191,311,135.0,2,1,0.559,0.35247787907098516,1,121.5,0.11180000000000001,0.41925
488,2,0.191,409,177.5,5,0,,0.15879718455079417,0,159.75,,
488,3,0.191,121,52.5,3,1,0.274,0.3235432109095079,1,52.5,0.05480000000000001,0.20550000000000002
488,4,0.191,381,165.4,4,1,0.464,0.050318499050246185,1,148.86,0.09280000000000001,0.34800000000000003
488,5,0.191,333,144.5,4,1,0.474,0.24959042011646493,0,130.05,0.0948,
488,6,0.191,565,245.2,2,0,,0.1173229864052378,0,220.68,,
488,7,0.191,404,175.3,2,0,,0.04947328080758126,0,157.77,,
488,8,0.191,363,157.5,0,1,0.355,0.21285340424109456,1,141.75,0.071,0.26625
489,1,0.255,427,169.8,4,0,,0.35594717885959687,1,152.82000000000002,,
489,2,0.255,397,157.8,4,0,,0.17050585614065036,1,142.02,,
489,3,0.255,414,164.6,5,1,0.489,0.10509840395415987,1,148.14,0.0978,0.36675
489,4,0.255,337,134.0,4,1,0.489,0.2458155235665045,1,120.60000000000001,0.0978,0.36675
489,5,0.255,461,183.3,2,0,,0.24625646712228189,0,164.97000000000003,,
489,6,0.255,599,238.1,1,0,,0.3098319627554499,1,214.29,,
489,7,0.255,106,42.1,3,1,0.164,0.3499594571364488,1,42.1,0.0328,0.123
489,8,0.255,332,132.0,6,1,0.346,0.2490584818727506,1,118.8,0.0692,0.25949999999999995
490,1,0.263,155,61.0,4,1,0.318,0.44855033147942636,1,61.0,0.0636,0.2385
490,2,0.263,448,176.2,4,0,,0.28542347445352917,0,158.57999999999998,,
490,3,0.263,297,116.8,1,1,0.409,0.22835734939931004,1,116.8,0.0818,0.30674999999999997
490,4,0.263,198,77.9,1,1,0.504,0.10184326408971722,1,77.9,0.1008,0.378
490,5,0.263,332,130.6,6,1,0.352,0.23673404796838324,1,117.53999999999999,0.0704,0.264
490,6,0.263,106,41.7,2,1,0.593,0.2293613054588864,1,41.7,0.1186,0.44475
490,7,0.263,248,97.6,6,1,0.49,0.35903047962814705,1,97.6,0.098,0.3675
490,8,0.263,460,181.0,4,0,,0.3092483624066854,1,162.9,,
491,1,0.187,179,78.2,5,1,0.359,0.06906308783673827,1,78.2,0.0718,0.26925
491,2,0.187,432,188.7,5,1,0.31,0.20422543864110376,0,169.82999999999998,0.062,
491,3,0.187,125,54.6,3,1,0.417,0.25415311717290534,1,54.6,0.0834,0.31275
491,4,0.187,538,235.0,6,0,,0.3398031359387833,1,211.5,,
491,5,0.187,383,167.3,2,1,0.27,0.27575039674140595,0,150.57000000000002,0.054000000000000006,
491,6,0.187,574,250.7,3,0,,0.2630846654311478,1,225.63,,
491,7,0.187,284,124.0,5,1,0.337,0.19300859946151636,1,124.0,0.0674,0.25275000000000003
491,8,0.187,381,166.4,1,1,0.373,0.22583120054234496,0,149.76000000000002,0.0746,
492,1,0.124,289,139.0,5,1,0.395,0.24895049007061587,1,139.0,0.07900000000000001,0.29625
492,2,0.124,363,174.6,5,1,0.397,0.0,1,157.14,0.07940000000000001,0.29775
492,3,0.124,187,90.0,3,1,0.338,0.0890560672783044,1,90.0,0.06760000000000001,0.2535
492,4,0.124,355,170.8,5,0,,0.04674312512437592,1,153.72000000000003,,
492,5,0.124,535,257.4,2,0,,0.1619153118726124,0,231.66,,
492,6,0.124,292,140.5,3,1,0.378,0.24702221756507875,1,140.5,0.0756,0.2835
492,7,0.124,440,211.7,5,0,,0.0643025713278926,1,190.53,,
492,8,0.124,575,276.6,2,1,0.466,0.0,1,248.94000000000003,0.0932,0.34950000000000003
493,1,0.359,123,43.0,2,1,0.392,0.31777792549755296,1,43.0,0.07840000000000001,0.29400000000000004
493,2,0.359,517,180.5,10,0,,0.4503473732017407,1,162.45000000000002,,
493,3,0.359,579,202.2,5,0,,0.412762990294988,1,181.98,,
493,4,0.359,378,132.0,5,0,,0.4018186247810576,1,118.8,,
493,5,0.359,204,71.2,5,1,0.352,0.331000669812552,1,71.2,0.0704,0.264
493,6,0.359,328,114.5,3,1,0.502,0.23109692637802134,1,103.05,0.1004,0.3765
493,7,0.359,208,72.6,4,1,0.491,0.41052943216244675,1,72.6,0.09820000000000001,0.36824999999999997
493,8,0.359,510,178.1,3,0,,0.2755718189965375,1,160.29,,
494,1,0.007,567,335.3,8,0,,0.22540967333804562,0,301.77000000000004,,
494,2,0.007,470,278.0,1,0,,0.0640507208354516,1,250.20000000000002,,
494,3,0.007,191,113.0,4,1,0.058,0.0,1,113.0,0.011600000000000001,0.043500000000000004
494,4,0.007,309,182.8,5,1,0.113,0.0,1,164.52,0.022600000000000002,0.08475
494,5,0.007,294,173.9,2,1,0.06,0.0,1,173.9,0.012,0.045
494,6,0.007,385,227.7,1,1,0.109,0.0,0,204.93,0.0218,
494,7,0.007,582,344.2,3,0,,0.11868337755299543,0,309.78,,
494,8,0.007,123,72.7,4,1,0.344,0.025641616974404632,1,72.7,0.0688,0.258
495,1,0.225,366,151.4,5,1,0.291,0.1518368261091472,1,136.26000000000002,0.0582,0.21825
495,2,0.225,277,114.6,3,1,0.587,0.4140440685155783,1,114.6,0.1174,0.44025
495,3,0.225,589,243.6,6,0,,0.22993083315202226,1,219.24,,
495,4,0.225,228,94.3,5,1,0.623,0.3018839675968897,1,94.3,0.1246,0.46725
495,5,0.225,137,56.7,4,1,0.554,0.16417734925552407,1,56.7,0.11080000000000001,0.41550000000000004
495,6,0.225,203,84.0,5,1,0.481,0.26131156277445233,1,84.0,0.09620000000000001,0.36075
495,7,0.225,174,72.0,4,1,0.372,0.2561109991143195,1,72.0,0.07440000000000001,0.279
495,8,0.225,385,159.2,5,0,,0.036035070790384705,1,143.28,,
496,1,0.368,509,175.9,5,0,,0.569527511046064,1,158.31,,
496,2,0.368,585,202.1,5,0,,0.49706444609225475,1,181.89,,
496,3,0.368,113,39.0,4,1,0.651,0.32828046838540126,1,39.0,0.1302,0.48825
496,4,0.368,348,120.2,9,0,,0.2577730259544144,1,108.18,,
496,5,0.368,456,157.6,5,0,,0.4027561613803552,1,141.84,,
496,6,0.368,317,109.5,5,1,0.329,0.37666976994143964,1,98.55,0.06580000000000001,0.24675000000000002
496,7,0.368,335,115.7,2,1,0.494,0.4035668948563229,1,104.13000000000001,0.0988,0.3705
496,8,0.368,496,171.4,2,0,,0.38715773961940897,0,154.26000000000002,,
497,1,0.47,594,183.7,6,1,0.452,0.5206240989305926,1,165.32999999999998,0.09040000000000001,0.339
497,2,0.47,565,174.7,7,0,,0.6147305699391806,1,157.23,,
497,3,0.47,563,174.1,7,0,,0.5268103205128646,0,156.69,,
497,4,0.47,279,86.3,7,1,0.406,0.36503445010900587,1,86.3,0.08120000000000001,0.3045
497,5,0.47,150,46.4,5,1,0.577,0.6062562852712452,1,46.4,0.1154,0.43274999999999997
497,6,0.47,395,122.2,3,1,0.563,0.6340614563488287,0,109.98,0.11259999999999999,
497,7,0.47,117,36.2,1,1,0.646,0.7852056734512085,1,36.2,0.1292,0.48450000000000004
497,8,0.47,107,33.1,6,0,,0.35765059667604016,0,33.1,,
498,1,0.233,120,49.1,1,1,0.483,0.2572882013150275,1,49.1,0.0966,0.36224999999999996
498,2,0.233,578,236.4,3,0,,0.02479012968110128,0,212.76000000000002,,
498,3,0.233,202,82.6,2,1,0.504,0.28831491563792094,1,82.6,0.1008,0.378
498,4,0.233,521,213.1,11,0,,0.17817997018332274,1,191.79,,
498,5,0.233,251,102.7,6,1,0.249,0.4253445794824954,1,102.7,0.049800000000000004,0.18675
498,6,0.233,426,174.3,5,0,,0.15553850299814181,1,156.87,,
498,7,0.233,285,116.6,6,1,0.428,0.06408169620327384,1,116.6,0.08560000000000001,0.321
498,8,0.233,295,120.7,6,1,0.236,0.18587362592974804,1,120.7,0.0472,0.177
499,1,0.605,123,33.4,5,1,0.614,0.4074512228782862,1,33.4,0.1228,0.4605
499,2,0.605,314,85.3,5,1,0.543,0.680109945450731,1,76.77,0.10860000000000002,0.40725
499,3,0.605,185,50.2,10,1,0.712,0.3984916953743679,1,50.2,0.1424,0.534
499,4,0.605,578,157.0,9,0,,0.6078457581183159,1,141.3,,
499,5,0.605,136,36.9,10,1,0.779,0.3972188180143803,1,36.9,0.15580000000000002,0.58425
499,6,0.605,239,64.9,2,1,0.839,0.5729702195463358,1,64.9,0.1678,0.62925
499,7,0.605,285,77.4,5,1,0.868,0.7693378155804533,1,77.4,0.1736,0.651
499,8,0.605,196,53.2,7,1,0.547,0.6410647891435794,1,53.2,0.10940000000000001,0.41025
500,1,0.112,476,233.5,3,0,,0.0256506395035066,0,210.15,,
500,2,0.112,578,283.5,2,0,,0.1088796511060916,1,255.15,,
500,3,0.112,360,176.6,2,1,0.239,0.11380168720444465,1,158.94,0.0478,0.17925
500,4,0.112,476,233.5,5,0,,0.15926303458434057,0,210.15,,
500,5,0.112,356,174.6,5,1,0.455,0.0,0,157.14,0.09100000000000001,
500,6,0.112,269,131.9,2,1,0.302,0.17125672738473308,1,131.9,0.0604,0.22649999999999998
500,7,0.112,107,52.5,3,1,0.291,0.0,1,52.5,0.0582,0.21825
500,8,0.112,438,214.8,4,1,0.139,0.049011544763618964,1,193.32000000000002,0.027800000000000005,0.10425000000000001
501,1,0.292,281,106.5,6,1,0.345,0.2431726157548455,1,106.5,0.06899999999999999,0.25875
501,2,0.292,413,156.5,7,0,,0.3553326826071238,1,140.85,,
501,3,0.292,336,127.3,3,1,0.495,0.2942630852676869,1,114.57,0.099,0.37124999999999997
501,4,0.292,285,108.0,4,1,0.433,0.15144369461437132,1,108.0,0.08660000000000001,0.32475
501,5,0.292,242,91.7,5,1,0.474,0.19350068741829846,1,91.7,0.0948,0.3555
501,6,0.292,541,205.0,1,0,,0.31186800095474065,1,184.5,,
501,7,0.292,452,171.3,5,0,,0.2840932658135443,1,154.17000000000002,,
501,8,0.292,525,198.9,3,0,,0.23408758903642535,1,179.01000000000002,,
502,1,0.244,383,154.5,3,0,,0.19591662104880206,0,139.05,,
502,2,0.244,343,138.4,1,1,0.285,0.31361679971592893,1,124.56,0.056999999999999995,0.21375
502,3,0.244,536,216.2,5,0,,0.19223074271307852,0,194.57999999999998,,
502,4,0.244,490,197.7,1,0,,0.23519087559709267,1,177.93,,
502,5,0.244,444,179.1,7,0,,0.4609936588080543,1,161.19,,
502,6,0.244,347,140.0,5,1,0.575,0.10163173631160768,1,126.0,0.11499999999999999,0.43124999999999997
502,7,0.244,222,89.6,4,1,0.356,0.05881572684253411,1,89.6,0.0712,0.267
502,8,0.244,286,115.4,5,1,0.377,0.3223589664798607,1,115.4,0.07540000000000001,0.28275
503,1,0.091,132,67.0,6,1,0.367,0.02313569387058967,1,67.0,0.0734,0.27525
503,2,0.091,225,114.2,2,1,0.222,0.05917624722573797,1,114.2,0.0444,0.1665
503,3,0.091,217,110.1,2,1,0.408,0.01288436218688857,1,110.1,0.0816,0.306
503,4,0.091,383,194.4,4,1,0.256,0.06501998592324874,0,174.96,0.0512,
503,5,0.091,399,202.5,4,0,,0.2508538112096341,0,182.25,,
503,6,0.091,599,304.0,3,0,,0.17121284586181193,0,273.6,,
503,7,0.091,568,288.2,6,0,,0.17722235118869772,0,259.38,,
503,8,0.091,185,93.9,1,1,0.337,0.0,1,93.9,0.0674,0.25275000000000003
504,1,0.342,377,134.3,4,1,0.209,0.2268846263447131,1,120.87000000000002,0.041800000000000004,0.15675
504,2,0.342,464,165.2,1,1,0.548,0.0580921340514573,0,148.68,0.10960000000000002,
504,3,0.342,143,50.9,7,1,0.551,0.2610619178917246,1,50.9,0.11020000000000002,0.41325
504,4,0.342,126,44.9,5,1,0.403,0.43767031863856587,1,44.9,0.0806,0.30225
504,5,0.342,281,100.1,10,1,0.422,0.39369465157483713,1,100.1,0.0844,0.3165
504,6,0.342,283,100.8,5,1,0.471,0.31984867370478764,1,100.8,0.0942,0.35324999999999995
504,7,0.342,539,192.0,8,0,,0.3397699716281947,0,172.8,,
504,8,0.342,577,205.5,6,0,,0.2731114457424595,0,184.95000000000002,,
505,1,0.261,464,182.8,8,0,,0.28147588824017844,1,164.52,,
505,2,0.261,347,136.7,7,1,0.472,0.3375878279480615,0,123.02999999999999,0.0944,
505,3,0.261,355,139.9,6,1,0.581,0.09941132125895272,1,125.91000000000001,0.1162,0.43574999999999997
505,4,0.261,361,142.2,9,1,0.356,0.29096476878373484,1,127.97999999999999,0.0712,0.267
505,5,0.261,268,105.6,5,1,0.295,0.3542434870954667,1,105.6,0.059,0.22125
505,6,0.261,437,172.2,4,1,0.581,0.21948997110366306,1,154.98,0.1162,0.43574999999999997
505,7,0.261,391,154.1,6,0,,0.3310700612120584,1,138.69,,
505,8,0.261,379,149.3,5,1,0.375,0.5424654444472553,0,134.37,0.07500000000000001,
506,1,0.105,543,269.1,0,0,,0.09456572070131081,0,242.19000000000003,,
506,2,0.105,545,270.0,3,0,,0.14433070500053236,0,243.0,,
506,3,0.105,124,61.4,2,1,0.419,0.031194291633860838,1,61.4,0.0838,0.31425
506,4,0.105,536,265.6,3,1,0.254,0.12312511626020503,0,239.04000000000002,0.050800000000000005,
506,5,0.105,334,165.5,2,1,0.24,0.1510271624982304,0,148.95000000000002,0.048,
506,6,0.105,373,184.8,2,1,0.363,0.12448423402701381,0,166.32000000000002,0.0726,
506,7,0.105,448,222.0,3,0,,0.0030304680291143166,1,199.8,,
506,8,0.105,369,182.8,5,1,0.369,0.12563617713254507,0,164.52,0.0738,
507,1,0.339,116,41.5,6,1,0.409,0.4852195938717637,1,41.5,0.0818,0.30674999999999997
507,2,0.339,202,72.2,3,1,0.553,0.38386357645145275,1,72.2,0.11060000000000002,0.41475000000000006
507,3,0.339,443,158.3,2,1,0.509,0.43519871890718415,1,142.47000000000003,0.1018,0.38175000000000003
507,4,0.339,261,93.3,5,1,0.44,0.31529880299873725,1,93.3,0.08800000000000001,0.33
507,5,0.339,139,49.7,3,1,0.354,0.41399002394237105,1,49.7,0.0708,0.26549999999999996
507,6,0.339,371,132.6,7,1,0.432,0.3669267838216526,1,119.34,0.0864,0.324
507,7,0.339,448,160.1,7,0,,0.2439089270312768,1,144.09,,
507,8,0.339,161,57.5,3,1,0.487,0.3708521004798875,1,57.5,0.0974,0.36524999999999996
508,1,0.067,236,124.9,1,1,0.361,0.0,1,124.9,0.0722,0.27075
508,2,0.067,480,254.1,4,0,,0.0037119725115208058,0,228.69,,
508,3,0.067,289,153.0,2,1,0.363,0.08593283072923742,1,153.0,0.0726,0.27225
508,4,0.067,365,193.2,2,1,0.48,0.09672442733801241,1,173.88,0.096,0.36
508,5,0.067,378,200.1,4,1,0.217,0.0,1,180.09,0.0434,0.16275
508,6,0.067,335,177.3,1,0,,0.17239857711828763,0,159.57000000000002,,
508,7,0.067,327,173.1,2,1,0.266,0.12420062783004729,0,155.79,0.053200000000000004,
508,8,0.067,437,231.3,2,0,,0.0,0,208.17000000000002,,
509,1,0.395,404,135.4,1,1,0.437,0.24124152035508248,1,121.86000000000001,0.0874,0.32775
509,2,0.395,358,120.0,4,1,0.463,0.3805095420918569,1,108.0,0.09260000000000002,0.34725
509,3,0.395,312,104.6,7,1,0.587,0.350405628613884,0,94.14,0.1174,
509,4,0.395,179,60.0,3,1,0.357,0.4063140457053023,1,60.0,0.0714,0.26775
509,5,0.395,266,89.2,5,1,0.733,0.3586883338844434,1,89.2,0.1466,0.54975
509,6,0.395,169,56.7,5,1,0.568,0.19425431392549902,1,56.7,0.11359999999999999,0.42599999999999993
509,7,0.395,462,154.9,6,0,,0.3561653061698842,1,139.41,,
509,8,0.395,589,197.5,0,0,,0.3644380888931687,1,177.75,,
510,1,0.17,519,232.3,4,0,,0.23336610247740588,1,209.07000000000002,,
510,2,0.17,584,261.4,6,0,,0.10018003253889504,1,235.26,,
510,3,0.17,304,136.1,5,1,0.396,0.33786746733725664,0,122.49,0.0792,
510,4,0.17,115,51.5,0,0,,0.0,0,51.5,,
510,5,0.17,127,56.9,1,1,0.287,0.3011167497802625,1,56.9,0.0574,0.21525
510,6,0.17,108,48.3,5,1,0.365,0.14756810291218952,1,48.3,0.073,0.27375
510,7,0.17,200,89.5,3,1,0.38,0.25595848723435566,1,89.5,0.07600000000000001,0.28500000000000003
510,8,0.17,359,160.7,3,1,0.326,0.1779801484058733,1,144.63,0.06520000000000001,0.2445
511,1,0.691,102,25.7,1,1,0.728,0.8049555536025469,1,7.709999999999999,0.1456,0.546
511,2,0.691,248,62.5,7,1,0.794,0.6522638035447188,1,62.5,0.15880000000000002,0.5955
511,3,0.691,203,51.1,4,1,0.91,0.5811379574822187,1,51.1,0.18200000000000002,0.6825
511,4,0.691,142,35.8,9,1,0.738,0.8330504287271063,1,10.739999999999998,0.1476,0.5535
511,5,0.691,235,59.2,6,1,0.783,0.6796519354117858,1,59.2,0.15660000000000002,0.58725
511,6,0.691,348,87.6,5,1,0.744,0.713155847362421,1,78.84,0.14880000000000002,0.558
511,7,0.691,545,137.3,10,0,,0.8144751914044794,1,41.190000000000005,,
511,8,0.691,482,121.4,10,0,,0.5878044757905565,1,109.26,,
512,1,0.17,580,259.6,2,0,,0.22954908976392574,1,233.64000000000001,,
512,2,0.17,165,73.9,4,1,0.323,0.11101052435371092,1,73.9,0.0646,0.24225000000000002
512,3,0.17,408,182.6,0,0,,0.15678306443556284,1,164.34,,
512,4,0.17,285,127.6,5,1,0.289,0.1772278965384289,1,127.6,0.0578,0.21675
512,5,0.17,248,111.0,5,1,0.347,0.019977813855306392,1,111.0,0.0694,0.26025
512,6,0.17,507,227.0,4,1,0.239,0.09211629571795653,1,204.3,0.0478,0.17925
512,7,0.17,454,203.2,2,1,0.313,0.3051072892413139,0,182.88,0.0626,
512,8,0.17,514,230.1,4,0,,0.25861911885847955,0,207.09,,
513,1,0.26,543,214.4,4,0,,0.25373604226727653,1,192.96,,
513,2,0.26,198,78.2,5,1,0.388,0.28431234585128934,1,78.2,0.0776,0.29100000000000004
513,3,0.26,125,49.4,7,1,0.337,0.23057574943635423,1,49.4,0.0674,0.25275000000000003
513,4,0.26,119,47.0,3,1,0.686,0.3956583385827982,1,47.0,0.13720000000000002,0.5145000000000001
513,5,0.26,121,47.8,4,1,0.469,0.23996474222058362,1,47.8,0.0938,0.35175
513,6,0.26,369,145.7,6,1,0.245,0.2831842092134848,0,131.13,0.049,
513,7,0.26,141,55.7,6,1,0.404,0.3746030144142065,1,55.7,0.08080000000000001,0.30300000000000005
513,8,0.26,255,100.7,8,1,0.369,0.18226285151540933,1,100.7,0.0738,0.27675
514,1,0.341,448,159.8,7,0,,0.49687891844968946,0,143.82000000000002,,
514,2,0.341,311,111.0,7,1,0.541,0.18795385902566233,1,99.9,0.10820000000000002,0.40575000000000006
514,3,0.341,145,51.7,3,1,0.632,0.5039642131112799,1,51.7,0.1264,0.474
514,4,0.341,347,123.8,4,1,0.473,0.30373244160480256,0,111.42,0.0946,
514,5,0.341,595,212.3,2,0,,0.31673012521747185,1,191.07000000000002,,
514,6,0.341,514,183.4,4,0,,0.1519989828817057,0,165.06,,
514,7,0.341,346,123.4,3,1,0.434,0.29552052826223074,1,111.06,0.0868,0.3255
514,8,0.341,238,84.9,6,1,0.605,0.23701934689731158,1,84.9,0.121,0.45375
515,1,0.194,423,183.0,4,0,,0.13323536546265274,0,164.70000000000002,,
515,2,0.194,195,84.3,4,1,0.339,0.18026890342111204,1,84.3,0.06780000000000001,0.25425000000000003
515,3,0.194,191,82.6,6,1,0.144,0.28977916144729055,1,82.6,0.0288,0.10799999999999998
515,4,0.194,235,101.6,7,1,0.262,0.2147603351400626,1,101.6,0.0524,0.1965
515,5,0.194,402,173.9,7,0,,0.2247676653401114,1,156.51000000000002,,
515,6,0.194,570,246.5,2,0,,0.08444806111544377,1,221.85,,
515,7,0.194,159,68.8,5,1,0.444,0.10592459103972698,1,68.8,0.0888,0.333
515,8,0.194,180,77.9,6,1,0.348,0.3738725018351312,1,77.9,0.0696,0.261
516,1,0.442,467,148.7,5,0,,0.36847989652367535,1,133.82999999999998,,
516,2,0.442,458,145.8,7,1,0.63,0.6076208252057296,1,131.22000000000003,0.126,0.47250000000000003
516,3,0.442,121,38.5,7,1,0.573,0.41769388011191333,1,38.5,0.1146,0.42974999999999997
516,4,0.442,109,34.7,7,1,0.562,0.4422287936143504,1,34.7,0.11240000000000001,0.42150000000000004
516,5,0.442,440,140.1,5,0,,0.549036516022993,1,126.09,,
516,6,0.442,309,98.4,7,1,0.443,0.5691892421938657,1,88.56,0.08860000000000001,0.33225
516,7,0.442,394,125.5,9,0,,0.43091874397209123,1,112.95,,
516,8,0.442,124,39.5,13,1,0.666,0.4031756946478461,1,39.5,0.1332,0.49950000000000006
517,1,0.292,246,93.2,2,1,0.263,0.28640795514777867,1,93.2,0.05260000000000001,0.19725
517,2,0.292,251,95.1,5,1,0.531,0.3257957528232118,1,95.1,0.10620000000000002,0.39825
517,3,0.292,537,203.5,2,1,0.468,0.38113036868697553,1,183.15,0.09360000000000002,0.35100000000000003
517,4,0.292,346,131.1,5,0,,0.2924229858994151,1,117.99,,
517,5,0.292,210,79.6,1,1,0.621,0.35388862980231534,1,79.6,0.1242,0.46575
517,6,0.292,448,169.7,2,1,0.481,0.45583597322709407,1,152.73,0.09620000000000001,0.36075
517,7,0.292,311,117.8,3,1,0.364,0.33013096122647845,0,106.02,0.0728,
517,8,0.292,137,51.9,3,1,0.533,0.3231652856004778,1,51.9,0.10660000000000001,0.39975000000000005
518,1,0.043,182,100.5,6,1,0.124,0.0,1,100.5,0.024800000000000003,0.093
518,2,0.043,340,187.8,2,1,0.06,0.0,0,169.02,0.012,
518,3,0.043,234,129.2,1,1,0.102,0.08183757292301683,1,129.2,0.0204,0.0765
518,4,0.043,558,308.2,3,0,,0.03351757687191277,0,277.38,,
518,5,0.043,541,298.8,4,0,,0.0,1,268.92,,
518,6,0.043,333,183.9,3,1,0.242,0.06735302041863446,0,165.51000000000002,0.0484,
518,7,0.043,401,221.5,7,0,,0.03695962708030917,1,199.35,,
518,8,0.043,237,130.9,4,1,0.194,0.15577802506338984,1,130.9,0.0388,0.14550000000000002
519,1,0.085,299,153.3,1,1,0.307,0.09361108682589779,1,153.3,0.0614,0.23025
519,2,0.085,333,170.7,2,1,0.25,0.010307671492983242,0,153.63,0.05,
519,3,0.085,340,174.3,7,1,0.156,0.18401662389592893,1,156.87,0.031200000000000002,0.11699999999999999
519,4,0.085,277,142.0,4,1,0.262,0.06328689250537975,1,142.0,0.0524,0.1965
519,5,0.085,529,271.2,1,0,,0.13765366836723072,0,244.07999999999998,,
519,6,0.085,164,84.1,3,1,0.351,0.03725892938071996,1,84.1,0.0702,0.26325
519,7,0.085,470,240.9,3,0,,0.02001731145025637,0,216.81,,
519,8,0.085,558,286.0,3,0,,0.09341682301856963,1,257.40000000000003,,
520,1,0.474,458,141.1,5,0,,0.4752828643543685,1,126.99,,
520,2,0.474,408,125.7,7,1,0.48,0.5219827035366833,0,113.13000000000001,0.096,
520,3,0.474,234,72.1,5,1,0.513,0.4471354246690257,1,72.1,0.10260000000000001,0.38475000000000004
520,4,0.474,310,95.5,7,1,0.698,0.29036402162296027,1,85.95,0.1396,0.5235
520,5,0.474,137,42.2,4,1,0.757,0.4307226116411611,1,42.2,0.1514,0.56775
520,6,0.474,158,48.7,5,1,0.445,0.5533818467143815,1,48.7,0.08900000000000001,0.33375
520,7,0.474,420,129.4,9,1,0.697,0.44426239207568935,1,116.46000000000001,0.1394,0.5227499999999999
520,8,0.474,259,79.8,4,1,0.553,0.4493616597485452,1,79.8,0.11060000000000002,0.41475000000000006
521,1,0.274,417,161.6,7,0,,0.3726376505905937,1,145.44,,
521,2,0.274,317,122.9,4,1,0.447,0.20280267727410772,1,110.61000000000001,0.08940000000000001,0.33525
521,3,0.274,124,48.1,5,1,0.429,0.11971967817571005,1,48.1,0.0858,0.32175
521,4,0.274,407,157.8,5,1,0.528,0.2579368880474506,1,142.02,0.10560000000000001,0.396
521,5,0.274,511,198.1,3,0,,0.22558260487512632,0,178.29,,
521,6,0.274,346,134.1,4,0,,0.17737536802467463,1,120.69,,
521,7,0.274,397,153.9,5,0,,0.2564621544101309,0,138.51000000000002,,
521,8,0.274,424,164.4,6,1,0.423,0.3231505647246784,1,147.96,0.08460000000000001,0.31725
522,1,0.237,470,191.2,1,0,,0.23607114384321842,1,172.07999999999998,,
522,2,0.237,100,40.7,4,1,0.432,0.26769810726862375,1,40.7,0.0864,0.324
522,3,0.237,345,140.4,4,1,0.499,0.41834076985154234,0,126.36000000000001,0.0998,
522,4,0.237,210,85.4,2,1,0.375,0.2027121138442436,1,85.4,0.07500000000000001,0.28125
522,5,0.237,283,115.1,8,1,0.366,0.26483486346446694,1,115.1,0.0732,0.27449999999999997
522,6,0.237,374,152.2,2,1,0.384,0.18607866374008653,1,136.98,0.07680000000000001,0.28800000000000003
522,7,0.237,284,115.5,7,1,0.375,0.1523640280113027,1,115.5,0.07500000000000001,0.28125
522,8,0.237,181,73.6,2,1,0.505,0.178509234658223,1,73.6,0.101,0.37875000000000003
523,1,0.267,468,183.0,4,0,,0.21912414284783116,0,164.70000000000002,,
523,2,0.267,144,56.3,5,1,0.314,0.3029475797547126,1,56.3,0.06280000000000001,0.2355
523,3,0.267,221,86.4,1,1,0.339,0.5019075786700757,1,86.4,0.06780000000000001,0.25425000000000003
523,4,0.267,342,133.8,7,1,0.468,0.19539565637241596,1,120.42000000000002,0.09360000000000002,0.35100000000000003
523,5,0.267,282,110.3,6,1,0.552,0.22533746943845376,1,110.3,0.11040000000000001,0.41400000000000003
523,6,0.267,372,145.5,6,1,0.393,0.2606876986888752,1,130.95000000000002,0.0786,0.29475
523,7,0.267,559,218.6,3,0,,0.3065798848709747,0,196.74,,
523,8,0.267,106,41.5,4,1,0.421,0.2933550811954785,1,41.5,0.0842,0.31575
524,1,0.103,367,182.4,4,0,,0.23140957939481172,0,164.16,,
524,2,0.103,417,207.3,1,0,,0.0,1,186.57000000000002,,
524,3,0.103,578,287.3,2,0,,0.0,0,258.57,,
524,4,0.103,366,181.9,4,1,0.216,0.05341218279898506,1,163.71,0.0432,0.162
524,5,0.103,324,161.1,3,1,0.192,0.21273001875437086,0,144.99,0.038400000000000004,
524,6,0.103,556,276.4,4,0,,0.0,0,248.76,,
524,7,0.103,213,105.9,5,1,0.248,0.0,1,105.9,0.049600000000000005,0.186
524,8,0.103,208,103.4,1,1,0.317,0.16011794062192086,1,103.4,0.0634,0.23775000000000002
525,1,0.228,339,139.7,6,0,,0.25236572237027144,1,125.72999999999999,,
525,2,0.228,163,67.2,3,1,0.354,0.11897915932005702,1,67.2,0.0708,0.26549999999999996
525,3,0.228,327,134.8,2,1,0.421,0.12944603992790701,1,121.32000000000001,0.0842,0.31575
525,4,0.228,450,185.5,3,0,,0.13102562803653256,1,166.95000000000002,,
525,5,0.228,499,205.6,7,0,,0.23905353174739402,1,185.04,,
525,6,0.228,399,164.4,4,0,,0.16536847238169933,1,147.96,,
525,7,0.228,419,172.7,2,0,,0.277406391897552,0,155.43,,
525,8,0.228,128,52.8,6,1,0.359,0.0,1,52.8,0.0718,0.26925
526,1,0.263,384,151.0,3,1,0.345,0.17731481348722006,0,135.9,0.06899999999999999,
526,2,0.263,498,195.9,1,0,,0.15039460390889497,1,176.31,,
526,3,0.263,330,129.8,10,1,0.424,0.2373659321627508,1,116.82000000000001,0.0848,0.318
526,4,0.263,286,112.5,4,1,0.357,0.20919522415098615,1,112.5,0.0714,0.26775
526,5,0.263,441,173.5,3,0,,0.34278437798957667,1,156.15,,
526,6,0.263,116,45.6,2,1,0.399,0.07706632283399426,1,45.6,0.07980000000000001,0.29925
526,7,0.263,193,75.9,6,1,0.491,0.2675491476330752,1,75.9,0.09820000000000001,0.36824999999999997
526,8,0.263,380,149.5,5,0,,0.31883364232117056,0,134.55,,
527,1,0.689,114,28.8,8,1,0.865,0.8746647436561954,1,8.64,0.17300000000000001,0.6487499999999999
527,2,0.689,292,73.7,2,1,0.697,0.6408234028906524,1,73.7,0.1394,0.5227499999999999
527,3,0.689,564,142.3,6,0,,0.7214458604352516,1,128.07000000000002,,
527,4,0.689,451,113.8,12,0,,0.5086137207437634,1,102.42,,
527,5,0.689,368,92.8,7,1,0.762,0.44980437956869757,1,83.52,0.1524,0.5715
527,6,0.689,201,50.7,5,1,0.904,0.7734774375781699,1,50.7,0.18080000000000002,0.678
527,7,0.689,550,138.8,3,0,,0.6884439706351929,1,124.92000000000002,,
527,8,0.689,232,58.5,8,1,0.829,0.8068512689798423,1,17.55,0.1658,0.62175
528,1,0.251,140,56.0,2,1,0.501,0.11365971110302509,1,56.0,0.10020000000000001,0.37575000000000003
528,2,0.251,231,92.3,4,1,0.411,0.3029902139528753,1,92.3,0.0822,0.30824999999999997
528,3,0.251,155,62.0,7,1,0.253,0.4378817840543853,1,62.0,0.050600000000000006,0.18975
528,4,0.251,512,204.6,6,0,,0.2929705608357266,1,184.14,,
528,5,0.251,584,233.4,1,1,0.352,0.27865815055910487,1,210.06,0.0704,0.264
528,6,0.251,417,166.7,6,0,,0.251855608082435,1,150.03,,
528,7,0.251,316,126.3,5,1,0.432,0.09391185428740878,1,113.67,0.0864,0.324
528,8,0.251,398,159.1,3,1,0.186,0.38655729357103485,1,143.19,0.037200000000000004,0.1395
529,1,0.245,549,221.2,11,0,,0.18391423601949342,0,199.07999999999998,,
529,2,0.245,474,191.0,7,0,,0.2954483256383017,0,171.9,,
529,3,0.245,374,150.7,3,1,0.353,0.08869656934287462,1,135.63,0.0706,0.26475
529,4,0.245,419,168.8,6,0,,0.12705403354922196,1,151.92000000000002,,
529,5,0.245,380,153.1,0,1,0.216,0.38850873992222357,1,137.79,0.0432,0.162
529,6,0.245,222,89.4,4,1,0.455,0.21026977110421569,1,89.4,0.09100000000000001,0.34125
529,7,0.245,190,76.5,3,1,0.295,0.3903275476042545,1,76.5,0.059,0.22125
529,8,0.245,324,130.5,5,1,0.465,0.23717693409414822,1,117.45,0.09300000000000001,0.34875
530,1,0.277,269,103.9,4,1,0.315,0.09281022270421427,1,103.9,0.063,0.23625000000000002
530,2,0.277,126,48.7,2,1,0.485,0.3662067599731721,1,48.7,0.097,0.36375
530,3,0.277,254,98.1,6,1,0.286,0.21801076822443924,1,98.1,0.0572,0.21449999999999997
530,4,0.277,561,216.7,6,0,,0.34686888135170435,1,195.03,,
530,5,0.277,218,84.2,4,1,0.571,0.2795210867540082,1,84.2,0.1142,0.42824999999999996
530,6,0.277,384,148.3,6,1,0.268,0.12268817720571298,1,133.47000000000003,0.05360000000000001,0.201
530,7,0.277,373,144.1,3,0,,0.2934294765370569,0,129.69,,
530,8,0.277,513,198.1,5,0,,0.4966223142152799,0,178.29,,
531,1,0.272,347,134.8,7,1,0.357,0.32129864585144596,1,121.32000000000001,0.0714,0.26775
531,2,0.272,579,224.9,6,0,,0.2662482246994537,1,202.41,,
531,3,0.272,113,43.9,3,1,0.507,0.37953434019568977,1,43.9,0.1014,0.38025
531,4,0.272,172,66.8,4,1,0.333,0.2930668465203111,1,66.8,0.0666,0.24975000000000003
531,5,0.272,409,158.9,2,0,,0.29295342302627947,0,143.01000000000002,,
531,6,0.272,342,132.9,3,1,0.56,0.16283748278408977,0,119.61000000000001,0.11200000000000002,
531,7,0.272,177,68.8,9,1,0.295,0.2953848025789599,1,68.8,0.059,0.22125
531,8,0.272,563,218.7,0,0,,0.3755443416416945,0,196.82999999999998,,
532,1,0.23,571,234.7,5,0,,0.14639378478999754,1,211.23,,
532,2,0.23,312,128.2,2,1,0.491,0.3724495821246948,1,115.38,0.09820000000000001,0.36824999999999997
532,3,0.23,400,164.4,2,0,,0.22082939758548742,0,147.96,,
532,4,0.23,104,42.7,6,1,0.302,0.14122304884614595,1,42.7,0.0604,0.22649999999999998
532,5,0.23,454,186.6,6,0,,0.3297632076920245,1,167.94,,
532,6,0.23,233,95.8,9,1,0.408,0.20132057642617307,1,95.8,0.0816,0.306
532,7,0.23,382,157.0,2,1,0.52,0.3059514887486108,1,141.3,0.10400000000000001,0.39
532,8,0.23,498,204.7,1,0,,0.2008241367741463,1,184.23,,
533,1,0.426,388,125.7,12,1,0.488,0.42001738564700963,0,113.13000000000001,0.0976,
533,2,0.426,336,108.9,6,1,0.608,0.47535602043342917,0,98.01,0.1216,
533,3,0.426,458,148.4,4,0,,0.4550897057590006,1,133.56,,
533,4,0.426,200,64.8,6,1,0.482,0.22644682195482613,1,64.8,0.0964,0.3615
533,5,0.426,476,154.3,5,0,,0.3138756259905608,0,138.87,,
533,6,0.426,365,118.3,6,1,0.506,0.5189409984790816,1,106.47,0.10120000000000001,0.3795
533,7,0.426,131,42.5,2,0,,0.41278634110984525,0,42.5,,
533,8,0.426,144,46.7,5,1,0.653,0.3736268697228578,1,46.7,0.13060000000000002,0.48975
534,1,0.223,370,153.6,4,0,,0.08714259847425257,0,138.24,,
534,2,0.223,363,150.7,2,1,0.479,0.11502636787241516,1,135.63,0.0958,0.35924999999999996
534,3,0.223,452,187.6,2,0,,0.02082013600380525,1,168.84,,
534,4,0.223,211,87.6,7,0,,0.2128719281298467,0,87.6,,
534,5,0.223,311,129.1,1,1,0.316,0.16315624194189532,1,116.19,0.0632,0.237
534,6,0.223,304,126.2,5,1,0.37,0.1263412109014685,1,113.58,0.074,0.27749999999999997
534,7,0.223,427,177.2,3,0,,0.2161876574832047,1,159.48,,
534,8,0.223,571,237.0,5,0,,0.2593970630852738,1,213.3,,
535,1,0.477,499,153.2,6,0,,0.6863197932209945,0,137.88,,
535,2,0.477,223,68.4,9,1,0.709,0.3258116580436786,1,68.4,0.1418,0.53175
535,3,0.477,286,87.8,8,1,0.449,0.5929381043300522,1,87.8,0.0898,0.33675
535,4,0.477,266,81.6,3,1,0.613,0.5743101561015072,1,81.6,0.1226,0.45975
535,5,0.477,446,136.9,10,0,,0.3990907260623299,1,123.21000000000001,,
535,6,0.477,248,76.1,12,1,0.655,0.4973235954586031,1,76.1,0.131,0.49125
535,7,0.477,569,174.7,3,0,,0.4312366750662385,1,157.23,,
535,8,0.477,112,34.4,4,1,0.631,0.4955688580418739,1,34.4,0.1262,0.47325
536,1,0.231,362,148.6,7,1,0.342,0.3819131013404551,1,133.74,0.0684,0.2565
536,2,0.231,479,196.6,1,0,,0.2915606232631313,1,176.94,,
536,3,0.231,254,104.2,3,1,0.477,0.2818608373233442,1,104.2,0.0954,0.35775
536,4,0.231,498,204.4,2,0,,0.18796906800453578,1,183.96,,
536,5,0.231,492,201.9,3,0,,0.08259433350756648,0,181.71,,
536,6,0.231,539,221.2,7,1,0.408,0.21015317894595922,1,199.07999999999998,0.0816,0.306
536,7,0.231,308,126.4,3,1,0.321,0.3516608154863915,1,113.76,0.06420000000000001,0.24075000000000002
536,8,0.231,170,69.8,4,1,0.316,0.07828321434103525,1,69.8,0.0632,0.237
537,1,0.431,574,184.9,4,0,,0.32549106318233045,1,166.41,,
537,2,0.431,215,69.2,1,1,0.614,0.4436267736234068,1,69.2,0.1228,0.4605
537,3,0.431,598,192.6,9,0,,0.33253452151527374,1,173.34,,
537,4,0.431,446,143.6,6,0,,0.35174765528847873,1,129.24,,
537,5,0.431,397,127.9,4,0,,0.38864014182718226,0,115.11000000000001,,
537,6,0.431,426,137.2,5,1,0.455,0.294438259580985,1,123.47999999999999,0.09100000000000001,0.34125
537,7,0.431,151,48.6,6,1,0.65,0.33358781537836313,1,48.6,0.13,0.48750000000000004
537,8,0.431,583,187.8,9,0,,0.5013427916787309,1,169.02,,
538,1,0.387,324,109.6,9,1,0.479,0.25626302177690363,0,98.64,0.0958,
538,2,0.387,272,92.0,5,1,0.645,0.22721278655051624,1,92.0,0.129,0.48375
538,3,0.387,564,190.8,5,0,,0.3239975020466106,1,171.72000000000003,,
538,4,0.387,136,46.0,6,1,0.604,0.4601955502509846,1,46.0,0.1208,0.45299999999999996
538,5,0.387,155,52.4,4,1,0.421,0.3673078192003111,1,52.4,0.0842,0.31575
538,6,0.387,599,202.6,3,0,,0.34054189218843817,1,182.34,,
538,7,0.387,340,115.0,6,1,0.493,0.3914358797515607,0,103.5,0.09860000000000001,
538,8,0.387,191,64.6,7,1,0.579,0.2124292567140348,1,64.6,0.1158,0.43424999999999997
539,1,0.209,552,233.7,3,0,,0.25847056537750324,1,210.32999999999998,,
539,2,0.209,273,115.6,4,1,0.351,0.2473435031403644,1,115.6,0.0702,0.26325
539,3,0.209,362,153.2,4,0,,0.16806915259042787,1,137.88,,
539,4,0.209,336,142.2,4,1,0.131,0.3095924511796416,0,127.97999999999999,0.0262,
539,5,0.209,193,81.7,8,1,0.331,0.09625039010469612,1,81.7,0.06620000000000001,0.24825000000000003
539,6,0.209,515,218.0,4,0,,0.32179089932535687,0,196.20000000000002,,
539,7,0.209,369,156.2,3,1,0.311,0.2244493665595251,1,140.57999999999998,0.062200000000000005,0.23325
539,8,0.209,368,155.8,3,1,0.299,0.17534474101218264,1,140.22000000000003,0.0598,0.22425
540,1,0.09,294,149.5,5,1,0.178,0.08801263646316884,1,149.5,0.0356,0.1335
540,2,0.09,390,198.3,2,1,0.264,0.07927352341890583,0,178.47000000000003,0.05280000000000001,
540,3,0.09,371,188.6,9,0,,0.2120282896417717,0,169.74,,
540,4,0.09,166,84.4,1,1,0.42,0.0,1,84.4,0.084,0.315
540,5,0.09,441,224.2,6,0,,0.013748076085340163,1,201.78,,
540,6,0.09,388,197.3,2,1,0.264,0.19363028920724798,1,177.57000000000002,0.05280000000000001,0.198
540,7,0.09,522,265.4,4,0,,0.030446506481614066,1,238.85999999999999,,
540,8,0.09,478,243.0,3,0,,0.18005330773315917,0,218.70000000000002,,
541,1,0.604,285,77.5,4,1,0.617,0.7739435983008709,1,77.5,0.12340000000000001,0.46275
541,2,0.604,471,128.0,2,0,,0.5638204973058366,1,115.2,,
541,3,0.604,448,121.8,6,1,0.657,0.6721362326575305,0,109.62,0.13140000000000002,
541,4,0.604,546,148.4,6,0,,0.4886307718660141,1,133.56,,
541,5,0.604,148,40.2,3,1,0.639,0.6794733298067809,1,40.2,0.1278,0.47925
541,6,0.604,179,48.6,9,1,0.532,0.6239423985986767,1,48.6,0.10640000000000001,0.399
541,7,0.604,186,50.6,6,1,0.602,0.6513038282160215,1,50.6,0.12040000000000001,0.4515
541,8,0.604,494,134.3,2,0,,0.5394427927964605,1,120.87000000000002,,
542,1,0.227,544,224.6,6,0,,0.06089165844328273,1,202.14,,
542,2,0.227,241,99.5,4,1,0.248,0.2773252064749505,1,99.5,0.049600000000000005,0.186
542,3,0.227,561,231.7,5,0,,0.02065968475205454,0,208.53,,
542,4,0.227,404,166.8,4,0,,0.19526495077574652,0,150.12,,
542,5,0.227,134,55.3,6,1,0.485,0.321118186641997,1,55.3,0.097,0.36375
542,6,0.227,200,82.6,8,1,0.36,0.24618977358730362,1,82.6,0.072,0.27
542,7,0.227,535,220.9,7,0,,0.4218342644789813,1,198.81,,
542,8,0.227,377,155.7,3,1,0.338,0.32951091525817733,1,140.13,0.06760000000000001,0.2535
543,1,0.304,185,69.0,6,1,0.576,0.23861016116744233,1,69.0,0.1152,0.43199999999999994
543,2,0.304,415,154.8,3,0,,0.30673133798514385,0,139.32000000000002,,
543,3,0.304,474,176.8,9,0,,0.2992629297455564,1,159.12,,
543,4,0.304,111,41.4,3,1,0.448,0.14578232366538726,1,41.4,0.08960000000000001,0.336
543,5,0.304,240,89.5,3,1,0.376,0.20996010835156464,1,89.5,0.0752,0.28200000000000003
543,6,0.304,277,103.3,3,1,0.442,0.24792390930201397,1,103.3,0.0884,0.3315
543,7,0.304,141,52.6,4,1,0.427,0.10037794971440633,1,52.6,0.0854,0.32025
543,8,0.304,471,175.7,4,0,,0.3087493468251643,1,158.13,,
544,1,0.165,570,257.3,1,0,,0.14009281553469594,0,231.57000000000002,,
544,2,0.165,365,164.8,4,1,0.29,0.0,0,148.32000000000002,0.057999999999999996,
544,3,0.165,138,62.3,2,1,0.321,0.20542128652773323,1,62.3,0.06420000000000001,0.24075000000000002
544,4,0.165,581,262.3,4,0,,0.23658727446909594,1,236.07000000000002,,
544,5,0.165,410,185.1,6,1,0.416,0.1877034478864889,0,166.59,0.0832,
544,6,0.165,266,120.1,4,1,0.489,0.13259318247910298,1,120.1,0.0978,0.36675
544,7,0.165,225,101.6,3,1,0.498,0.2241442151751855,1,101.6,0.09960000000000001,0.3735
544,8,0.165,168,75.8,2,1,0.428,0.23302203604766913,1,75.8,0.08560000000000001,0.321
545,1,0.182,200,87.9,12,1,0.25,0.21274035697196883,1,87.9,0.05,0.1875
545,2,0.182,496,218.1,2,0,,0.0995387749565239,1,196.29,,
545,3,0.182,563,247.5,4,0,,0.20966007655111807,1,222.75,,
545,4,0.182,300,131.9,2,1,0.407,0.3015480650825479,1,131.9,0.0814,0.30524999999999997
545,5,0.182,514,226.0,4,0,,0.12233709413882697,1,203.4,,
545,6,0.182,131,57.6,4,1,0.281,0.39179393391324313,1,57.6,0.05620000000000001,0.21075000000000002
545,7,0.182,218,95.8,3,1,0.263,0.12943690660146157,1,95.8,0.05260000000000001,0.19725
545,8,0.182,131,57.6,7,1,0.273,0.18524070133401363,1,57.6,0.05460000000000001,0.20475000000000002
546,1,0.477,301,92.5,2,1,0.683,0.40975144039936634,1,83.25,0.13660000000000003,0.5122500000000001
546,2,0.477,387,118.9,3,1,0.487,0.49932708359202604,0,107.01,0.0974,
546,3,0.477,417,128.1,3,0,,0.30277783073647246,1,115.28999999999999,,
546,4,0.477,505,155.1,9,1,0.615,0.4223958201183279,0,139.59,0.123,
546,5,0.477,459,141.0,6,0,,0.3677878799651433,1,126.9,,
546,6,0.477,562,172.6,3,0,,0.4905338347892291,1,155.34,,
546,7,0.477,292,89.7,10,1,0.695,0.5764447375508908,1,89.7,0.13899999999999998,0.52125
546,8,0.477,174,53.4,4,1,0.612,0.5416006187114552,1,53.4,0.12240000000000001,0.45899999999999996
547,1,0.526,104,30.4,5,1,0.48,0.2888340639141108,1,30.4,0.096,0.36
547,2,0.526,532,155.5,5,0,,0.7302069652927881,1,139.95000000000002,,
547,3,0.526,352,102.9,8,0,,0.5555279940620869,1,92.61000000000001,,
547,4,0.526,280,81.8,7,1,0.57,0.4483500859507,1,81.8,0.11399999999999999,0.4275
547,5,0.526,462,135.0,4,0,,0.5417127918990942,1,121.5,,
547,6,0.526,137,40.0,6,1,0.617,0.5436189822502693,1,40.0,0.12340000000000001,0.46275
547,7,0.526,304,88.9,5,1,0.668,0.45931512830484367,1,80.01,0.13360000000000002,0.501
547,8,0.526,595,173.9,3,0,,0.5457916667342075,0,156.51000000000002,,
548,1,0.361,263,91.6,6,1,0.564,0.30025277123796923,1,91.6,0.1128,0.42299999999999993
548,2,0.361,354,123.4,3,1,0.529,0.3205638007309977,1,111.06,0.1058,0.39675000000000005
548,3,0.361,140,48.8,5,1,0.343,0.29237208642449153,1,48.8,0.06860000000000001,0.25725000000000003
548,4,0.361,495,172.5,2,0,,0.2177328710260347,1,155.25,,
548,5,0.361,506,176.3,2,0,,0.3755836470215384,1,158.67000000000002,,
548,6,0.361,552,192.4,6,0,,0.4195299436516338,1,173.16,,
548,7,0.361,272,94.8,9,1,0.614,0.4124883596076372,1,94.8,0.1228,0.4605
548,8,0.361,478,166.6,3,0,,0.4429925252635234,1,149.94,,
549,1,0.251,561,224.1,8,0,,0.28343402100148685,1,201.69,,
549,2,0.251,399,159.4,4,1,0.467,0.19772745017830964,1,143.46,0.09340000000000001,0.35025
549,3,0.251,343,137.0,8,1,0.567,0.3349663864431189,1,123.3,0.1134,0.42524999999999996
549,4,0.251,469,187.4,8,0,,0.1152482460158065,1,168.66,,
549,5,0.251,272,108.7,4,1,0.26,0.160932861748752,1,108.7,0.052000000000000005,0.195
549,6,0.251,308,123.0,8,1,0.491,0.15457999285767554,1,110.7,0.09820000000000001,0.36824999999999997
549,7,0.251,199,79.5,2,1,0.417,0.35900560591393105,1,79.5,0.0834,0.31275
549,8,0.251,582,232.5,3,0,,0.34527885141400755,1,209.25,,
550,1,0.384,492,167.1,2,1,0.464,0.4327305237044995,1,150.39,0.09280000000000001,0.34800000000000003
550,2,0.384,159,54.0,4,1,0.575,0.4911929865211797,1,54.0,0.11499999999999999,0.43124999999999997
550,3,0.384,481,163.3,1,0,,0.2960717217588012,1,146.97000000000003,,
550,4,0.384,250,84.9,5,1,0.606,0.41885951198609805,1,84.9,0.1212,0.4545
550,5,0.384,277,94.1,4,1,0.566,0.3714825571616836,1,94.1,0.1132,0.4245
550,6,0.384,126,42.8,0,1,0.391,0.4686882103884914,1,42.8,0.0782,0.29325
550,7,0.384,492,167.1,4,0,,0.37247757674478027,1,150.39,,
550,8,0.384,373,126.7,4,0,,0.34550571115899187,1,114.03,,
551,1,0.196,494,213.0,2,0,,0.25009085185609903,1,191.70000000000002,,
551,2,0.196,333,143.6,1,1,0.457,0.2836169167191233,1,129.24,0.09140000000000001,0.34275
551,3,0.196,281,121.1,5,1,0.393,0.12916548051531984,1,121.1,0.0786,0.29475
551,4,0.196,577,248.7,7,0,,0.1898924328647624,0,223.82999999999998,,
551,5,0.196,389,167.7,4,1,0.492,0.09015593663583472,0,150.93,0.0984,
551,6,0.196,565,243.6,5,1,0.399,0.0,0,219.24,0.07980000000000001,
551,7,0.196,527,227.2,5,1,0.267,0.21604596314137292,1,204.48,0.0534,0.20025
551,8,0.196,563,242.7,4,0,,0.2568905356254632,1,218.43,,
552,1,0.298,373,140.3,2,0,,0.32420668090867255,0,126.27000000000001,,
552,2,0.298,557,209.5,4,0,,0.10304382822456326,1,188.55,,
552,3,0.298,231,86.9,1,1,0.305,0.2629150569923525,1,86.9,0.061,0.22875
552,4,0.298,391,147.1,2,0,,0.07616522399489184,0,132.39,,
552,5,0.298,361,135.8,3,1,0.402,0.43497011076541847,1,122.22000000000001,0.08040000000000001,0.3015
552,6,0.298,345,129.8,6,1,0.477,0.18939454178819137,1,116.82000000000001,0.0954,0.35775
552,7,0.298,567,213.3,6,0,,0.4235403609459896,0,191.97000000000003,,
552,8,0.298,360,135.4,3,0,,0.39258696436841456,1,121.86000000000001,,
553,1,0.132,266,126.2,2,1,0.28,0.04194096474639383,1,126.2,0.05600000000000001,0.21000000000000002
553,2,0.132,573,271.8,7,0,,0.018721504873225492,1,244.62,,
553,3,0.132,398,188.8,3,0,,0.16703702163863382,1,169.92000000000002,,
553,4,0.132,349,165.6,3,1,0.17,0.047567596281692895,1,149.04,0.034,0.1275
553,5,0.132,348,165.1,0,0,,0.14224846421582077,1,148.59,,
553,6,0.132,284,134.7,4,1,0.49,0.08371724091930817,1,134.7,0.098,0.3675
553,7,0.132,343,162.7,3,1,0.302,0.0,0,146.43,0.0604,
553,8,0.132,462,219.2,4,1,0.421,0.0,0,197.28,0.0842,
554,1,0.126,135,64.7,2,1,0.305,0.14866842484945972,1,64.7,0.061,0.22875
554,2,0.126,193,92.4,2,1,0.129,0.06984422536693746,1,92.4,0.025800000000000003,0.09675
554,3,0.126,244,116.9,2,1,0.241,0.07069101830858676,1,116.9,0.0482,0.18075
554,4,0.126,565,270.6,4,0,,0.19558638390937855,0,243.54000000000002,,
554,5,0.126,327,156.6,1,1,0.308,0.24334422766324448,1,140.94,0.0616,0.23099999999999998
554,6,0.126,208,99.6,2,1,0.284,0.09874552786381909,1,99.6,0.056799999999999996,0.21299999999999997
554,7,0.126,351,168.1,3,1,0.329,0.09194012930901385,0,151.29,0.06580000000000001,
554,8,0.126,430,206.0,2,1,0.221,0.17601430331138837,0,185.4,0.0442,
555,1,0.355,180,63.2,3,1,0.694,0.21930644303004246,1,63.2,0.1388,0.5205
555,2,0.355,235,82.5,4,1,0.272,0.37731530547476966,1,82.5,0.054400000000000004,0.20400000000000001
555,3,0.355,119,41.8,5,1,0.451,0.4101885971822154,1,41.8,0.0902,0.33825
555,4,0.355,252,88.4,6,1,0.398,0.4230230208417629,1,88.4,0.0796,0.2985
555,5,0.355,571,200.4,7,0,,0.16132472974975348,1,180.36,,
555,6,0.355,183,64.2,1,1,0.426,0.2788644730191059,1,64.2,0.0852,0.3195
555,7,0.355,505,177.2,3,1,0.735,0.2671736747176533,0,159.48,0.147,
555,8,0.355,115,40.4,6,1,0.475,0.3649886954409213,1,40.4,0.095,0.35624999999999996
556,1,0.322,346,126.3,6,1,0.51,0.3700744579767984,0,113.67,0.10200000000000001,
556,2,0.322,514,187.6,5,0,,0.47167104074459815,0,168.84,,
556,3,0.322,305,111.3,4,1,0.331,0.2725034519631927,1,100.17,0.06620000000000001,0.24825000000000003
556,4,0.322,501,182.9,5,0,,0.2722427501690786,1,164.61,,
556,5,0.322,339,123.7,8,1,0.549,0.43696720188787475,0,111.33,0.10980000000000001,
556,6,0.322,476,173.7,5,0,,0.35165769385303053,1,156.32999999999998,,
556,7,0.322,391,142.7,6,0,,0.4487651511187974,1,128.43,,
556,8,0.322,177,64.6,6,1,0.192,0.35087280030098367,1,64.6,0.038400000000000004,0.14400000000000002
557,1,0.311,546,202.0,6,0,,0.1952883381286729,1,181.8,,
557,2,0.311,598,221.3,4,0,,0.17768716452221933,0,199.17000000000002,,
557,3,0.311,456,168.7,11,0,,0.15584877509410708,1,151.82999999999998,,
557,4,0.311,574,212.4,4,0,,0.3772051834758473,1,191.16,,
557,5,0.311,210,77.7,4,1,0.446,0.4298596823087008,1,77.7,0.0892,0.3345
557,6,0.311,409,151.3,5,0,,0.4959362141386381,1,136.17000000000002,,
557,7,0.311,526,194.6,8,0,,0.395310533232324,1,175.14,,
557,8,0.311,428,158.4,3,0,,0.4272838577534986,0,142.56,,
558,1,0.227,175,72.3,4,1,0.595,0.16899836673463153,1,72.3,0.119,0.44625
558,2,0.227,593,244.8,4,0,,0.11135841832561433,1,220.32000000000002,,
558,3,0.227,460,189.9,2,0,,0.31200793324175535,0,170.91,,
558,4,0.227,389,160.6,9,1,0.361,0.2687680752239401,1,144.54,0.0722,0.27075
558,5,0.227,434,179.2,2,1,0.081,0.23774443743408927,1,161.28,0.016200000000000003,0.06075
558,6,0.227,342,141.2,3,1,0.217,0.265737148063299,1,127.08,0.0434,0.16275
558,7,0.227,421,173.8,4,0,,0.25931854824582057,1,156.42000000000002,,
558,8,0.227,509,210.2,4,0,,0.35538168598535613,1,189.18,,
559,1,0.312,482,178.2,4,0,,0.4414985584816956,1,160.38,,
559,2,0.312,334,123.5,4,1,0.574,0.3664220352340347,0,111.15,0.1148,
559,3,0.312,170,62.8,6,1,0.62,0.3965802872562928,1,62.8,0.124,0.46499999999999997
559,4,0.312,523,193.3,3,0,,0.3634062552424776,0,173.97000000000003,,
559,5,0.312,427,157.8,5,1,0.291,0.2658830267965381,1,142.02,0.0582,0.21825
559,6,0.312,374,138.2,7,0,,0.387656467491314,1,124.38,,
559,7,0.312,230,85.0,2,1,0.462,0.17255049311407383,1,85.0,0.09240000000000001,0.34650000000000003
559,8,0.312,541,200.0,5,0,,0.4173891552295883,0,180.0,,
560,1,0.172,322,143.7,3,1,0.332,0.05254770602339648,0,129.32999999999998,0.0664,
560,2,0.172,102,45.5,3,1,0.42,0.20058032867947329,1,45.5,0.084,0.315
560,3,0.172,442,197.3,6,0,,0.08748460415738409,1,177.57000000000002,,
560,4,0.172,539,240.6,3,0,,0.22733889830744267,0,216.54,,
560,5,0.172,341,152.2,2,1,0.338,0.1686074774072091,1,136.98,0.06760000000000001,0.2535
560,6,0.172,454,202.6,5,1,0.241,0.012524404183666737,0,182.34,0.0482,
560,7,0.172,306,136.6,5,1,0.312,0.21406996310184787,1,122.94,0.062400000000000004,0.23399999999999999
560,8,0.172,500,223.2,1,0,,0.11420792231672892,1,200.88,,
561,1,0.041,373,206.7,2,0,,0.12911467208133692,0,186.03,,
561,2,0.041,581,321.9,2,0,,0.041132568873440724,1,289.71,,
561,3,0.041,239,132.4,3,1,0.308,0.08054209853880381,1,132.4,0.0616,0.23099999999999998
561,4,0.041,360,199.5,3,0,,0.0,1,179.55,,
561,5,0.041,402,222.7,7,0,,0.0,0,200.43,,
561,6,0.041,368,203.9,2,1,0.293,0.0,0,183.51000000000002,0.0586,
561,7,0.041,568,314.7,2,0,,0.12667024802425558,0,283.23,,
561,8,0.041,534,295.9,3,0,,0.20873770878054895,0,266.31,,
562,1,0.276,258,99.7,2,1,0.673,0.1954828248257124,1,99.7,0.13460000000000003,0.50475
562,2,0.276,379,146.5,2,0,,0.3836848144657681,1,131.85,,
562,3,0.276,518,200.2,5,0,,0.0590322582274298,0,180.18,,
562,4,0.276,350,135.3,1,1,0.39,0.1565810598907711,1,121.77000000000001,0.07800000000000001,0.2925
562,5,0.276,554,214.1,1,0,,0.18012215438132254,1,192.69,,
562,6,0.276,532,205.6,3,0,,0.1407491310559278,1,185.04,,
562,7,0.276,325,125.6,5,0,,0.117641161021242,1,113.03999999999999,,
562,8,0.276,223,86.2,3,0,,0.31729989121377977,0,86.2,,
563,1,0.094,525,265.0,4,0,,0.07259323022721387,1,238.5,,
563,2,0.094,132,66.6,6,1,0.113,0.13194053976051098,1,66.6,0.022600000000000002,0.08475
563,3,0.094,507,256.0,4,0,,0.1630472686121513,1,230.4,,
563,4,0.094,584,294.8,4,0,,0.12056169931725334,1,265.32,,
563,5,0.094,454,229.2,1,0,,0.15977631761503736,1,206.28,,
563,6,0.094,376,189.8,4,0,,0.08704677137577306,1,170.82000000000002,,
563,7,0.094,101,51.0,3,1,0.204,0.0,1,51.0,0.0408,0.153
563,8,0.094,505,254.9,6,0,,0.1997814180820796,1,229.41,,
564,1,0.412,537,176.7,6,0,,0.35308878672188726,1,159.03,,
564,2,0.412,414,136.2,5,0,,0.31844037012375737,1,122.58,,
564,3,0.412,143,47.0,7,1,0.765,0.39420821241956017,1,47.0,0.15300000000000002,0.57375
564,4,0.412,197,64.8,8,1,0.525,0.32071890807034864,1,64.8,0.10500000000000001,0.39375000000000004
564,5,0.412,176,57.9,1,0,,0.37025696180105677,0,57.9,,
564,6,0.412,542,178.3,3,0,,0.4464053921563466,1,160.47000000000003,,
564,7,0.412,499,164.2,2,0,,0.44683417392461267,1,147.78,,
564,8,0.412,160,52.6,7,1,0.546,0.32221699335743703,1,52.6,0.10920000000000002,0.40950000000000003
565,1,0.516,161,47.6,8,1,0.615,0.46722946270512555,1,47.6,0.123,0.46125
565,2,0.516,354,104.6,6,1,0.518,0.6234333004770244,1,94.14,0.10360000000000001,0.3885
565,3,0.516,445,131.4,4,0,,0.5656400117733942,1,118.26,,
565,4,0.516,316,93.3,3,1,0.594,0.7235065039348542,1,83.97,0.1188,0.4455
565,5,0.516,459,135.6,3,0,,0.6340128173741528,1,122.03999999999999,,
565,6,0.516,349,103.1,6,1,0.542,0.630429306855994,1,92.78999999999999,0.10840000000000001,0.40650000000000003
565,7,0.516,194,57.3,4,1,0.638,0.3772131449544198,1,57.3,0.12760000000000002,0.47850000000000004
565,8,0.516,511,150.9,1,0,,0.5923860351633423,1,135.81,,
566,1,0.634,105,27.8,4,1,0.598,0.628689319830309,1,27.8,0.1196,0.4485
566,2,0.634,484,128.0,7,0,,0.578901819646175,1,115.2,,
566,3,0.634,289,76.4,8,1,0.62,0.6508015340532528,1,76.4,0.124,0.46499999999999997
566,4,0.634,557,147.3,8,1,0.859,0.7285211534611484,1,132.57000000000002,0.1718,0.64425
566,5,0.634,160,42.3,5,1,0.719,0.6840831591004212,1,42.3,0.1438,0.53925
566,6,0.634,263,69.6,8,1,0.561,0.546152619865794,1,69.6,0.11220000000000002,0.42075000000000007
566,7,0.634,359,95.0,7,1,0.709,0.7082458913592621,1,85.5,0.1418,0.53175
566,8,0.634,316,83.6,8,0,,0.5702412457924037,1,75.24,,
567,1,0.272,573,222.8,1,0,,0.2936683118964286,0,200.52,,
567,2,0.272,118,45.9,9,1,0.326,0.2416649932522866,1,45.9,0.06520000000000001,0.2445
567,3,0.272,475,184.7,3,0,,0.2501133748264375,1,166.23,,
567,4,0.272,356,138.4,5,1,0.395,0.348624297504051,0,124.56,0.07900000000000001,
567,5,0.272,524,203.7,4,0,,0.16798062801841024,0,183.32999999999998,,
567,6,0.272,309,120.1,4,1,0.424,0.4665195074276933,0,108.09,0.0848,
567,7,0.272,390,151.6,3,0,,0.08989139307055038,1,136.44,,
567,8,0.272,110,42.8,4,1,0.402,0.2122332316745143,1,42.8,0.08040000000000001,0.3015
568,1,0.161,124,56.3,10,1,0.332,0.1980211889941741,1,56.3,0.0664,0.249
568,2,0.161,481,218.3,7,0,,0.219431416643531,1,196.47000000000003,,
568,3,0.161,211,95.7,1,1,0.311,0.15095242794282948,1,95.7,0.062200000000000005,0.23325
568,4,0.161,440,199.7,5,0,,0.15526092969984576,1,179.73,,
568,5,0.161,530,240.5,4,0,,0.20205500853276165,0,216.45000000000002,,
568,6,0.161,107,48.6,5,1,0.456,0.13789305225423198,1,48.6,0.0912,0.342
568,7,0.161,502,227.8,8,0,,0.3003181257934906,1,205.02,,
568,8,0.161,204,92.6,2,1,0.326,0.24493491142316023,1,92.6,0.06520000000000001,0.2445
569,1,0.302,350,130.9,5,1,0.331,0.3892824351005635,1,117.81,0.06620000000000001,0.24825000000000003
569,2,0.302,350,130.9,5,1,0.406,0.20538432766295828,1,117.81,0.08120000000000001,0.3045
569,3,0.302,258,96.5,3,1,0.438,0.2940611575594297,1,96.5,0.08760000000000001,0.3285
569,4,0.302,531,198.6,4,0,,0.27195340512792965,1,178.74,,
569,5,0.302,500,187.0,2,1,0.508,0.2014398624310534,1,168.3,0.10160000000000001,0.381
569,6,0.302,242,90.5,4,1,0.298,0.3380164183945767,1,90.5,0.0596,0.22349999999999998
569,7,0.302,220,82.3,4,1,0.66,0.24823542422201833,1,82.3,0.132,0.495
569,8,0.302,371,138.8,2,1,0.568,0.3675403829850237,1,124.92000000000002,0.11359999999999999,0.42599999999999993
570,1,0.247,130,52.2,3,1,0.436,0.13998084371056682,1,52.2,0.0872,0.327
570,2,0.247,523,209.9,8,1,0.354,0.4189040612841821,1,188.91,0.0708,0.26549999999999996
570,3,0.247,265,106.4,3,1,0.208,0.15736673414079383,1,106.4,0.0416,0.156
570,4,0.247,440,176.6,7,0,,0.2689302337200436,1,158.94,,
570,5,0.247,349,140.1,1,1,0.365,0.3261859310388068,0,126.09,0.073,
570,6,0.247,596,239.2,5,0,,0.18993595697998872,0,215.28,,
570,7,0.247,243,97.5,4,1,0.324,0.3322468643432951,1,97.5,0.06480000000000001,0.243
570,8,0.247,499,200.3,5,0,,0.12408164021995838,0,180.27,,
571,1,0.277,578,223.1,4,0,,0.42221176991825604,1,200.79,,
571,2,0.277,218,84.1,4,1,0.512,0.27841492649657584,1,84.1,0.1024,0.384
571,3,0.277,328,126.6,6,0,,0.21735885920311207,0,113.94,,
571,4,0.277,577,222.7,2,0,,0.24708182275725657,1,200.43,,
571,5,0.277,453,174.8,4,1,0.65,0.35789192693927196,1,157.32000000000002,0.13,0.48750000000000004
571,6,0.277,394,152.1,2,1,0.368,0.21855447081495621,1,136.89,0.0736,0.276
571,7,0.277,277,106.9,6,1,0.272,0.20206423105772225,1,106.9,0.054400000000000004,0.20400000000000001
571,8,0.277,534,206.1,1,0,,0.2548463402416262,1,185.49,,
572,1,0.472,465,143.5,3,0,,0.35430378872300317,1,129.15,,
572,2,0.472,318,98.1,1,1,0.581,0.6540543907941816,0,88.28999999999999,0.1162,
572,3,0.472,177,54.6,7,1,0.808,0.41536054087852764,1,54.6,0.16160000000000002,0.6060000000000001
572,4,0.472,354,109.2,8,1,0.525,0.5551616786180403,1,98.28,0.10500000000000001,0.39375000000000004
572,5,0.472,129,39.8,4,1,0.576,0.49294700836477723,1,39.8,0.1152,0.43199999999999994
572,6,0.472,271,83.6,4,1,0.629,0.37354659495180315,1,83.6,0.1258,0.47175
572,7,0.472,484,149.3,6,0,,0.47140452907872704,1,134.37,,
572,8,0.472,525,162.0,4,0,,0.5504002779310748,1,145.8,,
573,1,0.219,416,173.6,5,0,,0.20017386649136934,1,156.24,,
573,2,0.219,494,206.1,12,0,,0.3383112945851028,1,185.49,,
573,3,0.219,398,166.1,1,0,,0.3211515392781864,1,149.49,,
573,4,0.219,599,249.9,6,0,,0.31089148546583295,0,224.91,,
573,5,0.219,106,44.2,2,1,0.464,0.1730343227727003,1,44.2,0.09280000000000001,0.34800000000000003
573,6,0.219,385,160.6,3,1,0.373,0.1110157552218513,1,144.54,0.0746,0.27975
573,7,0.219,579,241.6,4,0,,0.15764123946372055,1,217.44,,
573,8,0.219,217,90.5,3,1,0.359,0.23862409406667204,1,90.5,0.0718,0.26925
574,1,0.251,299,119.4,3,1,0.339,0.3055786713532356,1,119.4,0.06780000000000001,0.25425000000000003
574,2,0.251,251,100.2,3,1,0.31,0.03384285952395524,1,100.2,0.062,0.23249999999999998
574,3,0.251,398,158.9,3,0,,0.250188679838825,0,143.01000000000002,,
574,4,0.251,136,54.3,4,1,0.44,0.26680892253231847,1,54.3,0.08800000000000001,0.33
574,5,0.251,586,234.0,4,0,,0.22324557436844483,0,210.6,,
574,6,0.251,269,107.4,7,1,0.491,0.3801273839015879,1,107.4,0.09820000000000001,0.36824999999999997
574,7,0.251,526,210.0,2,0,,0.2931780074250871,0,189.0,,
574,8,0.251,312,124.6,7,0,,0.3820191908080897,1,112.14,,
575,1,0.134,455,215.1,5,0,,0.11240394796497678,1,193.59,,
575,2,0.134,146,69.0,1,1,0.392,0.22774774925069252,1,69.0,0.07840000000000001,0.29400000000000004
575,3,0.134,336,158.9,4,1,0.287,0.29750663945275196,1,143.01000000000002,0.0574,0.21525
575,4,0.134,119,56.3,1,1,0.285,0.2651693449272661,1,56.3,0.056999999999999995,0.21375
575,5,0.134,139,65.7,5,1,0.403,0.02478584065712669,1,65.7,0.0806,0.30225
575,6,0.134,347,164.1,3,1,0.415,0.1086323922457619,0,147.69,0.083,
575,7,0.134,269,127.2,4,1,0.238,0.09948352945502037,1,127.2,0.0476,0.1785
575,8,0.134,285,134.8,3,1,0.417,0.18292545350763278,1,134.8,0.0834,0.31275
576,1,0.258,350,138.6,3,1,0.575,0.32663535550145334,0,124.74,0.11499999999999999,
576,2,0.258,260,103.0,3,1,0.522,0.17411073259742638,1,103.0,0.1044,0.3915
576,3,0.258,133,52.7,3,1,0.418,0.2647838513916938,1,52.7,0.08360000000000001,0.3135
576,4,0.258,256,101.4,1,1,0.337,0.05600726678438636,1,101.4,0.0674,0.25275000000000003
576,5,0.258,102,40.4,4,1,0.386,0.402194500580189,1,40.4,0.0772,0.2895
576,6,0.258,159,63.0,4,1,0.426,0.20676257593233066,1,63.0,0.0852,0.3195
576,7,0.258,419,165.9,6,0,,0.2635863939844497,1,149.31,,
576,8,0.258,371,146.9,4,1,0.377,0.22703502860119387,1,132.21,0.07540000000000001,0.28275
577,1,0.576,264,73.6,5,1,0.826,0.6906027575013415,1,73.6,0.1652,0.6194999999999999
577,2,0.576,392,109.3,3,0,,0.29224935586026207,1,98.37,,
577,3,0.576,222,61.9,3,1,0.659,0.5743389657674091,1,61.9,0.1318,0.49425
577,4,0.576,543,151.4,6,0,,0.5654181242502302,1,136.26000000000002,,
577,5,0.576,402,112.1,5,0,,0.5306363612408317,1,100.89,,
577,6,0.576,228,63.6,4,1,0.571,0.7486226545635633,1,63.6,0.1142,0.42824999999999996
577,7,0.576,297,82.8,5,1,0.516,0.48726705411442284,1,82.8,0.10320000000000001,0.387
577,8,0.576,509,141.9,3,1,0.632,0.653179617723566,1,127.71000000000001,0.1264,0.474
578,1,0.175,557,247.6,4,1,0.392,0.21062527887060833,0,222.84,0.07840000000000001,
578,2,0.175,583,259.2,5,0,,0.3011519252535516,0,233.28,,
578,3,0.175,549,244.1,4,1,0.258,0.10828109152224945,1,219.69,0.05160000000000001,0.1935
578,4,0.175,535,237.9,4,0,,0.10170311008762409,1,214.11,,
578,5,0.175,142,63.1,3,1,0.283,0.2846069907477399,1,63.1,0.0566,0.21225
578,6,0.175,364,161.8,4,1,0.242,0.21753213083301104,1,145.62,0.0484,0.1815
578,7,0.175,241,107.1,1,1,0.364,0.02050626533232411,1,107.1,0.0728,0.273
578,8,0.175,332,147.6,4,1,0.469,0.12106949855367294,1,132.84,0.0938,0.35175
579,1,0.44,297,94.7,3,1,0.682,0.4786382653848061,1,94.7,0.13640000000000002,0.5115000000000001
579,2,0.44,364,116.1,5,1,0.483,0.5237764221546589,1,104.49,0.0966,0.36224999999999996
579,3,0.44,552,176.1,5,0,,0.37207693468070446,1,158.49,,
579,4,0.44,515,164.3,5,1,0.611,0.14857440101830588,1,147.87,0.1222,0.45825
579,5,0.44,421,134.3,6,1,0.385,0.49232231857370334,1,120.87000000000002,0.07700000000000001,0.28875
579,6,0.44,431,137.5,4,0,,0.3179679310056024,1,123.75,,
579,7,0.44,348,111.0,2,1,0.501,0.23826612018775886,1,99.9,0.10020000000000001,0.37575000000000003
579,8,0.44,347,110.7,4,0,,0.1567674075015859,1,99.63000000000001,,
580,1,0.24,337,136.6,3,1,0.409,0.3213980860197741,0,122.94,0.0818,
580,2,0.24,344,139.5,6,1,0.271,0.25286174504049663,1,125.55,0.054200000000000005,0.20325000000000001
580,3,0.24,180,73.0,4,1,0.378,0.21743436192877483,1,73.0,0.0756,0.2835
580,4,0.24,119,48.2,6,1,0.176,0.3789024362962762,1,48.2,0.0352,0.132
580,5,0.24,387,156.9,5,0,,0.30373246830230727,0,141.21,,
580,6,0.24,309,125.3,5,0,,0.40163000427219164,1,112.77,,
580,7,0.24,123,49.9,7,1,0.44,0.10072645278330034,1,49.9,0.08800000000000001,0.33
580,8,0.24,371,150.4,8,1,0.488,0.23654493760460363,0,135.36,0.0976,
581,1,0.446,166,52.7,7,1,0.423,0.28432866250519856,1,52.7,0.08460000000000001,0.31725
581,2,0.446,160,50.8,9,1,0.747,0.4230617668144533,1,50.8,0.1494,0.56025
581,3,0.446,573,181.8,6,0,,0.4211384146233323,1,163.62,,
581,4,0.446,315,99.9,11,1,0.697,0.5086613637263071,1,89.91000000000001,0.1394,0.5227499999999999
581,5,0.446,395,125.3,8,1,0.561,0.45055638811418985,0,112.77,0.11220000000000002,
581,6,0.446,151,47.9,7,1,0.462,0.5083407138279916,1,47.9,0.09240000000000001,0.34650000000000003
581,7,0.446,583,184.9,5,0,,0.5163440133138895,0,166.41,,
581,8,0.446,223,70.7,6,1,0.479,0.6614928677383143,1,70.7,0.0958,0.35924999999999996
582,1,0.418,122,39.9,5,0,,0.38647033447138757,0,39.9,,
582,2,0.418,148,48.4,2,1,0.697,0.3238977299333621,1,48.4,0.1394,0.5227499999999999
582,3,0.418,195,63.7,4,1,0.543,0.44260836153164085,1,63.7,0.10860000000000002,0.40725
582,4,0.418,449,146.7,6,0,,0.3377719972860456,1,132.03,,
582,5,0.418,479,156.5,2,1,0.704,0.5661960768436536,1,140.85,0.1408,0.528
582,6,0.418,291,95.1,3,1,0.552,0.3896781961054767,1,95.1,0.11040000000000001,0.41400000000000003
582,7,0.418,198,64.7,8,1,0.478,0.3614423632126009,1,64.7,0.0956,0.3585
582,8,0.418,168,54.9,4,1,0.627,0.37086842788488816,1,54.9,0.1254,0.47025
583,1,0.125,527,253.0,2,0,,0.19684174234716412,1,227.70000000000002,,
583,2,0.125,228,109.5,2,1,0.195,0.10922530167685147,1,109.5,0.03900000000000001,0.14625
583,3,0.125,250,120.0,3,1,0.297,0.06083331798696176,1,120.0,0.0594,0.22275
583,4,0.125,205,98.4,8,1,0.376,0.2915351917623531,1,98.4,0.0752,0.28200000000000003
583,5,0.125,443,212.7,8,0,,0.03938301593382498,0,191.43,,
583,6,0.125,122,58.6,2,1,0.346,0.12855660740329936,1,58.6,0.0692,0.25949999999999995
583,7,0.125,357,171.4,2,1,0.262,0.19023061516102305,0,154.26000000000002,0.0524,
583,8,0.125,312,149.8,1,1,0.592,0.0,1,134.82000000000002,0.1184,0.44399999999999995
584,1,0.414,381,125.1,4,0,,0.4620260501405925,1,112.59,,
584,2,0.414,139,45.6,3,1,0.669,0.30848923245195503,1,45.6,0.1338,0.50175
584,3,0.414,405,133.0,7,0,,0.49627827808340025,1,119.7,,
584,4,0.414,272,89.3,3,1,0.331,0.31773489880810235,1,89.3,0.06620000000000001,0.24825000000000003
584,5,0.414,195,64.0,4,1,0.461,0.48327690318488603,1,64.0,0.0922,0.34575
584,6,0.414,121,39.7,6,1,0.551,0.5245833066294713,1,39.7,0.11020000000000002,0.41325
584,7,0.414,220,72.2,4,1,0.583,0.5001436525632805,1,72.2,0.1166,0.43724999999999997
584,8,0.414,139,45.6,5,1,0.431,0.4391316648238102,1,45.6,0.0862,0.32325
585,1,0.086,103,52.8,5,1,0.242,0.06286990570703005,1,52.8,0.0484,0.1815
585,2,0.086,297,152.2,4,1,0.36,0.028358042366515603,1,152.2,0.072,0.27
585,3,0.086,314,160.9,3,0,,0.2331034690817104,1,144.81,,
585,4,0.086,221,113.2,0,1,0.156,0.016050477983235667,1,113.2,0.031200000000000002,0.11699999999999999
585,5,0.086,252,129.1,1,1,0.356,0.0,1,129.1,0.0712,0.267
585,6,0.086,208,106.6,3,1,0.176,0.15253689350328298,1,106.6,0.0352,0.132
585,7,0.086,181,92.7,4,1,0.311,0.00638631968135045,1,92.7,0.062200000000000005,0.23325
585,8,0.086,260,133.2,4,1,0.237,0.0,1,133.2,0.0474,0.17775
586,1,0.102,524,261.0,4,0,,0.0,1,234.9,,
586,2,0.102,109,54.3,2,0,,0.05370901605394822,0,54.3,,
586,3,0.102,344,171.3,1,1,0.113,0.09372849761035068,0,154.17000000000002,0.022600000000000002,
586,4,0.102,172,85.7,3,1,0.248,0.12630917276606987,1,85.7,0.049600000000000005,0.186
586,5,0.102,137,68.2,8,1,0.199,0.19713062442994833,1,68.2,0.0398,0.14925
586,6,0.102,127,63.2,3,1,0.147,0.15468979236657937,1,63.2,0.0294,0.11024999999999999
586,7,0.102,506,252.0,4,0,,0.08291277804468201,0,226.8,,
586,8,0.102,155,77.2,5,1,0.288,0.082180432362028,1,77.2,0.0576,0.21599999999999997
587,1,0.229,434,178.7,2,0,,0.28001574689151837,1,160.82999999999998,,
587,2,0.229,164,67.5,6,1,0.465,0.356257016292857,1,67.5,0.09300000000000001,0.34875
587,3,0.229,339,139.6,4,1,0.45,0.24163141994832002,1,125.64,0.09000000000000001,0.3375
587,4,0.229,372,153.2,5,0,,0.18208691457895912,1,137.88,,
587,5,0.229,231,95.1,3,1,0.332,0.12971339989144545,1,95.1,0.0664,0.249
587,6,0.229,270,111.2,0,1,0.338,0.08447947355877744,1,111.2,0.06760000000000001,0.2535
587,7,0.229,555,228.6,3,0,,0.29562696720435233,1,205.74,,
587,8,0.229,430,177.1,3,0,,0.2867978523639557,1,159.39,,
588,1,0.547,246,70.5,5,1,0.677,0.6047363525106662,1,70.5,0.13540000000000002,0.50775
588,2,0.547,345,98.9,3,1,0.682,0.5341340553647944,1,89.01,0.13640000000000002,0.5115000000000001
588,3,0.547,396,113.5,5,1,0.74,0.6876934745891752,1,102.15,0.148,0.5549999999999999
588,4,0.547,570,163.4,0,0,,0.4985881505415183,1,147.06,,
588,5,0.547,546,156.5,6,0,,0.6425269237207206,1,140.85,,
588,6,0.547,293,84.0,2,1,0.611,0.5431257105010457,1,84.0,0.1222,0.45825
588,7,0.547,341,97.7,5,1,0.66,0.4861649235320663,0,87.93,0.132,
588,8,0.547,577,165.4,3,0,,0.6062530307317762,1,148.86,,
589,1,0.351,357,125.8,2,1,0.472,0.39196361186839934,0,113.22,0.0944,
589,2,0.351,517,182.2,3,0,,0.38669727592669256,0,163.98,,
589,3,0.351,524,184.7,4,0,,0.35912784220561983,1,166.23,,
589,4,0.351,445,156.9,6,0,,0.3472106918283169,1,141.21,,
589,5,0.351,497,175.2,2,0,,0.5898371992870438,1,157.68,,
589,6,0.351,247,87.1,1,1,0.371,0.46942566451961726,1,87.1,0.0742,0.27825
589,7,0.351,347,122.3,1,1,0.601,0.4232826894985512,1,110.07,0.1202,0.45075
589,8,0.351,525,185.1,4,0,,0.3621799158203388,1,166.59,,
590,1,0.139,214,100.4,1,1,0.301,0.23971572005966693,1,100.4,0.060200000000000004,0.22575
590,2,0.139,238,111.7,3,1,0.438,0.1907994776391452,1,111.7,0.08760000000000001,0.3285
590,3,0.139,184,86.3,4,1,0.16,0.14162047527740357,1,86.3,0.032,0.12
590,4,0.139,258,121.0,4,1,0.299,0.1086435674734085,1,121.0,0.0598,0.22425
590,5,0.139,256,120.1,9,1,0.177,0.1309082662337312,1,120.1,0.0354,0.13274999999999998
590,6,0.139,123,57.7,3,1,0.309,0.0,1,57.7,0.0618,0.23175
590,7,0.139,152,71.3,6,1,0.21,0.1600600839297642,1,71.3,0.042,0.1575
590,8,0.139,399,187.2,3,0,,0.09015239198896405,0,168.48,,
591,1,0.054,185,100.2,2,1,0.089,0.2132669998282884,1,100.2,0.0178,0.06675
591,2,0.054,390,211.3,1,0,,0.055934407081175426,1,190.17000000000002,,
591,3,0.054,429,232.4,3,0,,0.0,0,209.16,,
591,4,0.054,461,249.8,3,1,0.307,0.04901198458718823,1,224.82000000000002,0.0614,0.23025
591,5,0.054,173,93.7,4,1,0.337,0.0,1,93.7,0.0674,0.25275000000000003
591,6,0.054,387,209.7,5,0,,0.10134074157124665,0,188.73,,
591,7,0.054,386,209.1,5,1,0.0,0.08309473643394855,1,188.19,0.0,0.0
591,8,0.054,439,237.9,1,0,,0.14978396311082676,0,214.11,,
592,1,0.381,368,125.4,5,1,0.521,0.30191182083054346,1,112.86000000000001,0.10420000000000001,0.39075000000000004
592,2,0.381,561,191.1,5,0,,0.3844008096228147,1,171.99,,
592,3,0.381,382,130.1,2,1,0.362,0.24449782045733648,1,117.09,0.0724,0.27149999999999996
592,4,0.381,323,110.0,6,1,0.693,0.4511494781924715,0,99.0,0.1386,
592,5,0.381,374,127.4,9,1,0.587,0.4328871180440122,1,114.66000000000001,0.1174,0.44025
592,6,0.381,419,142.7,7,0,,0.4305805021027571,0,128.43,,
592,7,0.381,507,172.7,3,0,,0.3811619031356941,1,155.43,,
592,8,0.381,253,86.2,5,1,0.61,0.4224772890788791,1,86.2,0.122,0.4575
593,1,0.279,502,193.2,5,0,,0.4394339108308597,0,173.88,,
593,2,0.279,180,69.3,4,1,0.36,0.25049057429579863,1,69.3,0.072,0.27
593,3,0.279,214,82.4,6,0,,0.29286451837100846,0,82.4,,
593,4,0.279,588,226.3,3,0,,0.17038737008185906,1,203.67000000000002,,
593,5,0.279,493,189.8,4,0,,0.1921739038401668,1,170.82000000000002,,
593,6,0.279,391,150.5,2,1,0.452,0.28878132930933076,0,135.45000000000002,0.09040000000000001,
593,7,0.279,504,194.0,5,0,,0.38939335467019076,1,174.6,,
593,8,0.279,103,39.6,4,1,0.36,0.2533719175748428,1,39.6,0.072,0.27
594,1,0.307,314,116.8,5,1,0.345,0.2834083470687876,1,105.12,0.06899999999999999,0.25875
594,2,0.307,215,80.0,3,1,0.393,0.2663114755495625,1,80.0,0.0786,0.29475
594,3,0.307,566,210.5,3,0,,0.2535243329155677,1,189.45000000000002,,
594,4,0.307,441,164.0,5,1,0.334,0.3364971455708822,1,147.6,0.06680000000000001,0.2505
594,5,0.307,323,120.1,4,1,0.536,0.15727423548213554,1,108.09,0.10720000000000002,0.402
594,6,0.307,194,72.1,5,1,0.559,0.43509395766667275,1,72.1,0.11180000000000001,0.41925
594,7,0.307,334,124.2,15,1,0.515,0.24045777018705394,0,111.78,0.10300000000000001,
594,8,0.307,430,159.9,8,0,,0.37919034854381417,1,143.91,,
595,1,0.343,291,103.6,3,1,0.566,0.21600014026061243,1,103.6,0.1132,0.4245
595,2,0.343,378,134.5,3,0,,0.40988401305462185,1,121.05,,
595,3,0.343,532,189.3,2,1,0.573,0.4101944607814498,1,170.37,0.1146,0.42974999999999997
595,4,0.343,343,122.1,6,1,0.604,0.38142020720058967,1,109.89,0.1208,0.45299999999999996
595,5,0.343,351,124.9,7,1,0.496,0.2435571478200208,1,112.41000000000001,0.09920000000000001,0.372
595,6,0.343,427,152.0,4,1,0.628,0.36795481895980775,0,136.8,0.12560000000000002,
595,7,0.343,282,100.4,5,1,0.498,0.22469438152656113,1,100.4,0.09960000000000001,0.3735
595,8,0.343,388,138.1,6,0,,0.31772367449038147,0,124.28999999999999,,
596,1,0.476,214,65.8,5,1,0.647,0.5789413100955326,1,65.8,0.12940000000000002,0.48525
596,2,0.476,381,117.1,4,1,0.726,0.5556701927070742,1,105.39,0.1452,0.5445
596,3,0.476,546,167.8,5,0,,0.4775182942540433,0,151.02,,
596,4,0.476,524,161.0,7,0,,0.3785193424077158,1,144.9,,
596,5,0.476,274,84.2,6,1,0.658,0.5405587712174194,1,84.2,0.13160000000000002,0.49350000000000005
596,6,0.476,443,136.2,3,0,,0.4779381237698025,1,122.58,,
596,7,0.476,242,74.4,6,1,0.384,0.24396844017695762,1,74.4,0.07680000000000001,0.28800000000000003
596,8,0.476,539,165.7,7,0,,0.5542629826316519,1,149.13,,
597,1,0.255,563,223.6,4,0,,0.25257671661303077,0,201.24,,
597,2,0.255,571,226.7,3,0,,0.37524512479830724,1,204.03,,
597,3,0.255,349,138.6,7,0,,0.14547294811571954,1,124.74,,
597,4,0.255,407,161.6,4,0,,0.0,1,145.44,,
597,5,0.255,529,210.1,5,0,,0.2829083858345185,1,189.09,,
597,6,0.255,402,159.6,6,0,,0.2841563676681973,1,143.64,,
597,7,0.255,178,70.7,3,1,0.401,0.0859328372393548,1,70.7,0.08020000000000001,0.30075
597,8,0.255,249,98.9,1,1,0.272,0.15715004541333938,1,98.9,0.054400000000000004,0.20400000000000001
598,1,0.501,566,169.6,7,0,,0.7765217743719901,1,152.64,,
598,2,0.501,499,149.5,8,0,,0.47043893858461966,1,134.55,,
598,3,0.501,458,137.2,6,1,0.622,0.5740958976376216,1,123.47999999999999,0.12440000000000001,0.4665
598,4,0.501,390,116.9,8,1,0.693,0.4359340172631616,1,105.21000000000001,0.1386,0.5197499999999999
598,5,0.501,320,95.9,9,1,0.586,0.2919697101146843,1,86.31,0.1172,0.4395
598,6,0.501,571,171.1,7,0,,0.4839741753204094,1,153.99,,
598,7,0.501,465,139.3,4,1,0.488,0.4744395439713895,0,125.37000000000002,0.0976,
598,8,0.501,533,159.7,5,0,,0.46101217613316287,0,143.73,,
599,1,0.154,262,120.2,3,1,0.398,0.14253591644936076,1,120.2,0.0796,0.2985
599,2,0.154,321,147.2,4,1,0.361,0.18042682716456365,1,132.48,0.0722,0.27075
599,3,0.154,336,154.1,4,1,0.269,0.13898830487461933,0,138.69,0.05380000000000001,
599,4,0.154,523,239.9,1,0,,0.027599383205263617,1,215.91,,
599,5,0.154,394,180.7,5,0,,0.20261847915619388,0,162.63,,
599,6,0.154,472,216.5,2,0,,0.0,1,194.85,,
599,7,0.154,464,212.8,3,0,,0.0,1,191.52,,
599,8,0.154,269,123.4,6,1,0.32,0.22791804947015679,1,123.4,0.064,0.24
600,1,0.063,351,187.0,2,1,0.287,0.11370202721353569,1,168.3,0.0574,0.21525
600,2,0.063,496,264.2,2,0,,0.0572604634925964,1,237.78,,
600,3,0.063,317,168.8,3,0,,0.0,1,151.92000000000002,,
600,4,0.063,243,129.4,2,1,0.369,0.0,1,129.4,0.0738,0.27675
600,5,0.063,396,210.9,4,0,,0.036725325231349595,0,189.81,,
600,6,0.063,415,221.0,2,0,,0.0,0,198.9,,
600,7,0.063,419,223.2,5,1,0.447,0.0,1,200.88,0.08940000000000001,0.33525
600,8,0.063,571,304.1,4,0,,0.12823303381766799,1,273.69000000000005,,
601,1,0.448,403,127.5,9,0,,0.5907305364289217,1,114.75,,
601,2,0.448,148,46.8,3,1,0.703,0.40605652473414494,1,46.8,0.1406,0.52725
601,3,0.448,382,120.8,0,1,0.506,0.5236488354316099,1,108.72,0.10120000000000001,0.3795
601,4,0.448,179,56.6,6,1,0.639,0.2565939929412533,1,56.6,0.1278,0.47925
601,5,0.448,567,179.4,7,0,,0.5139451241113612,1,161.46,,
601,6,0.448,415,131.3,5,0,,0.3676051585272519,1,118.17000000000002,,
601,7,0.448,335,106.0,7,0,,0.47873456167079703,1,95.4,,
601,8,0.448,215,68.0,5,1,0.416,0.42322475817602906,1,68.0,0.0832,0.312
602,1,0.11,380,186.9,2,0,,0.24204140097838345,1,168.21,,
602,2,0.11,137,67.4,4,1,0.464,0.02255643516600818,1,67.4,0.09280000000000001,0.34800000000000003
602,3,0.11,210,103.3,3,1,0.259,0.17276062975618312,1,103.3,0.051800000000000006,0.19425
602,4,0.11,321,157.9,8,1,0.372,0.08204925367034666,1,142.11,0.07440000000000001,0.279
602,5,0.11,257,126.4,3,1,0.381,0.09416945219903362,1,126.4,0.0762,0.28575
602,6,0.11,388,190.8,4,0,,0.09161461068407903,0,171.72000000000003,,
602,7,0.11,481,236.6,5,0,,0.025432689550588708,1,212.94,,
602,8,0.11,258,126.9,6,1,0.257,0.10859010340933284,1,126.9,0.0514,0.19275
603,1,0.3,584,219.1,7,0,,0.2937351777878178,1,197.19,,
603,2,0.3,341,127.9,5,1,0.309,0.32412402484067293,1,115.11000000000001,0.0618,0.23175
603,3,0.3,361,135.4,4,0,,0.30845051456928624,1,121.86000000000001,,
603,4,0.3,207,77.6,0,1,0.401,0.37979945496122364,1,77.6,0.08020000000000001,0.30075
603,5,0.3,371,139.2,1,0,,0.39235086160473687,1,125.27999999999999,,
603,6,0.3,352,132.0,4,1,0.522,0.19493766781721988,1,118.8,0.1044,0.3915
603,7,0.3,248,93.0,2,1,0.365,0.3868772500590771,1,93.0,0.073,0.27375
603,8,0.3,488,183.0,2,0,,0.18136635728901454,1,164.70000000000002,,
604,1,0.536,254,73.5,7,1,0.727,0.5947855888137735,1,73.5,0.1454,0.54525
604,2,0.536,121,35.0,5,1,0.512,0.5979738784702869,1,35.0,0.1024,0.384
604,3,0.536,546,158.1,8,0,,0.3448683108337496,1,142.29,,
604,4,0.536,131,37.9,2,1,0.755,0.545297924652941,1,37.9,0.15100000000000002,0.56625
604,5,0.536,523,151.4,4,0,,0.4891503886639684,1,136.26000000000002,,
604,6,0.536,117,33.9,2,1,0.837,0.46012347420646255,1,33.9,0.1674,0.62775
604,7,0.536,419,121.3,7,1,0.687,0.6710852330699006,1,109.17,0.13740000000000002,0.51525
604,8,0.536,495,143.3,8,0,,0.47063208593625816,1,128.97000000000003,,
605,1,0.067,312,165.1,4,1,0.122,0.0,0,148.59,0.0244,
605,2,0.067,416,220.1,5,0,,0.07456949400050934,0,198.09,,
605,3,0.067,307,162.4,6,1,0.121,0.13555897462984165,0,146.16,0.0242,
605,4,0.067,381,201.6,6,1,0.391,0.05283514139898732,1,181.44,0.0782,0.29325
605,5,0.067,426,225.4,8,0,,0.18363705456692522,1,202.86,,
605,6,0.067,390,206.3,4,0,,0.12009756619640906,0,185.67000000000002,,
605,7,0.067,587,310.6,1,0,,0.0,1,279.54,,
605,8,0.067,508,268.8,6,0,,0.014053303649299173,0,241.92000000000002,,
606,1,0.337,385,137.9,4,1,0.605,0.2808157900648301,0,124.11000000000001,0.121,
606,2,0.337,420,150.5,3,0,,0.38493609534294226,0,135.45000000000002,,
606,3,0.337,206,73.8,5,1,0.43,0.07451829436258883,1,73.8,0.08600000000000001,0.3225
606,4,0.337,408,146.2,6,0,,0.5919009708717722,1,131.57999999999998,,
606,5,0.337,362,129.7,3,1,0.47,0.39010260948942105,1,116.72999999999999,0.094,0.3525
606,6,0.337,305,109.3,6,1,0.558,0.35188768039176915,0,98.37,0.11160000000000002,
606,7,0.337,265,94.9,10,1,0.405,0.45515677164191465,1,94.9,0.08100000000000002,0.30375
606,8,0.337,282,101.0,5,1,0.27,0.5713654052812625,1,101.0,0.054000000000000006,0.2025
607,1,0.062,323,172.5,2,1,0.264,0.14907466445884032,0,155.25,0.05280000000000001,
607,2,0.062,201,107.4,6,0,,0.15688130964716201,0,107.4,,
607,3,0.062,339,181.1,5,1,0.295,0.07506900244643823,0,162.99,0.059,
607,4,0.062,238,127.1,3,1,0.405,0.047847424663305174,1,127.1,0.08100000000000002,0.30375
607,5,0.062,416,222.2,5,0,,0.014420455599509885,1,199.98,,
607,6,0.062,392,209.4,2,0,,0.0,0,188.46,,
607,7,0.062,155,82.8,3,0,,0.0,0,82.8,,
607,8,0.062,296,158.1,4,1,0.127,0.0,1,158.1,0.025400000000000002,0.09525
608,1,0.267,355,138.9,2,1,0.425,0.2594128549314977,1,125.01,0.085,0.31875
608,2,0.267,297,116.2,4,1,0.377,0.09853324227736132,1,116.2,0.07540000000000001,0.28275
608,3,0.267,572,223.8,7,0,,0.28609165241437107,1,201.42000000000002,,
608,4,0.267,393,153.7,8,0,,0.2633669391957658,1,138.32999999999998,,
608,5,0.267,193,75.5,5,1,0.532,0.2816935298386688,1,75.5,0.10640000000000001,0.399
608,6,0.267,302,118.1,5,1,0.393,0.21478684299800077,1,106.28999999999999,0.0786,0.29475
608,7,0.267,514,201.1,2,0,,0.5746860370180504,1,180.99,,
608,8,0.267,324,126.7,2,1,0.341,0.40301159001803133,1,114.03,0.06820000000000001,0.25575000000000003
609,1,0.015,547,318.8,4,0,,0.0,0,286.92,,
609,2,0.015,211,123.0,2,1,0.111,0.038286808742689825,1,123.0,0.0222,0.08325
609,3,0.015,375,218.6,4,0,,0.0,0,196.74,,
609,4,0.015,480,279.8,2,1,0.031,0.0,0,251.82000000000002,0.006200000000000001,
609,5,0.015,243,141.6,2,0,,0.0,0,141.6,,
609,6,0.015,554,322.9,5,0,,0.058221669075925395,1,290.61,,
609,7,0.015,166,96.8,5,1,0.301,0.0,1,96.8,0.060200000000000004,0.22575
609,8,0.015,113,65.9,3,1,0.274,0.11178260240252041,1,65.9,0.05480000000000001,0.20550000000000002
610,1,0.093,537,271.7,5,0,,0.1923782214530439,1,244.53,,
610,2,0.093,247,125.0,3,1,0.265,0.23039143852114496,1,125.0,0.053000000000000005,0.19875
610,3,0.093,152,76.9,7,1,0.363,0.007761323392589642,1,76.9,0.0726,0.27225
610,4,0.093,553,279.8,3,0,,0.14053656106920104,0,251.82000000000002,,
610,5,0.093,313,158.4,5,1,0.268,0.15624542166423008,0,142.56,0.05360000000000001,
610,6,0.093,242,122.4,2,1,0.248,0.04558218248960351,1,122.4,0.049600000000000005,0.186
610,7,0.093,523,264.6,1,0,,0.01582280426071249,1,238.14000000000001,,
610,8,0.093,181,91.6,6,1,0.18,0.2539520665775973,1,91.6,0.036,0.135
611,1,0.162,196,88.8,3,1,0.142,0.18474958757320536,1,88.8,0.028399999999999998,0.10649999999999998
611,2,0.162,561,254.2,2,0,,0.22559677507117382,0,228.78,,
611,3,0.162,229,103.8,5,1,0.425,0.07979239881720726,1,103.8,0.085,0.31875
611,4,0.162,132,59.8,6,1,0.356,0.04007155334778062,1,59.8,0.0712,0.267
611,5,0.162,540,244.7,4,0,,0.10505502255078897,1,220.23,,
611,6,0.162,191,86.5,4,1,0.31,0.1495978612610003,1,86.5,0.062,0.23249999999999998
611,7,0.162,475,215.2,3,0,,0.05557799931826511,1,193.68,,
611,8,0.162,344,155.9,3,1,0.348,0.1610155191349617,1,140.31,0.0696,0.261
612,1,0.056,416,224.6,3,0,,0.0,1,202.14,,
612,2,0.056,292,157.7,2,1,0.251,0.0,1,157.7,0.0502,0.18825
612,3,0.056,349,188.4,3,0,,0.12309112482768753,0,169.56,,
612,4,0.056,397,214.4,2,1,0.341,0.11637905202778942,0,192.96,0.06820000000000001,
612,5,0.056,218,117.7,6,1,0.396,0.01681232346131336,1,117.7,0.0792,0.29700000000000004
612,6,0.056,321,173.3,4,1,0.226,0.0,0,155.97000000000003,0.045200000000000004,
612,7,0.056,499,269.4,4,0,,0.0,0,242.45999999999998,,
612,8,0.056,228,123.1,4,1,0.398,0.01867317540586859,1,123.1,0.0796,0.2985
613,1,0.363,348,121.0,4,0,,0.42745184916452916,1,108.9,,
613,2,0.363,129,44.9,3,1,0.48,0.4558245691344325,1,44.9,0.096,0.36
613,3,0.363,377,131.1,2,0,,0.31334682645180306,1,117.99,,
613,4,0.363,154,53.5,5,1,0.514,0.2476507574015216,1,53.5,0.1028,0.3855
613,5,0.363,306,106.4,8,1,0.345,0.38978436378663334,0,95.76,0.06899999999999999,
613,6,0.363,295,102.6,6,1,0.442,0.28064650293741505,1,102.6,0.0884,0.3315
613,7,0.363,129,44.9,7,1,0.555,0.31117473611387975,1,44.9,0.11100000000000002,0.41625
613,8,0.363,207,72.0,5,1,0.575,0.49552760904370374,1,72.0,0.11499999999999999,0.43124999999999997
614,1,0.326,417,151.4,7,0,,0.40871154285657685,1,136.26000000000002,,
614,2,0.326,297,107.8,5,1,0.421,0.34179743122514517,1,107.8,0.0842,0.31575
614,3,0.326,125,45.4,5,1,0.49,0.19880809988872772,1,45.4,0.098,0.3675
614,4,0.326,368,133.6,2,1,0.604,0.34713965674706593,0,120.24,0.1208,
614,5,0.326,354,128.5,5,1,0.29,0.43226572907875266,0,115.65,0.057999999999999996,
614,6,0.326,497,180.5,0,0,,0.28843663342344644,1,162.45000000000002,,
614,7,0.326,104,37.8,6,1,0.489,0.46111140899867153,1,37.8,0.0978,0.36675
614,8,0.326,521,189.2,3,0,,0.45527452895182074,1,170.28,,
615,1,0.552,209,59.6,11,1,0.902,0.7183732832143475,1,59.6,0.1804,0.6765
615,2,0.552,586,167.2,6,1,0.702,0.5825243126531353,1,150.48,0.1404,0.5265
615,3,0.552,383,109.3,5,1,0.616,0.6107391699806013,0,98.37,0.1232,
615,4,0.552,178,50.8,7,1,0.711,0.6934187288331091,1,50.8,0.1422,0.53325
615,5,0.552,153,43.6,5,1,0.517,0.5967393937068977,1,43.6,0.1034,0.38775000000000004
615,6,0.552,158,45.1,9,1,0.729,0.5018765892209788,1,45.1,0.1458,0.54675
615,7,0.552,273,77.9,6,1,0.609,0.507145716347214,1,77.9,0.1218,0.45675
615,8,0.552,544,155.2,5,0,,0.575855495377374,1,139.68,,
616,1,0.11,166,81.7,6,1,0.397,0.0,1,81.7,0.07940000000000001,0.29775
616,2,0.11,531,261.2,2,0,,0.09567410846358074,1,235.07999999999998,,
616,3,0.11,330,162.3,7,0,,0.21965471182302537,0,146.07000000000002,,
616,4,0.11,388,190.8,1,1,0.282,0.0,1,171.72000000000003,0.0564,0.21149999999999997
616,5,0.11,278,136.7,1,1,0.149,0.2634482101794515,1,136.7,0.0298,0.11174999999999999
616,6,0.11,412,202.6,3,1,0.262,0.22223742187031598,0,182.34,0.0524,
616,7,0.11,115,56.6,4,1,0.338,0.06402353841695237,1,56.6,0.06760000000000001,0.2535
616,8,0.11,165,81.2,7,1,0.42,0.16433908278718096,1,81.2,0.084,0.315
617,1,0.217,422,176.5,2,0,,0.21731477269063265,1,158.85,,
617,2,0.217,430,179.9,7,1,0.206,0.33999903684386834,1,161.91,0.0412,0.1545
617,3,0.217,142,59.4,6,1,0.346,0.3152683142769941,1,59.4,0.0692,0.25949999999999995
617,4,0.217,428,179.0,1,0,,0.07699292768169907,1,161.1,,
617,5,0.217,587,245.5,3,0,,0.27572624134641766,1,220.95000000000002,,
617,6,0.217,135,56.5,3,1,0.408,0.19643721463567523,1,56.5,0.0816,0.306
617,7,0.217,401,167.7,5,0,,0.22528325705181,1,150.93,,
617,8,0.217,166,69.4,6,1,0.28,0.14418280990301846,1,69.4,0.05600000000000001,0.21000000000000002
618,1,0.078,253,131.3,4,1,0.0,0.25281370691208355,1,131.3,0.0,0.0
618,2,0.078,406,210.6,1,0,,0.1820061819902576,0,189.54,,
618,3,0.078,474,245.9,3,0,,0.004022883602703267,1,221.31,,
618,4,0.078,507,263.0,3,0,,0.0,1,236.70000000000002,,
618,5,0.078,455,236.1,2,0,,0.039432736902215174,1,212.49,,
618,6,0.078,269,139.6,3,1,0.117,0.12145026460913058,1,139.6,0.023400000000000004,0.08775000000000001
618,7,0.078,535,277.6,2,0,,0.1020205843946223,1,249.84000000000003,,
618,8,0.078,356,184.7,5,0,,0.20331328247682434,0,166.23,,
619,1,0.177,343,152.0,3,1,0.333,0.25599197221808523,0,136.8,0.0666,
619,2,0.177,317,140.5,3,1,0.401,0.2739569025752907,1,126.45,0.08020000000000001,0.30075
619,3,0.177,357,158.3,2,1,0.398,0.20968554006104373,1,142.47000000000003,0.0796,0.2985
619,4,0.177,344,152.5,3,1,0.348,0.03807012697890097,0,137.25,0.0696,
619,5,0.177,173,76.7,5,1,0.35,0.15743014688530985,1,76.7,0.06999999999999999,0.26249999999999996
619,6,0.177,460,203.9,2,1,0.312,0.28300897399086655,1,183.51000000000002,0.062400000000000004,0.23399999999999999
619,7,0.177,313,138.7,2,1,0.276,0.1718477071475354,0,124.83,0.055200000000000006,
619,8,0.177,187,82.9,6,1,0.441,0.22730903686237466,1,82.9,0.0882,0.33075
620,1,0.595,386,105.7,8,0,,0.5631251684753866,1,95.13000000000001,,
620,2,0.595,374,102.4,8,1,0.52,0.49201881514581547,1,92.16000000000001,0.10400000000000001,0.39
620,3,0.595,568,155.6,7,0,,0.5826655935953889,1,140.04,,
620,4,0.595,190,52.0,1,1,0.613,0.6259047443032654,1,52.0,0.1226,0.45975
620,5,0.595,565,154.7,5,0,,0.5294312280538556,1,139.23,,
620,6,0.595,127,34.8,10,1,0.7,0.5714288755143331,1,34.8,0.13999999999999999,0.5249999999999999
620,7,0.595,154,42.2,7,0,,0.5010536758014017,0,42.2,,
620,8,0.595,108,29.6,6,1,0.77,0.7069244917564096,1,29.6,0.15400000000000003,0.5775
621,1,0.397,320,107.0,3,1,0.608,0.3675544242411966,1,96.3,0.1216,0.45599999999999996
621,2,0.397,435,145.5,4,0,,0.5422755545126183,1,130.95000000000002,,
621,3,0.397,229,76.6,4,1,0.438,0.5498747850540908,1,76.6,0.08760000000000001,0.3285
621,4,0.397,192,64.2,7,1,0.514,0.38889540352782564,1,64.2,0.1028,0.3855
621,5,0.397,535,178.9,4,1,0.397,0.29615512674526506,1,161.01000000000002,0.07940000000000001,0.29775
621,6,0.397,439,146.8,4,0,,0.1884102122266663,1,132.12,,
621,7,0.397,522,174.5,6,0,,0.24979629269732087,1,157.05,,
621,8,0.397,345,115.4,2,1,0.414,0.25961651751013404,1,103.86000000000001,0.0828,0.3105
622,1,0.106,269,133.3,4,1,0.236,0.24384696274615048,1,133.3,0.0472,0.177
622,2,0.106,395,195.7,7,0,,0.1175824587226946,0,176.13,,
622,3,0.106,563,278.9,6,0,,0.14496045240919878,1,251.01,,
622,4,0.106,523,259.1,3,0,,0.0,0,233.19000000000003,,
622,5,0.106,149,73.8,1,1,0.336,0.0,1,73.8,0.06720000000000001,0.252
622,6,0.106,238,117.9,5,1,0.25,0.19470797764462872,1,117.9,0.05,0.1875
622,7,0.106,494,244.7,3,0,,0.1346774112382586,1,220.23,,
622,8,0.106,345,170.9,2,1,0.292,0.09127947213144028,0,153.81,0.0584,
623,1,0.031,325,183.6,4,0,,0.08748423586001225,0,165.24,,
623,2,0.031,222,125.4,6,1,0.203,0.1945797806135815,1,125.4,0.040600000000000004,0.15225
623,3,0.031,492,277.9,2,0,,0.00889575364629494,1,250.10999999999999,,
623,4,0.031,382,215.7,4,0,,0.03793698026580694,1,194.13,,
623,5,0.031,120,67.8,5,1,0.483,0.050259691873130515,1,67.8,0.0966,0.36224999999999996
623,6,0.031,350,197.7,2,1,0.181,0.27021096352739926,1,177.93,0.0362,0.13574999999999998
623,7,0.031,185,104.5,7,1,0.02,0.0,1,104.5,0.004,0.015
623,8,0.031,244,137.8,2,1,0.252,0.0993223014788808,1,137.8,0.0504,0.189
624,1,0.028,129,73.3,7,1,0.161,0.01651977512409363,1,73.3,0.0322,0.12075
624,2,0.028,290,164.8,3,0,,0.08467717261841796,0,164.8,,
624,3,0.028,257,146.0,5,0,,0.0,0,146.0,,
624,4,0.028,254,144.3,1,1,0.355,0.023103496914154975,1,144.3,0.071,0.26625
624,5,0.028,256,145.5,3,1,0.296,0.09914105794654951,1,145.5,0.0592,0.22199999999999998
624,6,0.028,475,269.9,2,0,,0.33929102010438417,1,242.91,,
624,7,0.028,275,156.3,3,1,0.25,0.10880361894020715,1,156.3,0.05,0.1875
624,8,0.028,435,247.2,3,0,,0.0,1,222.48,,
625,1,0.368,422,145.9,4,0,,0.3256240317977297,0,131.31,,
625,2,0.368,298,103.0,3,1,0.579,0.3226585891616146,1,103.0,0.1158,0.43424999999999997
625,3,0.368,370,127.9,3,0,,0.18843568273699848,0,115.11000000000001,,
625,4,0.368,310,107.1,6,0,,0.3349909808298563,1,96.39,,
625,5,0.368,416,143.8,8,0,,0.4412829081821745,1,129.42000000000002,,
625,6,0.368,504,174.2,5,0,,0.24057678809232047,1,156.78,,
625,7,0.368,554,191.5,4,0,,0.47284826510505923,1,172.35,,
625,8,0.368,389,134.5,4,1,0.449,0.4167774821084338,1,121.05,0.0898,0.33675
626,1,0.159,461,209.8,5,0,,0.08557666780289622,1,188.82000000000002,,
626,2,0.159,286,130.2,2,1,0.296,0.14484703626621526,1,130.2,0.0592,0.22199999999999998
626,3,0.159,416,189.3,8,1,0.118,0.31883218076410336,1,170.37,0.0236,0.0885
626,4,0.159,132,60.1,2,1,0.374,0.23235478135058657,1,60.1,0.0748,0.28049999999999997
626,5,0.159,308,140.2,3,1,0.276,0.1598783654898148,1,126.17999999999999,0.055200000000000006,0.20700000000000002
626,6,0.159,460,209.4,5,1,0.23,0.13523166830390157,0,188.46,0.046000000000000006,
626,7,0.159,281,127.9,2,1,0.36,0.16666090704516595,1,127.9,0.072,0.27
626,8,0.159,422,192.1,4,1,0.295,0.10782364420576965,0,172.89,0.059,
627,1,0.738,497,120.4,8,1,0.91,0.5275250494280985,1,108.36000000000001,0.18200000000000002,0.6825
627,2,0.738,435,105.4,5,1,0.825,0.942217791053473,1,31.62,0.165,0.6187499999999999
627,3,0.738,411,99.6,7,1,0.77,0.7535324999199401,1,89.64,0.15400000000000003,0.5775
627,4,0.738,394,95.5,11,1,0.729,0.7778147265122537,1,85.95,0.1458,0.54675
627,5,0.738,508,123.1,8,0,,0.7322092250123091,1,110.78999999999999,,
627,6,0.738,553,134.0,8,0,,0.6644883199275412,1,120.60000000000001,,
627,7,0.738,112,27.1,10,1,0.811,0.719407551905123,1,27.1,0.1622,0.6082500000000001
627,8,0.738,579,140.3,8,0,,0.5780605237805688,1,126.27000000000001,,
628,1,0.244,432,174.3,6,0,,0.47170864980533045,1,156.87,,
628,2,0.244,324,130.7,6,0,,0.12054880015776039,0,117.63,,
628,3,0.244,514,207.3,5,0,,0.14080337161528206,1,186.57000000000002,,
628,4,0.244,577,232.8,3,0,,0.19997407956135996,1,209.52,,
628,5,0.244,167,67.4,3,1,0.49,0.37280757248523777,1,67.4,0.098,0.3675
628,6,0.244,520,209.8,4,0,,0.2454508999262654,1,188.82000000000002,,
628,7,0.244,330,133.1,5,1,0.266,0.12038642039695374,0,119.78999999999999,0.053200000000000004,
628,8,0.244,101,40.7,4,1,0.443,0.369433836075734,1,40.7,0.08860000000000001,0.33225
629,1,0.171,292,130.6,2,1,0.182,0.24410006267854817,1,130.6,0.0364,0.1365
629,2,0.171,331,148.0,4,1,0.232,0.22484349572164525,0,133.20000000000002,0.046400000000000004,
629,3,0.171,335,149.8,2,1,0.303,0.24257342411708405,0,134.82000000000002,0.0606,
629,4,0.171,475,212.4,3,0,,0.4104361900582451,0,191.16,,
629,5,0.171,410,183.3,2,0,,0.38950948950361125,1,164.97000000000003,,
629,6,0.171,542,242.3,4,0,,0.10232846569967048,1,218.07000000000002,,
629,7,0.171,335,149.8,4,1,0.494,0.33338849928111525,1,134.82000000000002,0.0988,0.3705
629,8,0.171,159,71.1,2,1,0.29,0.20931681897589005,1,71.1,0.057999999999999996,0.21749999999999997
630,1,0.081,267,137.9,2,1,0.114,0.13090958161377494,1,137.9,0.0228,0.0855
630,2,0.081,473,244.4,5,0,,0.0,1,219.96,,
630,3,0.081,359,185.5,4,1,0.197,0.0639614234611804,0,166.95000000000002,0.039400000000000004,
630,4,0.081,586,302.7,0,0,,0.0,0,272.43,,
630,5,0.081,439,226.8,0,0,,0.16380588148933095,1,204.12,,
630,6,0.081,238,122.9,2,1,0.32,0.18810805004028053,1,122.9,0.064,0.24
630,7,0.081,297,153.4,4,1,0.333,0.0,1,153.4,0.0666,0.24975000000000003
630,8,0.081,273,141.0,4,1,0.272,0.07879651359957296,1,141.0,0.054400000000000004,0.20400000000000001
631,1,0.448,523,165.5,2,0,,0.5601861504794252,1,148.95000000000002,,
631,2,0.448,182,57.6,4,1,0.548,0.4293321037686555,1,57.6,0.10960000000000002,0.41100000000000003
631,3,0.448,139,44.0,3,1,0.537,0.5209063645002364,1,44.0,0.10740000000000001,0.40275000000000005
631,4,0.448,470,148.8,4,0,,0.48311654676270843,0,133.92000000000002,,
631,5,0.448,278,88.0,3,1,0.553,0.48216602319526264,1,88.0,0.11060000000000002,0.41475000000000006
631,6,0.448,394,124.7,6,0,,0.4208685021931703,1,112.23,,
631,7,0.448,178,56.3,4,1,0.456,0.32634191958642905,1,56.3,0.0912,0.342
631,8,0.448,389,123.1,9,1,0.412,0.33584698525749723,1,110.78999999999999,0.0824,0.309
632,1,0.197,381,163.9,4,0,,0.26793525144553176,1,147.51000000000002,,
632,2,0.197,436,187.6,6,0,,0.19894582555188833,1,168.84,,
632,3,0.197,380,163.5,5,1,0.516,0.18314877553927753,1,147.15,0.10320000000000001,0.387
632,4,0.197,506,217.7,4,0,,0.15461099576776474,1,195.93,,
632,5,0.197,378,162.6,8,0,,0.16648111545192484,1,146.34,,
632,6,0.197,346,148.8,5,0,,0.30169117944881396,0,133.92000000000002,,
632,7,0.197,121,52.1,3,1,0.337,0.16347559181319732,1,52.1,0.0674,0.25275000000000003
632,8,0.197,124,53.3,6,1,0.298,0.06289352866984313,1,53.3,0.0596,0.22349999999999998
633,1,0.261,372,146.6,5,0,,0.33536517755401735,1,131.94,,
633,2,0.261,553,217.9,0,0,,0.24051233361352828,1,196.11,,
633,3,0.261,537,211.6,5,0,,0.2641395865532776,0,190.44,,
633,4,0.261,438,172.6,6,0,,0.4217578306399511,1,155.34,,
633,5,0.261,288,113.5,2,1,0.586,0.25894394426494927,1,113.5,0.1172,0.4395
633,6,0.261,158,62.2,4,1,0.369,0.28991836731187254,1,62.2,0.0738,0.27675
633,7,0.261,415,163.5,5,1,0.249,0.14310765087016747,1,147.15,0.049800000000000004,0.18675
633,8,0.261,501,197.4,3,0,,0.239033054764904,0,177.66,,
634,1,0.279,254,97.8,2,1,0.412,0.3399526045208602,1,97.8,0.0824,0.309
634,2,0.279,484,186.3,4,0,,0.12346262661587579,1,167.67000000000002,,
634,3,0.279,581,223.7,3,0,,0.299084509311571,0,201.32999999999998,,
634,4,0.279,238,91.6,9,1,0.23,0.28907910726448066,1,91.6,0.046000000000000006,0.17250000000000001
634,5,0.279,365,140.5,1,1,0.52,0.28312874555874395,1,126.45,0.10400000000000001,0.39
634,6,0.279,203,78.2,2,1,0.327,0.38271588986582433,1,78.2,0.0654,0.24525000000000002
634,7,0.279,553,212.9,1,0,,0.31244385148485215,1,191.61,,
634,8,0.279,237,91.2,4,1,0.473,0.4268071898356445,1,91.2,0.0946,0.35475
635,1,0.249,470,188.2,3,0,,0.1496410484405964,1,169.38,,
635,2,0.249,425,170.2,4,1,0.491,0.2625924567218348,1,153.18,0.09820000000000001,0.36824999999999997
635,3,0.249,488,195.4,5,0,,0.25744667863899473,0,175.86,,
635,4,0.249,550,220.2,5,0,,0.14207455062449198,1,198.18,,
635,5,0.249,467,187.0,8,0,,0.34462950020913463,0,168.3,,
635,6,0.249,539,215.8,4,0,,0.4814673305852818,0,194.22000000000003,,
635,7,0.249,159,63.7,4,1,0.562,0.2472993925516169,1,63.7,0.11240000000000001,0.42150000000000004
635,8,0.249,536,214.6,4,0,,0.2995021088273767,1,193.14,,
636,1,0.389,126,42.5,7,1,0.657,0.39745184758153274,1,42.5,0.13140000000000002,0.49275
636,2,0.389,585,197.5,4,0,,0.31764153300928244,0,177.75,,
636,3,0.389,493,166.4,10,1,0.424,0.20692397221979839,1,149.76000000000002,0.0848,0.318
636,4,0.389,278,93.8,5,1,0.303,0.31842265169046347,1,93.8,0.0606,0.22725
636,5,0.389,208,70.2,4,0,,0.24980416190482688,0,70.2,,
636,6,0.389,258,87.1,8,1,0.502,0.5594102078059118,1,87.1,0.1004,0.3765
636,7,0.389,565,190.7,8,1,0.554,0.3774890306076761,1,171.63,0.11080000000000001,0.41550000000000004
636,8,0.389,441,148.9,6,0,,0.35440806709528294,0,134.01000000000002,,
637,1,0.09,545,277.2,4,0,,0.17891538247878058,0,249.48,,
637,2,0.09,510,259.4,4,0,,0.0,1,233.45999999999998,,
637,3,0.09,325,165.3,2,0,,0.013313596199544753,0,148.77,,
637,4,0.09,174,88.5,4,0,,0.0968072269248621,0,88.5,,
637,5,0.09,377,191.7,2,0,,0.19287689914234807,1,172.53,,
637,6,0.09,300,152.6,7,1,0.195,0.14016850451687882,1,152.6,0.03900000000000001,0.14625
637,7,0.09,460,234.0,2,1,0.412,0.11483251425158822,1,210.6,0.0824,0.309
637,8,0.09,576,293.0,6,0,,0.09781177352360163,0,263.7,,
638,1,0.239,184,74.7,3,1,0.323,0.2790235855526775,1,74.7,0.0646,0.24225000000000002
638,2,0.239,577,234.1,4,0,,0.2591652905129255,1,210.69,,
638,3,0.239,184,74.7,4,1,0.386,0.13600277252230641,1,74.7,0.0772,0.2895
638,4,0.239,215,87.2,4,1,0.343,0.24360792216331512,1,87.2,0.06860000000000001,0.25725000000000003
638,5,0.239,439,178.1,4,0,,0.13163113410822475,1,160.29,,
638,6,0.239,399,161.9,2,0,,0.24710825429008237,1,145.71,,
638,7,0.239,169,68.6,2,1,0.316,0.19093520585117585,1,68.6,0.0632,0.237
638,8,0.239,140,56.8,3,1,0.413,0.49293816227828613,1,56.8,0.0826,0.30974999999999997
639,1,0.2,275,117.8,6,1,0.358,0.19601056162482883,1,117.8,0.0716,0.26849999999999996
639,2,0.2,533,228.3,6,0,,0.05957604337384112,0,205.47000000000003,,
639,3,0.2,354,151.6,7,1,0.224,0.18658197893230755,1,136.44,0.044800000000000006,0.168
639,4,0.2,550,235.6,6,0,,0.25193587456378885,0,212.04,,
639,5,0.2,220,94.2,7,1,0.413,0.36733639461525236,1,94.2,0.0826,0.30974999999999997
639,6,0.2,336,143.9,6,0,,0.14105476000612815,1,129.51000000000002,,
639,7,0.2,482,206.4,7,0,,0.04175720259763599,1,185.76000000000002,,
639,8,0.2,188,80.5,3,1,0.389,0.28168370114309815,1,80.5,0.07780000000000001,0.29175
640,1,0.401,517,172.1,5,0,,0.26294012941003486,1,154.89,,
640,2,0.401,208,69.3,6,1,0.56,0.3573844558492515,1,69.3,0.11200000000000002,0.42000000000000004
640,3,0.401,179,59.6,3,1,0.513,0.3752379514489006,1,59.6,0.10260000000000001,0.38475000000000004
640,4,0.401,234,77.9,4,1,0.516,0.3940366546699892,1,77.9,0.10320000000000001,0.387
640,5,0.401,395,131.5,2,0,,0.46991644570743357,1,118.35000000000001,,
640,6,0.401,585,194.8,8,0,,0.33263657177136124,1,175.32000000000002,,
640,7,0.401,485,161.5,4,0,,0.37362707478332396,0,145.35,,
640,8,0.401,593,197.4,6,0,,0.39957296470506115,0,177.66,,
641,1,0.467,364,112.9,4,1,0.411,0.4819597957518788,1,101.61000000000001,0.0822,0.30824999999999997
641,2,0.467,136,42.2,6,1,0.588,0.4767827174707923,1,42.2,0.1176,0.44099999999999995
641,3,0.467,341,105.7,1,0,,0.510600577522258,0,95.13000000000001,,
641,4,0.467,465,144.2,5,0,,0.5513839509641738,1,129.78,,
641,5,0.467,197,61.1,7,1,0.566,0.5062634115650968,1,61.1,0.1132,0.4245
641,6,0.467,307,95.2,7,1,0.642,0.5123585523509219,1,85.68,0.12840000000000001,0.48150000000000004
641,7,0.467,131,40.6,4,1,0.525,0.30877768332535227,1,40.6,0.10500000000000001,0.39375000000000004
641,8,0.467,357,110.7,7,1,0.545,0.47202276991656805,1,99.63000000000001,0.10900000000000001,0.40875000000000006
642,1,0.128,300,143.3,7,1,0.228,0.17595075480016087,1,143.3,0.0456,0.171
642,2,0.128,374,178.7,6,0,,0.20089411945704505,0,160.82999999999998,,
642,3,0.128,416,198.8,3,0,,0.05876492257662058,0,178.92000000000002,,
642,4,0.128,333,159.1,7,1,0.375,0.0620960725111355,0,143.19,0.07500000000000001,
642,5,0.128,547,261.3,1,0,,0.07058993247164017,0,235.17000000000002,,
642,6,0.128,511,244.1,4,0,,0.18164138998913434,1,219.69,,
642,7,0.128,269,128.5,3,1,0.379,0.23138810549242086,1,128.5,0.0758,0.28425
642,8,0.128,389,185.9,6,1,0.325,0.08725398927083984,0,167.31,0.065,
643,1,0.404,412,136.8,11,0,,0.4947962313627049,1,123.12000000000002,,
643,2,0.404,471,156.4,3,0,,0.41634798091645947,1,140.76000000000002,,
643,3,0.404,488,162.0,4,1,0.567,0.3915714222837564,1,145.8,0.1134,0.42524999999999996
643,4,0.404,436,144.7,3,1,0.667,0.3828615770182031,1,130.23,0.13340000000000002,0.5002500000000001
643,5,0.404,428,142.1,4,1,0.542,0.47866113646021574,0,127.89,0.10840000000000001,
643,6,0.404,484,160.7,6,0,,0.436557781678707,1,144.63,,
643,7,0.404,242,80.3,7,1,0.582,0.6315825427647638,1,80.3,0.1164,0.4365
643,8,0.404,116,38.5,4,1,0.456,0.3187775357002676,1,38.5,0.0912,0.342
644,1,0.089,308,156.7,2,1,0.265,0.14081017020299758,0,141.03,0.053000000000000005,
644,2,0.089,111,56.5,6,1,0.141,0.036079899018848706,1,56.5,0.0282,0.10574999999999998
644,3,0.089,166,84.5,2,1,0.23,0.002071301301135614,1,84.5,0.046000000000000006,0.17250000000000001
644,4,0.089,434,220.9,6,0,,0.08791328629650279,1,198.81,,
644,5,0.089,162,82.4,0,1,0.458,0.1027352479407036,1,82.4,0.09160000000000001,0.3435
644,6,0.089,507,258.0,4,0,,0.38081735550600926,0,232.20000000000002,,
644,7,0.089,279,142.0,0,1,0.383,0.07058541843167979,1,142.0,0.0766,0.28725
644,8,0.089,484,246.3,6,1,0.38,0.0,1,221.67000000000002,0.07600000000000001,0.28500000000000003
645,1,0.248,311,124.8,3,0,,0.2753010717494386,1,112.32,,
645,2,0.248,265,106.3,5,1,0.417,0.040535996245363165,1,106.3,0.0834,0.31275
645,3,0.248,430,172.5,6,0,,0.23880432173957342,1,155.25,,
645,4,0.248,338,135.6,5,0,,0.24960252822951604,0,122.03999999999999,,
645,5,0.248,346,138.8,2,1,0.372,0.32746003829452114,1,124.92000000000002,0.07440000000000001,0.279
645,6,0.248,537,215.4,6,0,,0.3453622249427847,1,193.86,,
645,7,0.248,246,98.7,6,1,0.426,0.19764303810922826,1,98.7,0.0852,0.3195
645,8,0.248,219,87.9,6,1,0.256,0.23293859853700669,1,87.9,0.0512,0.192
646,1,0.264,338,132.6,1,1,0.566,0.18738791693893292,0,119.34,0.1132,
646,2,0.264,369,144.8,3,0,,0.15119374451923062,0,130.32000000000002,,
646,3,0.264,347,136.2,6,1,0.421,0.29498947793806346,1,122.58,0.0842,0.31575
646,4,0.264,181,71.0,6,1,0.441,0.13664144514034007,1,71.0,0.0882,0.33075
646,5,0.264,463,181.7,7,0,,0.2225373099428137,0,163.53,,
646,6,0.264,298,116.9,8,1,0.261,0.16448260401007625,1,116.9,0.0522,0.19575
646,7,0.264,445,174.6,7,0,,0.31896831862902597,0,157.14,,
646,8,0.264,579,227.2,7,0,,0.4441430099266488,1,204.48,,
647,1,0.455,359,112.8,2,1,0.51,0.3248412017196669,1,101.52,0.10200000000000001,0.3825
647,2,0.455,435,136.7,6,1,0.635,0.2696981517102431,1,123.02999999999999,0.127,0.47625
647,3,0.455,358,112.5,5,1,0.567,0.4425113114649933,1,101.25,0.1134,0.42524999999999996
647,4,0.455,124,39.0,9,1,0.81,0.4565697795957758,1,39.0,0.16200000000000003,0.6075
647,5,0.455,382,120.0,6,1,0.576,0.4768659306757298,1,108.0,0.1152,0.43199999999999994
647,6,0.455,482,151.4,6,1,0.663,0.41036794847656555,1,136.26000000000002,0.13260000000000002,0.49725
647,7,0.455,331,104.0,6,0,,0.43493607011745683,1,93.60000000000001,,
647,8,0.455,555,174.3,1,0,,0.49175104105406026,1,156.87,,
648,1,0.39,549,185.2,7,0,,0.4940430892644839,1,166.68,,
648,2,0.39,164,55.3,2,1,0.39,0.19449512296817173,1,55.3,0.07800000000000001,0.2925
648,3,0.39,404,136.3,3,0,,0.3531060560968538,1,122.67000000000002,,
648,4,0.39,221,74.5,2,1,0.491,0.41138087939410634,1,74.5,0.09820000000000001,0.36824999999999997
648,5,0.39,261,88.0,2,1,0.302,0.2982023895389264,1,88.0,0.0604,0.22649999999999998
648,6,0.39,588,198.3,1,0,,0.56311696317673,1,178.47000000000003,,
648,7,0.39,228,76.9,2,1,0.622,0.3264590119771263,1,76.9,0.12440000000000001,0.4665
648,8,0.39,180,60.7,5,1,0.495,0.38587073129927174,1,60.7,0.099,0.37124999999999997
649,1,0.097,527,264.7,3,1,0.368,0.15260220968422908,0,238.23,0.0736,
649,2,0.097,423,212.5,3,1,0.525,0.03787152111981055,1,191.25,0.10500000000000001,0.39375000000000004
649,3,0.097,276,138.7,1,1,0.166,0.0,1,138.7,0.0332,0.1245
649,4,0.097,319,160.3,4,1,0.075,0.05413454730834667,0,144.27,0.015,
649,5,0.097,277,139.2,3,1,0.44,0.19994405559270406,1,139.2,0.08800000000000001,0.33
649,6,0.097,521,261.7,2,0,,0.06331048732148614,0,235.53,,
649,7,0.097,180,90.4,1,1,0.225,0.012356569854102134,1,90.4,0.045000000000000005,0.16875
649,8,0.097,145,72.8,2,1,0.324,0.18956722095027218,1,72.8,0.06480000000000001,0.243
650,1,0.383,381,129.5,4,1,0.615,0.34992251039769473,1,116.55,0.123,0.46125
650,2,0.383,189,64.2,6,1,0.417,0.3319839186349783,1,64.2,0.0834,0.31275
650,3,0.383,352,119.6,7,0,,0.39794560896633097,0,107.64,,
650,4,0.383,533,181.1,3,1,0.483,0.46007502096187874,1,162.99,0.0966,0.36224999999999996
650,5,0.383,578,196.4,8,0,,0.6211713531732546,1,176.76000000000002,,
650,6,0.383,193,65.6,6,1,0.451,0.4657236107657423,1,65.6,0.0902,0.33825
650,7,0.383,400,135.9,7,0,,0.4989839966388344,0,122.31,,
650,8,0.383,143,48.6,5,1,0.424,0.33240338010121445,1,48.6,0.0848,0.318
651,1,0.298,241,90.6,2,1,0.423,0.19541318940305236,1,90.6,0.08460000000000001,0.31725
651,2,0.298,451,169.6,2,0,,0.3042331349619123,1,152.64,,
651,3,0.298,158,59.4,5,1,0.493,0.3087169915259596,1,59.4,0.09860000000000001,0.36975
651,4,0.298,589,221.5,2,0,,0.19014872586354026,0,199.35,,
651,5,0.298,391,147.0,6,0,,0.2804705470095987,1,132.3,,
651,6,0.298,113,42.5,6,1,0.445,0.33793176017191306,1,42.5,0.08900000000000001,0.33375
651,7,0.298,444,167.0,7,0,,0.334039339501808,0,150.3,,
651,8,0.298,352,132.4,8,0,,0.34842878533842725,1,119.16000000000001,,
652,1,0.59,461,126.8,9,0,,0.6190964730137443,1,114.12,,
652,2,0.59,192,52.8,4,1,0.569,0.5392991340729943,1,52.8,0.1138,0.42674999999999996
652,3,0.59,524,144.2,6,0,,0.5386099373351156,1,129.78,,
652,4,0.59,428,117.8,4,1,0.775,0.4701048602006124,1,106.02,0.15500000000000003,0.58125
652,5,0.59,313,86.1,7,1,0.653,0.7684775039185094,1,77.49,0.13060000000000002,0.48975
652,6,0.59,396,109.0,10,0,,0.5913450364619293,1,98.10000000000001,,
652,7,0.59,489,134.5,11,0,,0.5675146944205147,1,121.05,,
652,8,0.59,547,150.5,8,0,,0.4971207918547541,1,135.45000000000002,,
653,1,0.176,214,95.0,5,1,0.369,0.46956579023277784,1,95.0,0.0738,0.27675
653,2,0.176,326,144.7,4,0,,0.06866719677771044,0,130.23,,
653,3,0.176,177,78.5,5,1,0.294,0.13311520743939265,1,78.5,0.0588,0.22049999999999997
653,4,0.176,142,63.0,5,1,0.302,0.21758368362860603,1,63.0,0.0604,0.22649999999999998
653,5,0.176,410,181.9,4,0,,0.23602129657442777,0,163.71,,
653,6,0.176,316,140.2,4,1,0.433,0.2717932055215684,1,126.17999999999999,0.08660000000000001,0.32475
653,7,0.176,368,163.3,3,1,0.497,0.3567608507769263,1,146.97000000000003,0.0994,0.37275
653,8,0.176,350,155.3,2,1,0.368,0.2266157655460712,1,139.77,0.0736,0.276
654,1,0.214,513,215.4,6,0,,0.10839692000333323,0,193.86,,
654,2,0.214,298,125.1,3,0,,0.18830548748782183,0,125.1,,
654,3,0.214,581,244.0,3,0,,0.2447832372513885,1,219.6,,
654,4,0.214,384,161.3,4,1,0.154,0.42082260415058237,1,145.17000000000002,0.0308,0.11549999999999999
654,5,0.214,110,46.2,7,1,0.445,0.07421945215757028,1,46.2,0.08900000000000001,0.33375
654,6,0.214,107,44.9,3,1,0.418,0.33425765052252276,1,44.9,0.08360000000000001,0.3135
654,7,0.214,387,162.5,2,0,,0.23199143695464167,0,146.25,,
654,8,0.214,185,77.7,4,1,0.343,0.2977830535229481,1,77.7,0.06860000000000001,0.25725000000000003
655,1,0.62,287,76.8,7,1,0.666,0.6098005283364067,1,76.8,0.1332,0.49950000000000006
655,2,0.62,421,112.7,6,1,0.61,0.5357567369873674,1,101.43,0.122,0.4575
655,3,0.62,249,66.7,9,1,0.833,0.6950872779401331,1,66.7,0.1666,0.6247499999999999
655,4,0.62,383,102.5,4,1,0.667,0.6854431027105621,1,92.25,0.13340000000000002,0.5002500000000001
655,5,0.62,292,78.2,8,1,0.678,0.7172056965739722,1,78.2,0.13560000000000003,0.5085000000000001
655,6,0.62,242,64.8,3,1,0.784,0.6186695364621365,1,64.8,0.15680000000000002,0.5880000000000001
655,7,0.62,133,35.6,6,1,0.646,0.5600177976680151,1,35.6,0.1292,0.48450000000000004
655,8,0.62,409,109.5,6,0,,0.4641213004976158,1,98.55,,
656,1,0.487,227,69.0,4,1,0.509,0.5689373268139406,1,69.0,0.1018,0.38175000000000003
656,2,0.487,377,114.6,3,1,0.715,0.5293889482443986,1,103.14,0.143,0.53625
656,3,0.487,468,142.2,6,0,,0.39042173671360403,0,127.97999999999999,,
656,4,0.487,366,111.2,5,0,,0.4331426326703376,1,100.08,,
656,5,0.487,163,49.5,5,1,0.496,0.44032411880485595,1,49.5,0.09920000000000001,0.372
656,6,0.487,491,149.2,3,0,,0.3387015568017582,1,134.28,,
656,7,0.487,116,35.3,3,1,0.439,0.4052317603394866,1,35.3,0.0878,0.32925
656,8,0.487,366,111.2,3,1,0.591,0.3736169643193646,0,100.08,0.1182,
657,1,0.096,334,168.1,3,1,0.147,0.05475209881120633,1,151.29,0.0294,0.11024999999999999
657,2,0.096,544,273.7,3,0,,0.022130250167043716,1,246.32999999999998,,
657,3,0.096,331,166.6,4,1,0.303,0.0,1,149.94,0.0606,0.22725
657,4,0.096,223,112.2,3,1,0.246,0.2982590230569482,1,112.2,0.0492,0.1845
657,5,0.096,252,126.8,4,1,0.291,0.22125407310292308,1,126.8,0.0582,0.21825
657,6,0.096,171,86.0,4,1,0.253,0.018098057848001434,1,86.0,0.050600000000000006,0.18975
657,7,0.096,199,100.1,4,1,0.244,0.12324213966536099,1,100.1,0.0488,0.183
657,8,0.096,542,272.7,5,0,,0.1377465089821295,0,245.43,,
658,1,0.25,201,80.4,4,1,0.38,0.3691085854773477,1,80.4,0.07600000000000001,0.28500000000000003
658,2,0.25,365,146.1,0,1,0.375,0.16813949733399214,1,131.49,0.07500000000000001,0.28125
658,3,0.25,506,202.5,2,0,,0.3592106783982426,0,182.25,,
658,4,0.25,517,206.9,1,0,,0.1952094695793065,1,186.21,,
658,5,0.25,271,108.4,5,1,0.288,0.11641375958313865,1,108.4,0.0576,0.21599999999999997
658,6,0.25,154,61.6,1,1,0.625,0.3224136559314497,1,61.6,0.125,0.46875
658,7,0.25,102,40.8,0,1,0.441,0.3790758424122428,1,40.8,0.0882,0.33075
658,8,0.25,332,132.9,8,1,0.434,0.5087908973530685,1,119.61000000000001,0.0868,0.3255
659,1,0.341,593,211.5,5,0,,0.22102747349097868,1,190.35,,
659,2,0.341,305,108.8,6,1,0.388,0.4108919685080789,1,97.92,0.0776,0.29100000000000004
659,3,0.341,166,59.2,3,1,0.461,0.3000198756206467,1,59.2,0.0922,0.34575
659,4,0.341,497,177.2,3,0,,0.41933587105240316,1,159.48,,
659,5,0.341,387,138.0,0,0,,0.19395104487687495,1,124.2,,
659,6,0.341,327,116.6,6,1,0.46,0.2147230224301436,1,104.94,0.09200000000000001,0.34500000000000003
659,7,0.341,468,166.9,6,0,,0.2634125176833516,1,150.21,,
659,8,0.341,216,77.0,6,1,0.677,0.3488964045668085,1,77.0,0.13540000000000002,0.50775
660,1,0.401,197,65.6,1,1,0.602,0.3368918733461645,1,65.6,0.12040000000000001,0.4515
660,2,0.401,105,35.0,3,1,0.543,0.466905434391342,1,35.0,0.10860000000000002,0.40725
660,3,0.401,235,78.3,2,1,0.463,0.5036894618257914,1,78.3,0.09260000000000002,0.34725
660,4,0.401,220,73.3,6,1,0.476,0.4609577541245356,1,73.3,0.0952,0.357
660,5,0.401,227,75.6,5,1,0.267,0.5628787639660868,1,75.6,0.0534,0.20025
660,6,0.401,442,147.2,4,1,0.45,0.44258266294553433,1,132.48,0.09000000000000001,0.3375
660,7,0.401,554,184.5,7,0,,0.2793103289659833,0,166.05,,
660,8,0.401,450,149.8,7,0,,0.537337651353834,1,134.82000000000002,,
661,1,0.118,374,181.6,4,0,,0.05748437643940025,0,163.44,,
661,2,0.118,215,104.4,5,1,0.378,0.20904184996855701,1,104.4,0.0756,0.2835
661,3,0.118,375,182.1,7,0,,0.2753734216555106,1,163.89,,
661,4,0.118,329,159.7,6,1,0.433,0.1636688010730399,0,143.73,0.08660000000000001,
661,5,0.118,317,153.9,4,1,0.287,0.0,1,138.51000000000002,0.0574,0.21525
661,6,0.118,302,146.6,3,0,,0.026178783349020837,1,131.94,,
661,7,0.118,521,252.9,4,0,,0.25027444668851356,0,227.61,,
661,8,0.118,387,187.9,3,1,0.234,0.10108773143571835,0,169.11,0.04680000000000001,
662,1,0.557,423,120.0,10,1,0.803,0.5649573534942166,1,108.0,0.16060000000000002,0.6022500000000001
662,2,0.557,576,163.4,7,0,,0.632882441616361,1,147.06,,
662,3,0.557,451,128.0,8,0,,0.6266322862080324,1,115.2,,
662,4,0.557,368,104.4,5,1,0.718,0.5848799812385461,1,93.96000000000001,0.1436,0.5385
662,5,0.557,265,75.2,8,1,0.64,0.5361331628779534,1,75.2,0.128,0.48
662,6,0.557,178,50.5,7,1,0.676,0.5257331554267644,1,50.5,0.13520000000000001,0.507
662,7,0.557,560,158.9,6,0,,0.6427898825291344,1,143.01000000000002,,
662,8,0.557,523,148.4,3,0,,0.6123569531067794,1,133.56,,
663,1,0.063,455,242.5,3,0,,0.03726999993822104,0,218.25,,
663,2,0.063,128,68.2,3,1,0.016,0.1712112312993141,1,68.2,0.0032,0.012
663,3,0.063,205,109.2,4,1,0.287,0.05009658848702162,1,109.2,0.0574,0.21525
663,4,0.063,506,269.7,3,0,,0.0,1,242.73,,
663,5,0.063,295,157.2,9,1,0.151,0.0,1,157.2,0.0302,0.11324999999999999
663,6,0.063,373,198.8,4,1,0.139,0.0,0,178.92000000000002,0.027800000000000005,
663,7,0.063,589,313.9,7,0,,0.03575899833963128,0,282.51,,
663,8,0.063,282,150.3,2,1,0.27,0.1863724278336193,1,150.3,0.054000000000000006,0.2025
664,1,0.123,455,219.1,2,0,,0.04249048189694911,1,197.19,,
664,2,0.123,480,231.2,3,0,,0.14184757610181029,1,208.07999999999998,,
664,3,0.123,325,156.5,4,1,0.267,0.057331065437258674,0,140.85,0.0534,
664,4,0.123,509,245.1,2,0,,0.09696909587285624,0,220.59,,
664,5,0.123,246,118.5,4,1,0.338,0.0,1,118.5,0.06760000000000001,0.2535
664,6,0.123,447,215.3,2,0,,0.10094617708434625,0,193.77,,
664,7,0.123,500,240.8,2,0,,0.10362946201950379,0,216.72000000000003,,
664,8,0.123,468,225.4,3,1,0.429,0.17702879440356953,1,202.86,0.0858,0.32175
665,1,0.53,488,142.1,2,0,,0.5523280913255371,1,127.89,,
665,2,0.53,369,107.4,6,1,0.515,0.4101607875047955,1,96.66000000000001,0.10300000000000001,0.38625
665,3,0.53,467,136.0,2,0,,0.6384198244043543,0,122.4,,
665,4,0.53,552,160.7,6,1,0.46,0.5510303040221995,1,144.63,0.09200000000000001,0.34500000000000003
665,5,0.53,550,160.1,5,0,,0.5498393517177487,1,144.09,,
665,6,0.53,489,142.4,7,0,,0.5290817646614862,1,128.16,,
665,7,0.53,327,95.2,9,0,,0.47822425527777807,1,85.68,,
665,8,0.53,139,40.5,3,1,0.661,0.5517802339748726,1,40.5,0.1322,0.49575
666,1,0.271,363,141.2,4,0,,0.31855884359285824,1,127.08,,
666,2,0.271,555,216.0,1,0,,0.09631043086544452,0,194.4,,
666,3,0.271,405,157.6,7,1,0.359,0.21712391626539046,1,141.84,0.0718,0.26925
666,4,0.271,476,185.2,2,0,,0.24550530295964107,0,166.68,,
666,5,0.271,281,109.3,4,1,0.535,0.2966170605694278,1,109.3,0.10700000000000001,0.40125
666,6,0.271,454,176.7,4,0,,0.3903311005927126,1,159.03,,
666,7,0.271,168,65.4,7,1,0.351,0.19382591854032177,1,65.4,0.0702,0.26325
666,8,0.271,562,218.7,5,0,,0.2212038153182158,0,196.82999999999998,,
667,1,0.277,462,178.4,2,1,0.518,0.22574658893534502,0,160.56,0.10360000000000001,
667,2,0.277,545,210.4,5,0,,0.19684724098954587,1,189.36,,
667,3,0.277,126,48.6,2,1,0.375,0.24228135048877378,1,48.6,0.07500000000000001,0.28125
667,4,0.277,425,164.1,1,0,,0.35408022199879713,1,147.69,,
667,5,0.277,294,113.5,2,1,0.394,0.17161645046356544,1,113.5,0.07880000000000001,0.2955
667,6,0.277,442,170.6,8,0,,0.31978143951529037,1,153.54,,
667,7,0.277,409,157.9,5,0,,0.10680977699816646,1,142.11,,
667,8,0.277,304,117.4,6,1,0.356,0.22086620035577942,1,105.66000000000001,0.0712,0.267
668,1,0.301,517,193.6,3,0,,0.2680510699782014,1,174.24,,
668,2,0.301,431,161.4,6,0,,0.46848596729140646,1,145.26000000000002,,
668,3,0.301,355,132.9,8,1,0.495,0.27351976952473117,0,119.61000000000001,0.099,
668,4,0.301,450,168.5,6,0,,0.08087565265490815,0,151.65,,
668,5,0.301,565,211.6,3,0,,0.10111110931387499,1,190.44,,
668,6,0.301,149,55.8,6,1,0.343,0.3044029586346681,1,55.8,0.06860000000000001,0.25725000000000003
668,7,0.301,285,106.7,2,1,0.506,0.36237708557899084,1,106.7,0.10120000000000001,0.3795
668,8,0.301,251,94.0,6,1,0.507,0.33854558576272525,1,94.0,0.1014,0.38025
669,1,0.14,570,267.1,4,0,,0.15675701058009905,0,240.39000000000001,,
669,2,0.14,305,142.9,2,1,0.269,0.2562259597505667,1,128.61,0.05380000000000001,0.20175
669,3,0.14,504,236.2,4,0,,0.08604087792628684,0,212.57999999999998,,
669,4,0.14,179,83.9,6,1,0.226,0.22949105560268254,1,83.9,0.045200000000000004,0.1695
669,5,0.14,347,162.6,5,0,,0.0,1,146.34,,
669,6,0.14,238,111.5,4,1,0.223,0.049505216706193386,1,111.5,0.0446,0.16725
669,7,0.14,193,90.4,1,1,0.296,0.0,1,90.4,0.0592,0.22199999999999998
669,8,0.14,270,126.5,6,1,0.307,0.11251546993302079,1,126.5,0.0614,0.23025
670,1,0.074,326,170.5,5,1,0.145,0.06937387827336575,0,153.45000000000002,0.028999999999999998,
670,2,0.074,180,94.1,0,1,0.1,0.08541014922265198,1,94.1,0.020000000000000004,0.07500000000000001
670,3,0.074,360,188.2,7,1,0.189,0.08018833528871352,0,169.38,0.0378,
670,4,0.074,385,201.3,6,0,,0.0,0,181.17000000000002,,
670,5,0.074,221,115.6,3,1,0.141,0.05497591555867842,1,115.6,0.0282,0.10574999999999998
670,6,0.074,180,94.1,4,1,0.101,0.0,1,94.1,0.020200000000000003,0.07575000000000001
670,7,0.074,207,108.2,3,1,0.284,0.21032289751322503,1,108.2,0.056799999999999996,0.21299999999999997
670,8,0.074,261,136.5,4,1,0.142,0.043637392710199896,1,136.5,0.028399999999999998,0.10649999999999998
671,1,0.329,100,36.2,2,1,0.494,0.2801113880956309,1,36.2,0.0988,0.3705
671,2,0.329,119,43.1,6,1,0.354,0.4878940328444083,1,43.1,0.0708,0.26549999999999996
671,3,0.329,244,88.3,5,1,0.457,0.20477534664507707,1,88.3,0.09140000000000001,0.34275
671,4,0.329,331,119.8,5,1,0.48,0.21644128859680312,1,107.82,0.096,0.36
671,5,0.329,575,208.0,4,1,0.291,0.21937796751314348,1,187.20000000000002,0.0582,0.21825
671,6,0.329,455,164.6,9,0,,0.3222128618300518,1,148.14,,
671,7,0.329,267,96.6,5,1,0.433,0.37216316296375973,1,96.6,0.08660000000000001,0.32475
671,8,0.329,255,92.3,9,1,0.576,0.4029675468117834,1,92.3,0.1152,0.43199999999999994
672,1,0.36,474,165.4,8,1,0.385,0.6171995317494969,0,148.86,0.07700000000000001,
672,2,0.36,278,97.0,6,1,0.391,0.1350567545799236,1,97.0,0.0782,0.29325
672,3,0.36,109,38.0,3,1,0.482,0.4208735589124417,1,38.0,0.0964,0.3615
672,4,0.36,102,35.6,3,0,,0.30428694274277684,0,35.6,,
672,5,0.36,429,149.7,7,0,,0.3013584851111226,1,134.73,,
672,6,0.36,570,198.9,6,0,,0.2980227871746122,1,179.01000000000002,,
672,7,0.36,582,203.1,5,0,,0.26912303291920264,1,182.79,,
672,8,0.36,112,39.1,7,1,0.508,0.5284524834603452,1,39.1,0.10160000000000001,0.381
673,1,0.31,378,140.0,5,0,,0.3942297327013903,0,126.0,,
673,2,0.31,526,194.9,3,0,,0.3123195978557375,1,175.41,,
673,3,0.31,532,197.1,2,0,,0.44510157524870003,1,177.39,,
673,4,0.31,426,157.8,1,0,,0.15874710347011242,1,142.02,,
673,5,0.31,154,57.1,3,1,0.597,0.17692948686690738,1,57.1,0.1194,0.44775
673,6,0.31,429,158.9,3,0,,0.09220322678053122,1,143.01000000000002,,
673,7,0.31,155,57.4,2,1,0.349,0.24005854598767123,1,57.4,0.0698,0.26175
673,8,0.31,324,120.0,3,1,0.428,0.32616985267047527,1,108.0,0.08560000000000001,0.321
674,1,0.18,214,94.4,3,1,0.183,0.1902858577932334,1,94.4,0.0366,0.13724999999999998
674,2,0.18,115,50.7,3,1,0.482,0.19493419110598803,1,50.7,0.0964,0.3615
674,3,0.18,332,146.4,4,0,,0.03889431689339182,1,131.76000000000002,,
674,4,0.18,391,172.4,2,1,0.248,0.2603154742614022,1,155.16,0.049600000000000005,0.186
674,5,0.18,542,239.0,4,0,,0.20396275182389978,1,215.1,,
674,6,0.18,543,239.4,3,0,,0.25330542814659984,1,215.46,,
674,7,0.18,396,174.6,2,0,,0.0,1,157.14,,
674,8,0.18,422,186.1,12,0,,0.21114908587977899,1,167.49,,
675,1,0.11,266,130.7,1,1,0.285,0.0,1,130.7,0.056999999999999995,0.21375
675,2,0.11,159,78.1,3,1,0.192,0.07026767474486381,1,78.1,0.038400000000000004,0.14400000000000002
675,3,0.11,140,68.8,1,1,0.0,0.16343648986363835,1,68.8,0.0,0.0
675,4,0.11,111,54.5,2,1,0.204,0.11910936062559131,1,54.5,0.0408,0.153
675,5,0.11,311,152.8,6,0,,0.024846002022068117,0,137.52,,
675,6,0.11,486,238.8,3,0,,0.11062731561844183,1,214.92000000000002,,
675,7,0.11,273,134.2,4,1,0.137,0.0,1,134.2,0.027400000000000004,0.10275000000000001
675,8,0.11,265,130.2,6,1,0.237,0.2250267395898296,1,130.2,0.0474,0.17775
676,1,0.227,237,97.8,4,0,,0.20647159805037488,0,97.8,,
676,2,0.227,596,246.0,3,0,,0.3388549944255326,1,221.4,,
676,3,0.227,399,164.7,2,0,,0.1743468312903957,1,148.23,,
676,4,0.227,570,235.3,2,0,,0.1746424011593417,0,211.77,,
676,5,0.227,127,52.4,2,1,0.455,0.15058132133621535,1,52.4,0.09100000000000001,0.34125
676,6,0.227,443,182.8,2,0,,0.31461739316930754,1,164.52,,
676,7,0.227,551,227.4,3,0,,0.15605688426715242,0,204.66,,
676,8,0.227,102,42.1,1,1,0.469,0.2914595432415177,1,42.1,0.0938,0.35175
677,1,0.639,556,146.5,7,0,,0.600754760233071,1,131.85,,
677,2,0.639,504,132.8,5,0,,0.441403670010838,1,119.52000000000001,,
677,3,0.639,571,150.4,5,0,,0.5819685932213534,1,135.36,,
677,4,0.639,545,143.6,4,0,,0.5210891785637152,1,129.24,,
677,5,0.639,355,93.5,10,1,0.739,0.6423902723682338,1,84.15,0.14780000000000001,0.55425
677,6,0.639,304,80.1,7,1,0.791,0.519959226432551,1,72.09,0.1582,0.59325
677,7,0.639,589,155.1,5,0,,0.7315975100714617,1,139.59,,
677,8,0.639,265,69.8,8,1,0.721,0.6298924139646973,1,69.8,0.1442,0.54075
678,1,0.243,528,213.1,9,0,,0.22524040052412608,0,191.79,,
678,2,0.243,555,224.0,0,0,,0.30858921377875825,1,201.6,,
678,3,0.243,434,175.2,4,0,,0.33939069340758626,0,157.68,,
678,4,0.243,417,168.3,4,1,0.501,0.24099012482303483,0,151.47000000000003,0.10020000000000001,
678,5,0.243,206,83.2,6,1,0.338,0.16587997004507093,1,83.2,0.06760000000000001,0.2535
678,6,0.243,171,69.0,3,1,0.543,0.06560303838878703,1,69.0,0.10860000000000002,0.40725
678,7,0.243,526,212.3,5,0,,0.174395024296482,1,191.07000000000002,,
678,8,0.243,135,54.5,4,1,0.363,0.18127877533520384,1,54.5,0.0726,0.27225
679,1,0.216,257,107.7,5,1,0.481,0.22670574529922968,1,107.7,0.09620000000000001,0.36075
679,2,0.216,451,189.0,4,0,,0.18148531188619726,0,170.1,,
679,3,0.216,313,131.2,4,1,0.478,0.2847932972051428,1,118.08,0.0956,0.3585
679,4,0.216,131,54.9,9,1,0.33,0.15470167287293105,1,54.9,0.066,0.2475
679,5,0.216,328,137.4,3,1,0.376,0.21029588331470583,1,123.66000000000001,0.0752,0.28200000000000003
679,6,0.216,474,198.6,3,0,,0.33439874431968897,1,178.74,,
679,7,0.216,426,178.5,3,0,,0.2501825213954966,1,160.65,,
679,8,0.216,420,176.0,5,0,,0.20999624583114354,0,158.4,,
680,1,0.249,259,103.8,4,1,0.427,0.18880555580648228,1,103.8,0.0854,0.32025
680,2,0.249,444,177.9,9,0,,0.18567686032850228,1,160.11,,
680,3,0.249,448,179.5,4,0,,0.16393867470480522,0,161.55,,
680,4,0.249,181,72.5,4,1,0.585,0.19489931342171007,1,72.5,0.11699999999999999,0.43875
680,5,0.249,174,69.7,3,1,0.43,0.3245665838744315,1,69.7,0.08600000000000001,0.3225
680,6,0.249,252,101.0,5,1,0.503,0.22681117287077313,1,101.0,0.10060000000000001,0.37725
680,7,0.249,212,85.0,7,1,0.601,0.11402269306187687,1,85.0,0.1202,0.45075
680,8,0.249,583,233.6,4,0,,0.42581692930597836,1,210.24,,
681,1,0.237,186,75.7,3,1,0.43,0.2689965191145163,1,75.7,0.08600000000000001,0.3225
681,2,0.237,182,74.0,5,1,0.445,0.09630565994868304,1,74.0,0.08900000000000001,0.33375
681,3,0.237,389,158.2,5,1,0.469,0.1928151072759176,1,142.38,0.0938,0.35175
681,4,0.237,438,178.2,2,0,,0.24808863828284178,1,160.38,,
681,5,0.237,466,189.6,3,1,0.192,0.40745920932973767,1,170.64,0.038400000000000004,0.14400000000000002
681,6,0.237,583,237.2,3,0,,0.12618875417411307,0,213.48,,
681,7,0.237,444,180.6,6,0,,0.33460407193559466,0,162.54,,
681,8,0.237,356,144.8,5,1,0.324,0.37694864269723427,0,130.32000000000002,0.06480000000000001,
682,1,0.532,474,137.8,6,0,,0.469134569492543,1,124.02000000000001,,
682,2,0.532,252,73.3,4,1,0.605,0.5042486381139767,1,73.3,0.121,0.45375
682,3,0.532,575,167.2,6,0,,0.428369075262623,1,150.48,,
682,4,0.532,431,125.3,3,0,,0.5116538858919696,1,112.77,,
682,5,0.532,454,132.0,3,0,,0.5283410025657069,1,118.8,,
682,6,0.532,304,88.4,2,1,0.924,0.597964999808237,1,79.56,0.18480000000000002,0.6930000000000001
682,7,0.532,191,55.5,4,1,0.592,0.6410183471020447,1,55.5,0.1184,0.44399999999999995
682,8,0.532,491,142.7,5,0,,0.4571903935378353,1,128.43,,
683,1,0.39,397,133.8,1,1,0.463,0.19326749357740056,1,120.42000000000002,0.09260000000000002,0.34725
683,2,0.39,308,103.8,1,0,,0.3878755220723758,1,93.42,,
683,3,0.39,290,97.7,1,1,0.486,0.41935375299686406,1,97.7,0.09720000000000001,0.3645
683,4,0.39,193,65.0,4,1,0.594,0.4149417687685042,1,65.0,0.1188,0.4455
683,5,0.39,369,124.3,8,0,,0.3573326752490956,1,111.87,,
683,6,0.39,509,171.5,9,1,0.481,0.40247520996639347,0,154.35,0.09620000000000001,
683,7,0.39,366,123.3,3,0,,0.5415444808352248,1,110.97,,
683,8,0.39,388,130.7,5,1,0.574,0.42817341689625094,1,117.63,0.1148,0.4305
684,1,0.17,319,142.9,3,0,,0.13266315749969157,1,128.61,,
684,2,0.17,329,147.4,2,0,,0.11998021829040043,0,132.66,,
684,3,0.17,378,169.3,4,1,0.443,0.15301476423222696,0,152.37,0.08860000000000001,
684,4,0.17,161,72.1,6,1,0.015,0.33367399618306404,1,72.1,0.003,0.01125
684,5,0.17,579,259.4,2,0,,0.15166992904738028,0,233.45999999999998,,
684,6,0.17,445,199.3,3,1,0.257,0.1680205655479292,1,179.37,0.0514,0.19275
684,7,0.17,190,85.1,2,1,0.381,0.12176864290636971,1,85.1,0.0762,0.28575
684,8,0.17,255,114.2,2,1,0.49,0.2798983357441965,1,114.2,0.098,0.3675
685,1,0.204,100,42.6,4,1,0.231,0.3999837254744675,1,42.6,0.046200000000000005,0.17325000000000002
685,2,0.204,175,74.6,2,1,0.264,0.24906130494313883,1,74.6,0.05280000000000001,0.198
685,3,0.204,436,185.8,1,0,,0.21227729037854257,0,167.22000000000003,,
685,4,0.204,559,238.2,3,1,0.57,0.20767828331742347,0,214.38,0.11399999999999999,
685,5,0.204,453,193.0,3,1,0.503,0.0,0,173.70000000000002,0.10060000000000001,
685,6,0.204,427,182.0,4,0,,0.2785150864284817,0,163.8,,
685,7,0.204,296,126.1,2,1,0.416,0.21741664159958435,1,126.1,0.0832,0.312
685,8,0.204,143,60.9,4,1,0.297,0.24683420506607248,1,60.9,0.0594,0.22275
686,1,0.255,412,163.7,6,0,,0.18385378059162952,1,147.32999999999998,,
686,2,0.255,371,147.4,1,0,,0.21655431210229084,1,132.66,,
686,3,0.255,450,178.8,5,1,0.412,0.2138975063496827,1,160.92000000000002,0.0824,0.309
686,4,0.255,283,112.5,3,1,0.336,0.3571622984073039,1,112.5,0.06720000000000001,0.252
686,5,0.255,126,50.1,5,1,0.404,0.21712401633969067,1,50.1,0.08080000000000001,0.30300000000000005
686,6,0.255,294,116.8,8,1,0.343,0.4632660322109798,1,116.8,0.06860000000000001,0.25725000000000003
686,7,0.255,387,153.8,4,0,,0.29808624190150373,1,138.42000000000002,,
686,8,0.255,235,93.4,5,1,0.632,0.12743173400042684,1,93.4,0.1264,0.474
687,1,0.289,491,186.7,2,0,,0.27614537067480427,0,168.03,,
687,2,0.289,554,210.6,3,1,0.376,0.2238324877843584,0,189.54,0.0752,
687,3,0.289,266,101.1,8,1,0.296,0.06956175301799755,1,101.1,0.0592,0.22199999999999998
687,4,0.289,137,52.1,6,1,0.365,0.44894709401137894,1,52.1,0.073,0.27375
687,5,0.289,126,47.9,4,1,0.458,0.35931425422200036,1,47.9,0.09160000000000001,0.3435
687,6,0.289,441,167.7,3,0,,0.3423207317899312,0,150.93,,
687,7,0.289,487,185.2,3,0,,0.3055403660299704,1,166.68,,
687,8,0.289,360,136.9,9,0,,0.1507982431307562,1,123.21000000000001,,
688,1,0.141,461,215.8,11,0,,0.09263828604445631,1,194.22000000000003,,
688,2,0.141,367,171.8,3,1,0.448,0.22517807747840127,1,154.62,0.08960000000000001,0.336
688,3,0.141,155,72.6,2,1,0.245,0.03587799702174971,1,72.6,0.049,0.18375
688,4,0.141,109,51.0,6,1,0.457,0.0,1,51.0,0.09140000000000001,0.34275
688,5,0.141,202,94.6,3,0,,0.11828939922190738,0,94.6,,
688,6,0.141,424,198.5,6,1,0.266,0.12682424459724612,1,178.65,0.053200000000000004,0.1995
688,7,0.141,208,97.4,6,1,0.158,0.1545563416414709,1,97.4,0.0316,0.1185
688,8,0.141,220,103.0,5,1,0.291,0.2138518643514536,1,103.0,0.0582,0.21825
689,1,0.188,138,60.1,3,1,0.362,0.25176058122312084,1,60.1,0.0724,0.27149999999999996
689,2,0.188,561,244.5,3,0,,0.21387698052439216,0,220.05,,
689,3,0.188,269,117.2,2,1,0.198,0.30755313880867097,1,117.2,0.0396,0.14850000000000002
689,4,0.188,143,62.3,2,1,0.272,0.036103021918668515,1,62.3,0.054400000000000004,0.20400000000000001
689,5,0.188,228,99.4,4,1,0.388,0.23845818144773903,1,99.4,0.0776,0.29100000000000004
689,6,0.188,396,172.6,6,1,0.203,0.25065383633369426,1,155.34,0.040600000000000004,0.15225
689,7,0.188,384,167.3,2,0,,0.06404377139197603,0,150.57000000000002,,
689,8,0.188,351,152.9,4,0,,0.03771293913176105,1,137.61,,
690,1,0.565,564,158.8,8,0,,0.4904057873524398,1,142.92000000000002,,
690,2,0.565,332,93.5,2,1,0.488,0.49884585574847073,1,84.15,0.0976,0.366
690,3,0.565,502,141.4,3,0,,0.640341946350243,1,127.26,,
690,4,0.565,295,83.1,5,1,0.705,0.5035461216308904,1,83.1,0.141,0.5287499999999999
690,5,0.565,285,80.3,5,1,0.58,0.47936514817187953,1,80.3,0.11599999999999999,0.43499999999999994
690,6,0.565,475,133.8,8,0,,0.503836626330544,1,120.42000000000002,,
690,7,0.565,580,163.3,11,0,,0.6768632334154211,1,146.97000000000003,,
690,8,0.565,528,148.7,11,1,0.468,0.5663043374376951,1,133.82999999999998,0.09360000000000002,0.35100000000000003
691,1,0.544,579,166.4,8,0,,0.5260748974643089,1,149.76000000000002,,
691,2,0.544,409,117.5,6,0,,0.5329994501298949,1,105.75,,
691,3,0.544,264,75.9,5,1,0.61,0.6732060334326523,1,75.9,0.122,0.4575
691,4,0.544,202,58.0,9,1,0.571,0.4690828273396759,1,58.0,0.1142,0.42824999999999996
691,5,0.544,370,106.3,3,1,0.552,0.6755508290940104,1,95.67,0.11040000000000001,0.41400000000000003
691,6,0.544,459,131.9,7,0,,0.5650496298921504,1,118.71000000000001,,
691,7,0.544,462,132.7,5,0,,0.5279580618024653,1,119.42999999999999,,
691,8,0.544,557,160.0,8,0,,0.7940900497934282,1,144.0,,
692,1,0.207,370,156.9,4,0,,0.10143605102014035,0,141.21,,
692,2,0.207,121,51.3,4,1,0.292,0.1716314240432994,1,51.3,0.0584,0.21899999999999997
692,3,0.207,350,148.4,4,1,0.381,0.08375687608359997,1,133.56,0.0762,0.28575
692,4,0.207,441,187.0,2,0,,0.30224619705361694,0,168.3,,
692,5,0.207,540,229.0,2,0,,0.3759188933651679,1,206.1,,
692,6,0.207,216,91.6,3,1,0.346,0.3739922781404639,1,91.6,0.0692,0.25949999999999995
692,7,0.207,599,254.0,3,0,,0.32939487531460043,1,228.6,,
692,8,0.207,408,173.0,5,0,,0.18723795322040343,1,155.70000000000002,,
693,1,0.194,109,47.1,7,1,0.287,0.15747590225101535,1,47.1,0.0574,0.21525
693,2,0.194,432,186.8,1,0,,0.026883022750593483,1,168.12,,
693,3,0.194,436,188.5,9,0,,0.3975873535181793,1,169.65,,
693,4,0.194,108,46.7,2,1,0.392,0.24089780781484676,1,46.7,0.07840000000000001,0.29400000000000004
693,5,0.194,465,201.1,5,0,,0.1448043095130517,0,180.99,,
693,6,0.194,532,230.0,0,0,,0.32680568889869677,0,207.0,,
693,7,0.194,497,214.9,10,0,,0.09672354832399992,0,193.41,,
693,8,0.194,228,98.6,3,1,0.27,0.2346622034222674,1,98.6,0.054000000000000006,0.2025
694,1,0.392,498,167.5,6,0,,0.37473708657091653,1,150.75,,
694,2,0.392,444,149.4,3,1,0.337,0.4558677139880301,1,134.46,0.0674,0.25275000000000003
694,3,0.392,328,110.3,5,1,0.571,0.3856426460813879,1,99.27,0.1142,0.42824999999999996
694,4,0.392,263,88.5,5,1,0.547,0.2469072108888776,1,88.5,0.10940000000000001,0.41025
694,5,0.392,518,174.3,8,0,,0.3995576372670038,0,156.87,,
694,6,0.392,310,104.3,3,1,0.647,0.4968864141875362,1,93.87,0.12940000000000002,0.48525
694,7,0.392,545,183.4,5,1,0.505,0.3890783594146015,1,165.06,0.101,0.37875000000000003
694,8,0.392,174,58.5,6,1,0.41,0.46951151215890863,1,58.5,0.082,0.3075
695,1,0.055,482,260.6,3,0,,0.0,1,234.54000000000002,,
695,2,0.055,506,273.6,1,0,,0.05237392067301479,1,246.24000000000004,,
695,3,0.055,481,260.0,4,0,,0.0,1,234.0,,
695,4,0.055,168,90.8,1,1,0.134,0.12969808401047098,1,90.8,0.026800000000000004,0.1005
695,5,0.055,252,136.2,5,0,,0.05814915622619958,0,136.2,,
695,6,0.055,413,223.3,1,1,0.274,0.12400736763366127,0,200.97000000000003,0.05480000000000001,
695,7,0.055,563,304.4,2,0,,0.16377104261578662,0,273.96,,
695,8,0.055,320,173.0,2,0,,0.12416185751213885,0,155.70000000000002,,
696,1,0.513,226,66.9,9,1,0.513,0.5403118434293644,1,66.9,0.10260000000000001,0.38475000000000004
696,2,0.513,400,118.4,6,0,,0.4131787741488595,0,106.56,,
696,3,0.513,490,145.1,5,0,,0.5127213889333099,1,130.59,,
696,4,0.513,360,106.6,4,1,0.574,0.4596909597984167,1,95.94,0.1148,0.4305
696,5,0.513,347,102.7,3,1,0.458,0.47859360432957737,1,92.43,0.09160000000000001,0.3435
696,6,0.513,266,78.8,3,1,0.698,0.4755465849249749,1,78.8,0.1396,0.5235
696,7,0.513,557,164.9,1,0,,0.41500744252177557,1,148.41,,
696,8,0.513,182,53.9,2,1,0.56,0.317266141086601,1,53.9,0.11200000000000002,0.42000000000000004
697,1,0.168,329,147.8,3,0,,0.10118569516722332,1,133.02,,
697,2,0.168,292,131.1,2,1,0.281,0.18733794519241592,1,131.1,0.05620000000000001,0.21075000000000002
697,3,0.168,113,50.7,1,1,0.296,0.03318229545725099,1,50.7,0.0592,0.22199999999999998
697,4,0.168,336,150.9,5,1,0.276,0.16956822364716245,1,135.81,0.055200000000000006,0.20700000000000002
697,5,0.168,293,131.6,3,1,0.453,0.3580268424310965,1,131.6,0.09060000000000001,0.33975
697,6,0.168,332,149.1,2,1,0.334,0.27030565552522395,1,134.19,0.06680000000000001,0.2505
697,7,0.168,500,224.5,2,0,,0.33235415091205295,1,202.05,,
697,8,0.168,242,108.7,3,1,0.301,0.20711278769327263,1,108.7,0.060200000000000004,0.22575
698,1,0.35,134,47.3,3,1,0.554,0.4667509822986446,1,47.3,0.11080000000000001,0.41550000000000004
698,2,0.35,596,210.4,4,0,,0.2776035269532212,1,189.36,,
698,3,0.35,498,175.8,8,0,,0.28556597329780153,1,158.22000000000003,,
698,4,0.35,258,91.1,8,1,0.563,0.07608597938625267,1,91.1,0.11259999999999999,0.42224999999999996
698,5,0.35,564,199.1,5,0,,0.46861454740422986,1,179.19,,
698,6,0.35,396,139.8,2,1,0.442,0.5040323979819886,0,125.82000000000001,0.0884,
698,7,0.35,258,91.1,5,1,0.483,0.294682275465273,1,91.1,0.0966,0.36224999999999996
698,8,0.35,264,93.2,12,1,0.398,0.32460482936027646,1,93.2,0.0796,0.2985
699,1,0.065,291,154.6,5,1,0.205,0.0,1,154.6,0.041,0.15375
699,2,0.065,121,64.3,3,1,0.23,0.10326535514774916,1,64.3,0.046000000000000006,0.17250000000000001
699,3,0.065,385,204.5,3,0,,0.1774932545303241,0,184.05,,
699,4,0.065,183,97.2,4,1,0.198,0.0,1,97.2,0.0396,0.14850000000000002
699,5,0.065,452,240.1,4,0,,0.10594385306422524,0,216.09,,
699,6,0.065,482,256.1,3,0,,0.03733282282808546,1,230.49000000000004,,
699,7,0.065,154,81.8,4,1,0.185,0.07633943919666894,1,81.8,0.037,0.13874999999999998
699,8,0.065,175,93.0,3,1,0.051,0.11089940016742911,1,93.0,0.0102,0.03825
700,1,0.399,358,119.4,6,0,,0.3801797561227179,1,107.46000000000001,,
700,2,0.399,267,89.1,3,1,0.404,0.388641314659422,1,89.1,0.08080000000000001,0.30300000000000005
700,3,0.399,511,170.5,3,0,,0.3776124832445361,1,153.45000000000002,,
700,4,0.399,497,165.8,4,0,,0.4960316201788282,1,149.22000000000003,,
700,5,0.399,583,194.5,5,0,,0.4408759960127497,1,175.05,,
700,6,0.399,335,111.8,5,0,,0.4210583537737361,1,100.62,,
700,7,0.399,198,66.1,2,1,0.489,0.27190482789077175,1,66.1,0.0978,0.36675
700,8,0.399,289,96.4,5,1,0.457,0.3611420256786846,1,96.4,0.09140000000000001,0.34275
701,1,0.36,156,54.4,4,1,0.537,0.44986691603391743,1,54.4,0.10740000000000001,0.40275000000000005
701,2,0.36,401,139.8,5,1,0.487,0.3637696573123923,1,125.82000000000001,0.0974,0.36524999999999996
701,3,0.36,536,186.9,3,0,,0.42595314695891384,0,168.21,,
701,4,0.36,517,180.3,2,0,,0.5366511800327634,1,162.27,,
701,5,0.36,533,185.9,5,0,,0.46386060692088166,1,167.31,,
701,6,0.36,116,40.5,7,1,0.38,0.36931583376997423,1,40.5,0.07600000000000001,0.28500000000000003
701,7,0.36,396,138.1,9,0,,0.3089010829804273,1,124.28999999999999,,
701,8,0.36,393,137.1,5,1,0.555,0.10464504039441014,1,123.39,0.11100000000000002,0.41625
702,1,0.337,185,66.3,4,1,0.491,0.3201615077527148,1,66.3,0.09820000000000001,0.36824999999999997
702,2,0.337,250,89.6,4,1,0.522,0.3043987504183151,1,89.6,0.1044,0.3915
702,3,0.337,151,54.1,9,1,0.597,0.3760366194395376,1,54.1,0.1194,0.44775
702,4,0.337,302,108.3,4,1,0.346,0.32160947730253125,1,97.47,0.0692,0.25949999999999995
702,5,0.337,434,155.6,2,1,0.422,0.30496149405632056,1,140.04,0.0844,0.3165
702,6,0.337,562,201.5,3,0,,0.15906010694927794,1,181.35,,
702,7,0.337,229,82.1,1,1,0.269,0.24300321708499337,1,82.1,0.05380000000000001,0.20175
702,8,0.337,559,200.4,5,0,,0.3846651040800558,1,180.36,,
703,1,0.126,231,110.8,5,1,0.402,0.2975907631132695,1,110.8,0.08040000000000001,0.3015
703,2,0.126,475,227.8,4,0,,0.11624746162543766,1,205.02,,
703,3,0.126,476,228.2,5,0,,0.15878110735741233,0,205.38,,
703,4,0.126,463,222.0,3,0,,0.22124781569528054,0,199.8,,
703,5,0.126,103,49.4,1,0,,0.044910606379975015,0,49.4,,
703,6,0.126,392,188.0,1,0,,0.16268140432854422,0,169.20000000000002,,
703,7,0.126,211,101.2,1,1,0.33,0.05195098936678415,1,101.2,0.066,0.2475
703,8,0.126,200,95.9,3,1,0.408,0.21248244384910114,1,95.9,0.0816,0.306
704,1,0.187,404,176.5,5,1,0.367,0.20214030479517325,0,158.85,0.0734,
704,2,0.187,133,58.1,1,1,0.346,0.216845181398144,1,58.1,0.0692,0.25949999999999995
704,3,0.187,353,154.2,6,1,0.263,0.10874014025814109,1,138.78,0.05260000000000001,0.19725
704,4,0.187,273,119.3,2,1,0.354,0.25770323596107847,1,119.3,0.0708,0.26549999999999996
704,5,0.187,176,76.9,3,1,0.465,0.3954712921231016,1,76.9,0.09300000000000001,0.34875
704,6,0.187,497,217.1,4,0,,0.08620883045717938,1,195.39,,
704,7,0.187,356,155.5,2,1,0.365,0.15302409923524762,1,139.95000000000002,0.073,0.27375
704,8,0.187,454,198.3,5,1,0.365,0.21016074741680918,0,178.47000000000003,0.073,
705,1,0.309,244,90.5,5,1,0.426,0.38764062119958165,1,90.5,0.0852,0.3195
705,2,0.309,259,96.0,3,1,0.299,0.2530453714710531,1,96.0,0.0598,0.22425
705,3,0.309,172,63.8,3,1,0.152,0.025696970985725986,1,63.8,0.0304,0.11399999999999999
705,4,0.309,124,46.0,5,1,0.334,0.44491894941640253,1,46.0,0.06680000000000001,0.2505
705,5,0.309,171,63.4,8,1,0.329,0.3850506119584143,1,63.4,0.06580000000000001,0.24675000000000002
705,6,0.309,254,94.2,4,1,0.427,0.13470524695133348,1,94.2,0.0854,0.32025
705,7,0.309,413,153.1,7,0,,0.24824312082204442,0,137.79,,
705,8,0.309,370,137.2,4,1,0.4,0.4658182429527326,1,123.47999999999999,0.08000000000000002,0.30000000000000004
706,1,0.161,483,219.2,2,0,,0.3057796418457866,1,197.28,,
706,2,0.161,122,55.4,3,1,0.241,0.25486400226789446,1,55.4,0.0482,0.18075
706,3,0.161,436,197.9,4,0,,0.14338875660401373,0,178.11,,
706,4,0.161,181,82.1,1,1,0.461,0.169298741881251,1,82.1,0.0922,0.34575
706,5,0.161,127,57.6,5,1,0.34,0.14790741948738736,1,57.6,0.068,0.255
706,6,0.161,268,121.6,3,1,0.492,0.27382397832688377,1,121.6,0.0984,0.369
706,7,0.161,328,148.8,3,1,0.314,0.07341575935048898,0,133.92000000000002,0.06280000000000001,
706,8,0.161,136,61.7,3,1,0.342,0.08042003451157953,1,61.7,0.0684,0.2565
707,1,0.156,525,240.1,1,0,,0.25702745868360155,0,216.09,,
707,2,0.156,170,77.7,5,1,0.336,0.15156385444884385,1,77.7,0.06720000000000001,0.252
707,3,0.156,171,78.2,3,1,0.167,0.2938467355453808,1,78.2,0.033400000000000006,0.12525
707,4,0.156,595,272.1,2,0,,0.08884877930194543,1,244.89000000000001,,
707,5,0.156,470,214.9,6,0,,0.15052216396611748,1,193.41,,
707,6,0.156,317,145.0,4,1,0.337,0.06375870151560467,0,130.5,0.0674,
707,7,0.156,250,114.3,4,1,0.255,0.15673626814235672,1,114.3,0.051000000000000004,0.19125
707,8,0.156,142,64.9,4,1,0.391,0.008145306300120114,1,64.9,0.0782,0.29325
708,1,0.489,176,53.4,3,1,0.532,0.4402366579045037,1,53.4,0.10640000000000001,0.399
708,2,0.489,311,94.3,7,1,0.652,0.34537461350718823,1,84.87,0.13040000000000002,0.489
708,3,0.489,388,117.7,4,0,,0.5583923233191258,1,105.93,,
708,4,0.489,500,151.6,5,0,,0.5606589339759651,1,136.44,,
708,5,0.489,382,115.9,2,0,,0.31597372695156545,1,104.31,,
708,6,0.489,182,55.2,8,1,0.691,0.6223885745500572,1,55.2,0.1382,0.51825
708,7,0.489,396,120.1,7,0,,0.7387415126419854,1,108.09,,
708,8,0.489,264,80.1,2,1,0.526,0.4936006386736341,1,80.1,0.10520000000000002,0.3945
709,1,0.041,242,134.3,4,1,0.252,0.0,1,134.3,0.0504,0.189
709,2,0.041,340,188.7,1,1,0.507,0.3234330591003046,1,169.82999999999998,0.1014,0.38025
709,3,0.041,565,313.5,2,0,,0.0,1,282.15000000000003,,
709,4,0.041,105,58.3,6,1,0.343,0.04301064668690984,1,58.3,0.06860000000000001,0.25725000000000003
709,5,0.041,291,161.5,5,1,0.046,0.05896222726319235,1,161.5,0.0092,0.0345
709,6,0.041,102,56.6,1,1,0.231,0.17551476204524147,1,56.6,0.046200000000000005,0.17325000000000002
709,7,0.041,180,99.9,3,1,0.3,0.07697389751267884,1,99.9,0.06,0.22499999999999998
709,8,0.041,569,315.8,4,0,,0.0,0,284.22,,
710,1,0.501,128,38.3,6,1,0.65,0.40588156296120437,1,38.3,0.13,0.48750000000000004
710,2,0.501,248,74.3,10,1,0.657,0.46681781797538646,1,74.3,0.13140000000000002,0.49275
710,3,0.501,488,146.2,4,0,,0.4003072639054856,1,131.57999999999998,,
710,4,0.501,187,56.0,2,1,0.639,0.5057825319784683,1,56.0,0.1278,0.47925
710,5,0.501,214,64.1,3,1,0.704,0.44458038201395134,1,64.1,0.1408,0.528
710,6,0.501,375,112.4,5,1,0.584,0.3515962206710249,1,101.16000000000001,0.1168,0.43799999999999994
710,7,0.501,171,51.2,2,1,0.604,0.6265145788374904,1,51.2,0.1208,0.45299999999999996
710,8,0.501,298,89.3,9,1,0.524,0.4512327476570961,1,89.3,0.1048,0.393
711,1,0.125,418,200.5,1,0,,0.0,0,180.45000000000002,,
711,2,0.125,106,50.8,3,1,0.122,0.10817408655124584,1,50.8,0.0244,0.0915
711,3,0.125,485,232.6,3,0,,0.13183715659676587,0,209.34,,
711,4,0.125,573,274.8,1,0,,0.0,1,247.32000000000002,,
711,5,0.125,492,236.0,2,1,0.342,0.1581647667125763,1,212.4,0.0684,0.2565
711,6,0.125,109,52.3,3,1,0.467,0.020284243130973545,1,52.3,0.09340000000000001,0.35025
711,7,0.125,502,240.8,4,0,,0.29610288091907877,0,216.72000000000003,,
711,8,0.125,353,169.3,5,1,0.415,0.1773960512076735,0,152.37,0.083,
712,1,0.378,297,101.4,2,1,0.486,0.33801000098906836,1,101.4,0.09720000000000001,0.3645
712,2,0.378,336,114.8,7,1,0.387,0.30348322296826497,1,103.32,0.07740000000000001,0.29025
712,3,0.378,237,80.9,5,1,0.395,0.3675032292436376,1,80.9,0.07900000000000001,0.29625
712,4,0.378,496,169.4,0,0,,0.439279074158329,1,152.46,,
712,5,0.378,180,61.5,7,1,0.424,0.37545058714148005,1,61.5,0.0848,0.318
712,6,0.378,375,128.1,4,1,0.316,0.3562841192863143,1,115.28999999999999,0.0632,0.237
712,7,0.378,193,65.9,5,0,,0.38383702908178957,0,65.9,,
712,8,0.378,324,110.7,6,1,0.538,0.31761410687630454,1,99.63000000000001,0.10760000000000002,0.4035
713,1,0.322,255,93.0,3,1,0.517,0.28767940731569625,1,93.0,0.1034,0.38775000000000004
713,2,0.322,249,90.9,3,1,0.448,0.11342075610949959,1,90.9,0.08960000000000001,0.336
713,3,0.322,337,123.0,3,1,0.627,0.4193726230852368,0,110.7,0.1254,
713,4,0.322,205,74.8,4,1,0.468,0.3518797780321762,1,74.8,0.09360000000000002,0.35100000000000003
713,5,0.322,162,59.1,5,1,0.488,0.244654415596657,1,59.1,0.0976,0.366
713,6,0.322,235,85.7,4,1,0.315,0.511873498135524,1,85.7,0.063,0.23625000000000002
713,7,0.322,481,175.5,2,0,,0.3307016480392387,0,157.95000000000002,,
713,8,0.322,392,143.0,9,1,0.513,0.21838564280248032,1,128.70000000000002,0.10260000000000001,0.38475000000000004
714,1,0.121,479,231.3,1,0,,0.20667374214704584,1,208.17000000000002,,
714,2,0.121,547,264.1,5,0,,0.16080482165092624,1,237.69000000000003,,
714,3,0.121,366,176.7,3,1,0.32,0.16045799854842194,0,159.03,0.064,
714,4,0.121,176,85.0,3,1,0.252,0.07842443953484093,1,85.0,0.0504,0.189
714,5,0.121,591,285.3,4,0,,0.16604957237780346,0,256.77000000000004,,
714,6,0.121,109,52.6,2,1,0.31,0.09482417097789055,1,52.6,0.062,0.23249999999999998
714,7,0.121,434,209.5,8,0,,0.17659414516458422,1,188.55,,
714,8,0.121,439,212.0,2,0,,0.0,1,190.8,,
715,1,0.165,322,145.3,2,1,0.126,0.1216126537020811,0,130.77,0.0252,
715,2,0.165,211,95.2,5,1,0.2,0.3372155097808195,1,95.2,0.04000000000000001,0.15000000000000002
715,3,0.165,529,238.7,3,1,0.312,0.08829325445996995,1,214.82999999999998,0.062400000000000004,0.23399999999999999
715,4,0.165,136,61.4,2,1,0.432,0.10461617025068135,1,61.4,0.0864,0.324
715,5,0.165,558,251.8,3,0,,0.1202038661550025,0,226.62,,
715,6,0.165,532,240.1,2,0,,0.043519386411135674,0,216.09,,
715,7,0.165,337,152.1,5,0,,0.0,1,136.89,,
715,8,0.165,243,109.7,4,1,0.373,0.14194136014763872,1,109.7,0.0746,0.27975
716,1,0.421,487,158.6,7,0,,0.43458594240816567,1,142.74,,
716,2,0.421,183,59.6,5,1,0.519,0.41574949314613474,1,59.6,0.1038,0.38925
716,3,0.421,199,64.8,4,1,0.551,0.4065121438052113,1,64.8,0.11020000000000002,0.41325
716,4,0.421,105,34.2,6,1,0.462,0.42530408708503875,1,34.2,0.09240000000000001,0.34650000000000003
716,5,0.421,367,119.5,4,0,,0.5232841471550764,0,107.55,,
716,6,0.421,159,51.8,4,1,0.44,0.4019553814070783,1,51.8,0.08800000000000001,0.33
716,7,0.421,412,134.2,2,0,,0.363591742291273,1,120.77999999999999,,
716,8,0.421,138,44.9,8,1,0.607,0.39288745151119137,1,44.9,0.12140000000000001,0.45525
717,1,0.223,463,192.1,5,0,,0.28093467597567756,1,172.89,,
717,2,0.223,326,135.3,8,1,0.325,0.36420268785432497,0,121.77000000000001,0.065,
717,3,0.223,453,187.9,3,0,,0.16018562608308218,0,169.11,,
717,4,0.223,286,118.7,2,1,0.431,0.23289337870288837,1,118.7,0.0862,0.32325
717,5,0.223,173,71.8,2,1,0.133,0.25683574419359595,1,71.8,0.026600000000000002,0.09975
717,6,0.223,318,131.9,4,1,0.33,0.1237421993271177,0,118.71000000000001,0.066,
717,7,0.223,384,159.3,6,0,,0.2250417167212918,1,143.37,,
717,8,0.223,566,234.8,2,0,,0.07643261426579048,1,211.32000000000002,,
718,1,0.748,504,121.2,3,0,,0.5710949696260601,1,109.08,,
718,2,0.748,530,127.5,10,1,0.737,0.7846746407892257,1,114.75,0.1474,0.55275
718,3,0.748,213,51.2,9,1,0.56,0.7096125258669217,1,51.2,0.11200000000000002,0.42000000000000004
718,4,0.748,205,49.3,9,1,0.775,0.7682280407621219,1,49.3,0.15500000000000003,0.58125
718,5,0.748,530,127.5,8,0,,0.746210502299165,1,114.75,,
718,6,0.748,214,51.5,6,1,0.863,0.6503599951336203,1,51.5,0.1726,0.64725
718,7,0.748,213,51.2,9,1,0.964,0.7434745698035663,1,51.2,0.1928,0.723
718,8,0.748,120,28.9,5,1,0.881,0.6246898694985145,1,28.9,0.17620000000000002,0.66075
719,1,0.177,455,201.8,7,0,,0.31609723580014004,1,181.62,,
719,2,0.177,429,190.2,2,0,,0.041402965514003603,0,171.18,,
719,3,0.177,164,72.7,5,1,0.385,0.15742147290314185,1,72.7,0.07700000000000001,0.28875
719,4,0.177,132,58.5,4,1,0.377,0.07277284119527515,1,58.5,0.07540000000000001,0.28275
719,5,0.177,510,226.2,1,0,,0.23404211733607955,1,203.57999999999998,,
719,6,0.177,300,133.0,3,1,0.3,0.1438568628718497,1,133.0,0.06,0.22499999999999998
719,7,0.177,345,153.0,1,1,0.4,0.12513332803787897,1,137.70000000000002,0.08000000000000002,0.30000000000000004
719,8,0.177,347,153.9,0,1,0.386,0.26232015450515545,0,138.51000000000002,0.0772,
720,1,0.169,217,97.3,2,1,0.49,0.17194305916775524,1,97.3,0.098,0.3675
720,2,0.169,273,122.3,4,1,0.265,0.22066444459359674,1,122.3,0.053000000000000005,0.19875
720,3,0.169,311,139.4,2,1,0.242,0.07086740634825353,1,125.46000000000001,0.0484,0.1815
720,4,0.169,524,234.8,3,0,,0.028518305607249328,1,211.32000000000002,,
720,5,0.169,391,175.2,5,1,0.145,0.17972079620401338,1,157.68,0.028999999999999998,0.10874999999999999
720,6,0.169,425,190.5,4,1,0.325,0.13711536445052688,1,171.45000000000002,0.065,0.24375000000000002
720,7,0.169,297,133.1,3,1,0.134,0.23164346724539442,1,133.1,0.026800000000000004,0.1005
720,8,0.169,162,72.6,6,1,0.339,0.16100915473374505,1,72.6,0.06780000000000001,0.25425000000000003
721,1,0.101,511,255.0,8,0,,0.121507533923463,1,229.5,,
721,2,0.101,432,215.6,3,1,0.452,0.0,1,194.04,0.09040000000000001,0.339
721,3,0.101,411,205.1,5,0,,0.2898436939614257,0,184.59,,
721,4,0.101,422,210.6,5,0,,0.08457580149679682,0,189.54,,
721,5,0.101,101,50.4,3,1,0.267,0.1707586970339199,1,50.4,0.0534,0.20025
721,6,0.101,579,288.9,3,0,,0.017390832978037354,0,260.01,,
721,7,0.101,449,224.0,3,1,0.425,0.1318009902217341,1,201.6,0.085,0.31875
721,8,0.101,160,79.8,2,1,0.226,0.0,1,79.8,0.045200000000000004,0.1695
722,1,0.155,217,99.4,3,1,0.207,0.2002067838259671,1,99.4,0.0414,0.15525
722,2,0.155,456,208.8,3,0,,0.11940259156141672,0,187.92000000000002,,
722,3,0.155,224,102.6,3,1,0.373,0.15791905039355675,1,102.6,0.0746,0.27975
722,4,0.155,499,228.5,5,0,,0.22479740301300977,1,205.65,,
722,5,0.155,174,79.7,2,1,0.47,0.03174596887797197,1,79.7,0.094,0.3525
722,6,0.155,173,79.2,5,1,0.422,0.0865508269387203,1,79.2,0.0844,0.3165
722,7,0.155,252,115.4,2,1,0.38,0.20073242810867656,1,115.4,0.07600000000000001,0.28500000000000003
722,8,0.155,337,154.3,8,1,0.306,0.3648221474546747,0,138.87,0.061200000000000004,
723,1,0.252,397,158.4,5,0,,0.23819176653385182,0,142.56,,
723,2,0.252,205,81.8,3,1,0.237,0.3111136117923933,1,81.8,0.0474,0.17775
723,3,0.252,482,192.4,1,1,0.435,0.241302853014152,1,173.16,0.08700000000000001,0.32625
723,4,0.252,454,181.2,5,0,,0.44622455947563,0,163.07999999999998,,
723,5,0.252,457,182.4,3,0,,0.07727783330347443,0,164.16,,
723,6,0.252,271,108.2,5,1,0.475,0.2614621044669358,1,108.2,0.095,0.35624999999999996
723,7,0.252,171,68.2,7,1,0.499,0.0894455966437939,1,68.2,0.0998,0.37424999999999997
723,8,0.252,285,113.7,5,1,0.403,0.0013428429463283043,1,113.7,0.0806,0.30225
724,1,0.699,432,108.1,5,0,,0.7287462053117816,1,97.28999999999999,,
724,2,0.699,101,25.3,3,1,0.681,0.7129497796147458,1,25.3,0.13620000000000002,0.51075
724,3,0.699,414,103.6,4,1,0.774,0.6705163062257798,1,93.24,0.15480000000000002,0.5805
724,4,0.699,193,48.3,6,1,0.756,0.6883805909960247,1,48.3,0.1512,0.567
724,5,0.699,202,50.5,2,1,0.792,1.0,1,15.149999999999999,0.1584,0.5940000000000001
724,6,0.699,592,148.1,6,0,,0.6731824861968565,1,133.29,,
724,7,0.699,377,94.3,7,1,0.872,0.7500124361250075,1,84.87,0.1744,0.654
724,8,0.699,150,37.5,6,1,0.71,0.6340635180386118,1,37.5,0.142,0.5325
725,1,0.163,474,214.5,5,0,,0.19252325750406032,0,193.05,,
725,2,0.163,425,192.3,1,0,,0.13917663249443826,1,173.07000000000002,,
725,3,0.163,199,90.1,3,1,0.265,0.121948151727027,1,90.1,0.053000000000000005,0.19875
725,4,0.163,439,198.7,6,1,0.239,0.3448898532200325,1,178.82999999999998,0.0478,0.17925
725,5,0.163,367,166.1,5,0,,0.28071849631843393,0,149.49,,
725,6,0.163,135,61.1,3,0,,0.17667466473992308,0,61.1,,
725,7,0.163,304,137.6,2,1,0.199,0.0,0,123.84,0.0398,
725,8,0.163,287,129.9,4,1,0.642,0.12689907767474304,1,129.9,0.12840000000000001,0.48150000000000004
726,1,0.036,458,256.4,5,0,,0.30630275644050836,0,230.76,,
726,2,0.036,417,233.5,6,0,,0.012933833336029182,0,210.15,,
726,3,0.036,554,310.2,2,0,,0.1463217572053658,1,279.18,,
726,4,0.036,337,188.7,3,0,,0.1801942401952601,1,169.82999999999998,,
726,5,0.036,357,199.9,2,0,,0.057896391585597506,0,179.91,,
726,6,0.036,140,78.4,5,1,0.146,0.0,1,78.4,0.0292,0.10949999999999999
726,7,0.036,459,257.0,2,0,,0.0,1,231.3,,
726,8,0.036,110,61.6,5,1,0.226,0.10441632086089545,1,61.6,0.045200000000000004,0.1695
727,1,0.187,488,213.1,3,0,,0.10552439971764518,0,191.79,,
727,2,0.187,128,55.9,4,1,0.365,0.20461504518876922,1,55.9,0.073,0.27375
727,3,0.187,294,128.4,5,1,0.336,0.06201796604106358,1,128.4,0.06720000000000001,0.252
727,4,0.187,166,72.5,3,1,0.508,0.16047624595297977,1,72.5,0.10160000000000001,0.381
727,5,0.187,298,130.2,2,1,0.428,0.19037190549010533,1,130.2,0.08560000000000001,0.321
727,6,0.187,483,211.0,2,0,,0.2138593581044298,1,189.9,,
727,7,0.187,589,257.2,7,0,,0.07551778126475857,1,231.48,,
727,8,0.187,380,166.0,0,1,0.226,0.3066910948761352,1,149.4,0.045200000000000004,0.1695
728,1,0.28,400,153.8,7,0,,0.2203105215268029,1,138.42000000000002,,
728,2,0.28,306,117.7,6,1,0.416,0.11255305395467549,0,105.93,0.0832,
728,3,0.28,175,67.3,8,1,0.475,0.26909765800365365,1,67.3,0.095,0.35624999999999996
728,4,0.28,251,96.5,2,1,0.387,0.28343753090264606,1,96.5,0.07740000000000001,0.29025
728,5,0.28,242,93.1,2,1,0.574,0.296058943317176,1,93.1,0.1148,0.4305
728,6,0.28,296,113.8,2,1,0.548,0.41621324036850793,1,113.8,0.10960000000000002,0.41100000000000003
728,7,0.28,364,140.0,6,0,,0.2563551163264141,0,126.0,,
728,8,0.28,205,78.8,4,1,0.319,0.2680380375631229,1,78.8,0.06380000000000001,0.23925000000000002
729,1,0.504,380,113.5,3,1,0.437,0.3936815618766907,1,102.15,0.0874,0.32775
729,2,0.504,239,71.4,6,1,0.675,0.5860553502887897,1,71.4,0.135,0.5062500000000001
729,3,0.504,502,150.0,10,0,,0.5224309064078103,1,135.0,,
729,4,0.504,313,93.5,9,1,0.754,0.46199722727058373,1,84.15,0.15080000000000002,0.5655
729,5,0.504,456,136.3,7,0,,0.31353253065345366,1,122.67000000000002,,
729,6,0.504,124,37.1,6,1,0.487,0.6484412195055087,1,37.1,0.0974,0.36524999999999996
729,7,0.504,379,113.2,4,1,0.729,0.3812320035543943,1,101.88000000000001,0.1458,0.54675
729,8,0.504,519,155.1,11,0,,0.44487219906302944,1,139.59,,
730,1,0.291,531,201.5,5,0,,0.3268344511076003,1,181.35,,
730,2,0.291,367,139.3,3,1,0.348,0.17134420713833132,1,125.37000000000002,0.0696,0.261
730,3,0.291,186,70.6,2,1,0.371,0.14164902217468564,1,70.6,0.0742,0.27825
730,4,0.291,580,220.1,2,0,,0.0786052417299335,1,198.09,,
730,5,0.291,515,195.4,5,0,,0.3630996952905636,1,175.86,,
730,6,0.291,439,166.6,2,0,,0.23648137552736778,1,149.94,,
730,7,0.291,573,217.4,5,0,,0.583727009247333,1,195.66,,
730,8,0.291,212,80.5,5,1,0.421,0.19156449343691262,1,80.5,0.0842,0.31575
731,1,0.214,252,105.9,0,1,0.47,0.12185489765710786,1,105.9,0.094,0.3525
731,2,0.214,452,190.0,5,1,0.209,0.15746070297145984,1,171.0,0.041800000000000004,0.15675
731,3,0.214,574,241.3,5,0,,0.2383134655138489,0,217.17000000000002,,
731,4,0.214,435,182.8,6,0,,0.16697966612146886,1,164.52,,
731,5,0.214,455,191.3,9,0,,0.2752332214002512,0,172.17000000000002,,
731,6,0.214,289,121.5,5,1,0.342,0.11614116100113456,1,121.5,0.0684,0.2565
731,7,0.214,502,211.0,3,0,,0.07584082815364188,1,189.9,,
731,8,0.214,144,60.5,4,1,0.436,0.03417852605908925,1,60.5,0.0872,0.327
732,1,0.174,294,130.8,4,1,0.49,0.0,1,130.8,0.098,0.3675
732,2,0.174,428,190.4,4,0,,0.12219309805249431,0,171.36,,
732,3,0.174,556,247.4,1,0,,0.1439019687606778,1,222.66,,
732,4,0.174,416,185.1,6,1,0.405,0.11085629725168165,0,166.59,0.08100000000000002,
732,5,0.174,192,85.4,4,1,0.305,0.2983405797187162,1,85.4,0.061,0.22875
732,6,0.174,243,108.1,2,1,0.153,0.2968030209608135,1,108.1,0.030600000000000002,0.11474999999999999
732,7,0.174,219,97.4,5,1,0.268,0.1405197012555498,1,97.4,0.05360000000000001,0.201
732,8,0.174,296,131.7,4,1,0.312,0.0,1,131.7,0.062400000000000004,0.23399999999999999
733,1,0.399,378,126.1,5,0,,0.34232948919449474,1,113.49,,
733,2,0.399,295,98.4,6,1,0.499,0.33901786060829386,1,98.4,0.0998,0.37424999999999997
733,3,0.399,515,171.8,1,0,,0.3332865037721942,1,154.62,,
733,4,0.399,470,156.8,2,0,,0.3292281096101755,1,141.12,,
733,5,0.399,277,92.4,2,1,0.417,0.3336537104275193,1,92.4,0.0834,0.31275
733,6,0.399,458,152.8,2,1,0.52,0.36034583841022405,1,137.52,0.10400000000000001,0.39
733,7,0.399,254,84.7,3,1,0.52,0.33544589011844433,1,84.7,0.10400000000000001,0.39
733,8,0.399,550,183.5,5,0,,0.41983225086255926,1,165.15,,
734,1,0.266,566,221.7,5,0,,0.30203687159048614,1,199.53,,
734,2,0.266,425,166.5,8,0,,0.174935491281751,0,149.85,,
734,3,0.266,208,81.5,4,0,,0.3931065326007034,0,81.5,,
734,4,0.266,437,171.2,7,0,,0.1679937698159386,1,154.07999999999998,,
734,5,0.266,209,81.9,4,1,0.429,0.10421993861846629,1,81.9,0.0858,0.32175
734,6,0.266,270,105.8,7,1,0.442,0.3040778071365052,1,105.8,0.0884,0.3315
734,7,0.266,349,136.7,2,1,0.455,0.18425918655856605,1,123.02999999999999,0.09100000000000001,0.34125
734,8,0.266,500,195.8,2,0,,0.2981291470757388,0,176.22000000000003,,
735,1,0.402,409,136.0,7,0,,0.161633139889947,1,122.4,,
735,2,0.402,336,111.7,8,0,,0.5412455941483068,1,100.53,,
735,3,0.402,303,100.8,3,1,0.354,0.4692293408040402,1,90.72,0.0708,0.26549999999999996
735,4,0.402,182,60.5,7,1,0.526,0.25195234508369985,1,60.5,0.10520000000000002,0.3945
735,5,0.402,242,80.5,6,1,0.475,0.2541222876153715,1,80.5,0.095,0.35624999999999996
735,6,0.402,526,174.9,6,1,0.359,0.5692265904097528,1,157.41,0.0718,0.26925
735,7,0.402,422,140.3,2,1,0.567,0.32826200965020413,0,126.27000000000001,0.1134,
735,8,0.402,275,91.5,7,1,0.624,0.31858151512673766,1,91.5,0.12480000000000001,0.46799999999999997
736,1,0.105,594,294.3,5,0,,0.0,1,264.87,,
736,2,0.105,357,176.9,3,0,,0.06992217943984458,0,159.21,,
736,3,0.105,285,141.2,6,1,0.225,0.08222803851642471,1,141.2,0.045000000000000005,0.16875
736,4,0.105,197,97.6,4,1,0.482,0.17654930967694854,1,97.6,0.0964,0.3615
736,5,0.105,187,92.7,4,1,0.176,0.0,1,92.7,0.0352,0.132
736,6,0.105,508,251.7,2,0,,0.0,1,226.53,,
736,7,0.105,504,249.8,5,0,,0.15009626347764768,1,224.82000000000002,,
736,8,0.105,133,65.9,3,1,0.344,0.20567300712270647,1,65.9,0.0688,0.258
737,1,0.19,125,54.4,1,1,0.179,0.03288476488821168,1,54.4,0.0358,0.13424999999999998
737,2,0.19,472,205.3,8,1,0.348,0.29815140862997414,0,184.77,0.0696,
737,3,0.19,405,176.2,2,1,0.471,0.19375418414868215,1,158.57999999999998,0.0942,0.35324999999999995
737,4,0.19,246,107.0,11,1,0.118,0.2991805339074646,1,107.0,0.0236,0.0885
737,5,0.19,422,183.6,7,0,,0.18297796384823833,1,165.24,,
737,6,0.19,530,230.6,8,0,,0.0,1,207.54,,
737,7,0.19,323,140.5,4,1,0.098,0.1748032617683961,0,126.45,0.019600000000000003,
737,8,0.19,334,145.3,5,1,0.385,0.29601438186712703,0,130.77,0.07700000000000001,
738,1,0.355,487,170.9,5,0,,0.26562539809162855,1,153.81,,
738,2,0.355,289,101.4,8,1,0.27,0.31620350310925477,1,101.4,0.054000000000000006,0.2025
738,3,0.355,479,168.1,2,0,,0.33738664964490217,1,151.29,,
738,4,0.355,519,182.1,6,0,,0.06504861201315176,0,163.89,,
738,5,0.355,129,45.3,5,1,0.482,0.5221347575437476,1,45.3,0.0964,0.3615
738,6,0.355,315,110.5,5,1,0.497,0.26486243201028253,1,99.45,0.0994,0.37275
738,7,0.355,243,85.3,5,1,0.287,0.4055735432472799,1,85.3,0.0574,0.21525
738,8,0.355,538,188.8,4,0,,0.3463298863851791,1,169.92000000000002,,
739,1,0.079,218,113.0,2,1,0.202,0.204761905635936,1,113.0,0.040400000000000005,0.15150000000000002
739,2,0.079,214,111.0,2,1,0.223,0.1196056122428081,1,111.0,0.0446,0.16725
739,3,0.079,423,219.4,3,1,0.298,0.05550757284790254,1,197.46,0.0596,0.22349999999999998
739,4,0.079,185,95.9,3,1,0.312,0.0,1,95.9,0.062400000000000004,0.23399999999999999
739,5,0.079,461,239.1,4,0,,0.1587850701382139,1,215.19,,
739,6,0.079,258,133.8,2,1,0.232,0.0,1,133.8,0.046400000000000004,0.17400000000000002
739,7,0.079,388,201.2,3,0,,0.14358904202758926,1,181.07999999999998,,
739,8,0.079,325,168.5,5,1,0.252,0.0,0,151.65,0.0504,
740,1,0.124,263,126.5,4,1,0.32,0.249228366195664,1,126.5,0.064,0.24
740,2,0.124,195,93.8,5,1,0.354,0.1401299542662695,1,93.8,0.0708,0.26549999999999996
740,3,0.124,219,105.4,5,1,0.289,0.18841237678501088,1,105.4,0.0578,0.21675
740,4,0.124,116,55.8,3,1,0.406,0.13219888138247193,1,55.8,0.08120000000000001,0.3045
740,5,0.124,357,171.8,2,1,0.285,0.0,1,154.62,0.056999999999999995,0.21375
740,6,0.124,315,151.6,2,1,0.195,0.037927083660466154,1,136.44,0.03900000000000001,0.14625
740,7,0.124,299,143.9,4,1,0.277,0.19123893376113826,1,143.9,0.055400000000000005,0.20775000000000002
740,8,0.124,310,149.2,2,0,,0.1406655817359844,0,134.28,,
741,1,0.241,176,71.2,2,1,0.315,0.3590989905305672,1,71.2,0.063,0.23625000000000002
741,2,0.241,266,107.6,4,1,0.08,0.28132745630371714,1,107.6,0.016,0.06
741,3,0.241,153,61.9,7,1,0.301,0.14432981092973401,1,61.9,0.060200000000000004,0.22575
741,4,0.241,287,116.1,3,0,,0.1613935862279366,0,116.1,,
741,5,0.241,139,56.2,6,1,0.377,0.2512917390523237,1,56.2,0.07540000000000001,0.28275
741,6,0.241,587,237.5,3,0,,0.009595593399989444,0,213.75,,
741,7,0.241,486,196.7,6,1,0.359,0.4083441885622985,0,177.03,0.0718,
741,8,0.241,105,42.5,4,1,0.53,0.2851746736377557,1,42.5,0.10600000000000001,0.3975
742,1,0.469,420,130.1,4,0,,0.5917034597048872,1,117.09,,
742,2,0.469,455,140.9,4,1,0.68,0.3109396059190831,1,126.81,0.136,0.51
742,3,0.469,293,90.7,4,1,0.48,0.5934565160355255,1,90.7,0.096,0.36
742,4,0.469,324,100.3,6,1,0.624,0.6921498911027748,1,90.27,0.12480000000000001,0.46799999999999997
742,5,0.469,398,123.2,4,0,,0.33691216446226824,1,110.88000000000001,,
742,6,0.469,518,160.4,8,1,0.513,0.5461401794903766,1,144.36,0.10260000000000001,0.38475000000000004
742,7,0.469,144,44.6,7,0,,0.4691109944687293,0,44.6,,
742,8,0.469,480,148.6,8,0,,0.3145566151751755,1,133.74,,
743,1,0.549,293,83.8,7,1,0.45,0.598288397185187,1,83.8,0.09000000000000001,0.3375
743,2,0.549,447,127.8,8,0,,0.6323603204837349,1,115.02,,
743,3,0.549,263,75.2,7,1,0.584,0.48888734473311535,1,75.2,0.1168,0.43799999999999994
743,4,0.549,262,74.9,11,1,0.755,0.6655916520255223,1,74.9,0.15100000000000002,0.56625
743,5,0.549,125,35.7,4,1,0.588,0.38232365932108026,1,35.7,0.1176,0.44099999999999995
743,6,0.549,364,104.1,1,0,,0.39952438535503565,1,93.69,,
743,7,0.549,292,83.5,11,1,0.551,0.5626597395588753,1,83.5,0.11020000000000002,0.41325
743,8,0.549,467,133.5,8,0,,0.5515385277972272,1,120.15,,
744,1,0.132,316,150.0,2,1,0.316,0.06034265115758948,0,135.0,0.0632,
744,2,0.132,559,265.3,2,0,,0.2129594435971886,0,238.77,,
744,3,0.132,434,206.0,5,0,,0.18508943142159495,0,185.4,,
744,4,0.132,146,69.3,4,1,0.438,0.2178139070934016,1,69.3,0.08760000000000001,0.3285
744,5,0.132,537,254.9,3,0,,0.11968635646477324,1,229.41,,
744,6,0.132,510,242.1,4,0,,0.1922580267978341,1,217.89,,
744,7,0.132,350,166.1,2,0,,0.08743496969700054,1,149.49,,
744,8,0.132,345,163.7,5,1,0.163,0.3373818690086596,1,147.32999999999998,0.032600000000000004,0.12225
745,1,0.299,411,154.3,5,0,,0.21774542298780142,0,138.87,,
745,2,0.299,575,215.9,3,0,,0.5095297429458312,0,194.31,,
745,3,0.299,178,66.8,8,1,0.408,0.30248879470894086,1,66.8,0.0816,0.306
745,4,0.299,517,194.1,4,0,,0.16144891104312573,1,174.69,,
745,5,0.299,286,107.4,3,1,0.453,0.43580793504886006,1,107.4,0.09060000000000001,0.33975
745,6,0.299,309,116.0,0,1,0.285,0.3115901388394959,0,104.4,0.056999999999999995,
745,7,0.299,175,65.7,10,1,0.505,0.3841124098380238,1,65.7,0.101,0.37875000000000003
745,8,0.299,268,100.6,7,1,0.6,0.42138559185425933,1,100.6,0.12,0.44999999999999996
746,1,0.515,463,136.9,8,1,0.609,0.5487955554145025,1,123.21000000000001,0.1218,0.45675
746,2,0.515,334,98.8,3,1,0.767,0.45577591551871854,1,88.92,0.1534,0.57525
746,3,0.515,310,91.7,3,1,0.765,0.6125713377669251,0,82.53,0.15300000000000002,
746,4,0.515,472,139.6,5,0,,0.5150755507454595,1,125.64,,
746,5,0.515,426,126.0,4,0,,0.5835857818608419,1,113.4,,
746,6,0.515,127,37.5,7,1,0.511,0.2996269426208539,1,37.5,0.10220000000000001,0.38325
746,7,0.515,151,44.6,8,1,0.711,0.5596981717009852,1,44.6,0.1422,0.53325
746,8,0.515,386,114.1,8,0,,0.45114141748549696,1,102.69,,
747,1,0.401,440,146.5,4,0,,0.5663309637178531,1,131.85,,
747,2,0.401,108,36.0,5,1,0.505,0.46330873478890955,1,36.0,0.101,0.37875000000000003
747,3,0.401,441,146.9,8,1,0.61,0.4249857745849297,1,132.21,0.122,0.4575
747,4,0.401,265,88.2,5,1,0.612,0.44963099933502215,1,88.2,0.12240000000000001,0.45899999999999996
747,5,0.401,346,115.2,8,1,0.481,0.30115591471232817,1,103.68,0.09620000000000001,0.36075
747,6,0.401,111,37.0,8,1,0.511,0.5633256690528055,1,37.0,0.10220000000000001,0.38325
747,7,0.401,344,114.6,4,1,0.6,0.6001370418416905,1,103.14,0.12,0.44999999999999996
747,8,0.401,595,198.1,4,1,0.512,0.44029135105482164,1,178.29,0.1024,0.384
748,1,0.284,159,60.8,8,1,0.322,0.44304035685736387,1,60.8,0.0644,0.2415
748,2,0.284,214,81.9,5,1,0.318,0.2270851801327466,1,81.9,0.0636,0.2385
748,3,0.284,239,91.4,3,0,,0.2042886433775019,0,91.4,,
748,4,0.284,288,110.2,5,1,0.402,0.28809247487289225,1,110.2,0.08040000000000001,0.3015
748,5,0.284,350,133.9,8,0,,0.32749410383678984,1,120.51,,
748,6,0.284,399,152.6,4,0,,0.24460133187568794,0,137.34,,
748,7,0.284,322,123.2,5,0,,0.33777681903684836,0,110.88000000000001,,
748,8,0.284,137,52.4,3,1,0.577,0.3146389482073414,1,52.4,0.1154,0.43274999999999997
749,1,0.318,497,182.4,5,0,,0.2181693224708945,1,164.16,,
749,2,0.318,397,145.7,3,1,0.458,0.36987930174517214,1,131.13,0.09160000000000001,0.3435
749,3,0.318,343,125.9,1,1,0.477,0.40435282425215213,0,113.31,0.0954,
749,4,0.318,536,196.7,8,0,,0.3351469317590391,1,177.03,,
749,5,0.318,574,210.6,4,0,,0.43326481032616926,1,189.54,,
749,6,0.318,434,159.3,4,0,,0.1962596206503048,1,143.37,,
749,7,0.318,284,104.2,7,1,0.46,0.36479504221318515,1,104.2,0.09200000000000001,0.34500000000000003
749,8,0.318,312,114.5,4,1,0.424,0.20097192936032252,0,103.05,0.0848,
750,1,0.138,348,163.5,1,1,0.243,0.02659186417669125,1,147.15,0.048600000000000004,0.18225
750,2,0.138,183,86.0,4,1,0.485,0.07490691662622101,1,86.0,0.097,0.36375
750,3,0.138,425,199.7,3,1,0.159,0.043793981642575516,1,179.73,0.0318,0.11925
750,4,0.138,197,92.6,3,1,0.348,0.08320041812588623,1,92.6,0.0696,0.261
750,5,0.138,570,267.8,1,0,,0.11658496892888114,1,241.02,,
750,6,0.138,358,168.2,1,1,0.286,0.22171544863313847,1,151.38,0.0572,0.21449999999999997
750,7,0.138,321,150.8,2,1,0.289,0.10588409612942976,0,135.72000000000003,0.0578,
750,8,0.138,145,68.1,4,1,0.449,0.0,1,68.1,0.0898,0.33675
751,1,0.201,515,220.4,4,0,,0.31500678464951604,1,198.36,,
751,2,0.201,411,175.9,5,0,,0.11729098663849605,1,158.31,,
751,3,0.201,462,197.7,1,0,,0.19512795728953714,1,177.93,,
751,4,0.201,253,108.3,4,1,0.198,0.24565365069407116,1,108.3,0.0396,0.14850000000000002
751,5,0.201,217,92.9,6,1,0.446,0.2209610418402783,1,92.9,0.0892,0.3345
751,6,0.201,150,64.2,4,1,0.237,0.31041795475214756,1,64.2,0.0474,0.17775
751,7,0.201,337,144.2,7,1,0.389,0.2489003143392759,1,129.78,0.07780000000000001,0.29175
751,8,0.201,349,149.4,3,0,,0.1148690420302892,0,134.46,,
752,1,0.242,266,107.6,2,1,0.47,0.45985621739916616,1,107.6,0.094,0.3525
752,2,0.242,311,125.8,2,1,0.625,0.2614333463338233,0,113.22,0.125,
752,3,0.242,250,101.1,0,1,0.409,0.22726597733784937,1,101.1,0.0818,0.30674999999999997
752,4,0.242,164,66.3,5,1,0.41,0.3383925423055571,1,66.3,0.082,0.3075
752,5,0.242,338,136.7,5,0,,0.2669450945930072,1,123.02999999999999,,
752,6,0.242,382,154.5,4,1,0.429,0.2819228192939327,1,139.05,0.0858,0.32175
752,7,0.242,599,242.2,3,0,,0.49121839986006866,1,217.98,,
752,8,0.242,580,234.5,0,0,,0.2144878571744953,1,211.05,,
753,1,0.23,231,95.0,2,1,0.397,0.19822391059826042,1,95.0,0.07940000000000001,0.29775
753,2,0.23,566,232.7,7,0,,0.2416578512012464,0,209.43,,
753,3,0.23,541,222.5,7,1,0.404,0.33715159355810387,1,200.25,0.08080000000000001,0.30300000000000005
753,4,0.23,590,242.6,10,0,,0.07934659698096008,0,218.34,,
753,5,0.23,377,155.0,4,1,0.347,0.033444410852349477,0,139.5,0.0694,
753,6,0.23,345,141.9,3,0,,0.17128847293798524,0,127.71000000000001,,
753,7,0.23,561,230.7,4,0,,0.06660770409407127,1,207.63,,
753,8,0.23,409,168.2,4,0,,0.18751686524743616,1,151.38,,
754,1,0.216,420,176.1,3,1,0.331,0.266249969612929,1,158.49,0.06620000000000001,0.24825000000000003
754,2,0.216,537,225.1,3,0,,0.12692511364477363,0,202.59,,
754,3,0.216,582,244.0,3,0,,0.07331734232186576,0,219.6,,
754,4,0.216,478,200.4,6,1,0.293,0.2229337161715348,1,180.36,0.0586,0.21975
754,5,0.216,260,109.0,5,0,,0.302254348461517,0,109.0,,
754,6,0.216,581,243.5,9,0,,0.046502656148338734,1,219.15,,
754,7,0.216,439,184.0,3,0,,0.2980232398305984,1,165.6,,
754,8,0.216,244,102.3,4,1,0.267,0.29773062037383263,1,102.3,0.0534,0.20025
755,1,0.123,482,232.1,6,0,,0.21840851021566282,1,208.89,,
755,2,0.123,522,251.3,3,0,,0.24484802148716867,0,226.17000000000002,,
755,3,0.123,304,146.4,4,1,0.258,0.3432013924659616,1,131.76000000000002,0.05160000000000001,0.1935
755,4,0.123,595,286.5,2,0,,0.08739079513809447,1,257.85,,
755,5,0.123,357,171.9,2,1,0.09,0.13395715800778582,0,154.71,0.018,
755,6,0.123,184,88.6,3,1,0.182,0.08135615667519744,1,88.6,0.0364,0.1365
755,7,0.123,206,99.2,3,1,0.315,0.12319768447558108,1,99.2,0.063,0.23625000000000002
755,8,0.123,139,66.9,5,1,0.332,0.27628733556363116,1,66.9,0.0664,0.249
756,1,0.516,148,43.7,7,1,0.538,0.38149855160693313,1,43.7,0.10760000000000002,0.4035
756,2,0.516,469,138.5,10,0,,0.42989503278344243,1,124.65,,
756,3,0.516,410,121.1,11,1,0.636,0.6537180936504562,1,108.99,0.1272,0.477
756,4,0.516,179,52.9,4,1,0.648,0.618003650690209,1,52.9,0.12960000000000002,0.486
756,5,0.516,435,128.4,5,1,0.722,0.4796868353182922,1,115.56,0.1444,0.5415
756,6,0.516,573,169.2,6,0,,0.601440200112072,1,152.28,,
756,7,0.516,376,111.0,5,0,,0.5501215842492033,1,99.9,,
756,8,0.516,297,87.7,5,1,0.551,0.6660274609000988,1,87.7,0.11020000000000002,0.41325
757,1,0.262,332,130.7,4,1,0.255,0.26945095938267727,0,117.63,0.051000000000000004,
757,2,0.262,144,56.7,4,1,0.46,0.3645632113872582,1,56.7,0.09200000000000001,0.34500000000000003
757,3,0.262,255,100.4,5,1,0.385,0.5262011910492621,1,100.4,0.07700000000000001,0.28875
757,4,0.262,218,85.8,7,1,0.346,0.32180991550474664,1,85.8,0.0692,0.25949999999999995
757,5,0.262,545,214.5,0,0,,0.26693281657948437,1,193.05,,
757,6,0.262,232,91.3,4,1,0.306,0.3342446985220979,1,91.3,0.061200000000000004,0.22949999999999998
757,7,0.262,552,217.2,5,0,,0.22547191417961152,0,195.48,,
757,8,0.262,407,160.2,7,0,,0.5007967705524732,0,144.18,,
758,1,0.231,464,190.4,4,0,,0.24900710376959817,1,171.36,,
758,2,0.231,354,145.3,4,0,,0.2037066679774487,0,130.77,,
758,3,0.231,415,170.3,6,1,0.414,0.14743109949799638,1,153.27,0.0828,0.3105
758,4,0.231,376,154.3,2,1,0.17,0.3407220191606438,1,138.87,0.034,0.1275
758,5,0.231,488,200.3,10,0,,0.3177187412827739,1,180.27,,
758,6,0.231,174,71.4,8,1,0.385,0.1812645628585907,1,71.4,0.07700000000000001,0.28875
758,7,0.231,132,54.2,4,1,0.425,0.2886451345122423,1,54.2,0.085,0.31875
758,8,0.231,373,153.1,7,0,,0.08014440317871435,1,137.79,,
759,1,0.096,126,63.4,3,1,0.307,0.11449705750731563,1,63.4,0.0614,0.23025
759,2,0.096,574,288.9,5,0,,0.14127563520766945,0,260.01,,
759,3,0.096,476,239.6,3,0,,0.2667329809559223,0,215.64,,
759,4,0.096,552,277.9,3,0,,0.01891811972713106,1,250.10999999999999,,
759,5,0.096,191,96.1,0,1,0.377,0.0,1,96.1,0.07540000000000001,0.28275
759,6,0.096,346,174.2,6,1,0.363,0.006457203907495823,1,156.78,0.0726,0.27225
759,7,0.096,546,274.9,0,0,,0.0,1,247.41,,
759,8,0.096,416,209.4,3,1,0.227,0.22966573577589833,0,188.46,0.0454,
760,1,0.34,238,85.0,2,1,0.503,0.4948639295024037,1,85.0,0.10060000000000001,0.37725
760,2,0.34,322,115.0,4,1,0.348,0.37202165779488294,1,103.5,0.0696,0.261
760,3,0.34,108,38.6,5,1,0.527,0.4621294945685148,1,38.6,0.10540000000000001,0.39525
760,4,0.34,260,92.8,1,1,0.396,0.35339583805802355,1,92.8,0.0792,0.29700000000000004
760,5,0.34,517,184.6,3,0,,0.33048883522992345,0,166.14,,
760,6,0.34,519,185.3,2,0,,0.3066962380946239,1,166.77,,
760,7,0.34,583,208.1,7,0,,0.3089609008622435,1,187.29,,
760,8,0.34,444,158.5,8,0,,0.1852198443690969,0,142.65,,
761,1,0.157,455,207.8,5,0,,0.18342547636073392,1,187.02,,
761,2,0.157,476,217.4,5,0,,0.15296660897859563,1,195.66,,
761,3,0.157,112,51.1,3,1,0.29,0.23153607240778756,1,51.1,0.057999999999999996,0.21749999999999997
761,4,0.157,244,111.4,2,1,0.354,0.16635234964386098,1,111.4,0.0708,0.26549999999999996
761,5,0.157,280,127.9,4,1,0.391,0.14072962984309081,1,127.9,0.0782,0.29325
761,6,0.157,380,173.5,4,0,,0.06988069699923692,1,156.15,,
761,7,0.157,548,250.2,6,0,,0.16421532368217615,1,225.18,,
761,8,0.157,432,197.3,4,0,,0.2308237230816162,0,177.57000000000002,,
762,1,0.162,127,57.6,5,1,0.331,0.047666100891613924,1,57.6,0.06620000000000001,0.24825000000000003
762,2,0.162,439,198.9,4,1,0.257,0.17074737536807394,0,179.01000000000002,0.0514,
762,3,0.162,202,91.5,1,1,0.307,0.18530429515294838,1,91.5,0.0614,0.23025
762,4,0.162,316,143.2,3,1,0.307,0.09019352163817357,1,128.88,0.0614,0.23025
762,5,0.162,577,261.5,5,0,,0.10321436950919999,0,235.35,,
762,6,0.162,116,52.6,3,1,0.296,0.18506108487662146,1,52.6,0.0592,0.22199999999999998
762,7,0.162,477,216.2,4,0,,0.04865789817073771,1,194.57999999999998,,
762,8,0.162,478,216.6,5,0,,0.19699237152493926,0,194.94,,
763,1,0.195,132,57.0,6,1,0.396,0.10546456263408,1,57.0,0.0792,0.29700000000000004
763,2,0.195,525,226.7,3,0,,0.30128536930332167,0,204.03,,
763,3,0.195,259,111.9,0,1,0.399,0.42878277453883,1,111.9,0.07980000000000001,0.29925
763,4,0.195,389,168.0,5,1,0.199,0.10892431982981804,0,151.20000000000002,0.0398,
763,5,0.195,326,140.8,9,1,0.531,0.24842078623746747,1,126.72000000000001,0.10620000000000002,0.39825
763,6,0.195,168,72.6,7,1,0.328,0.12232580951179807,1,72.6,0.0656,0.246
763,7,0.195,165,71.3,1,1,0.519,0.29909541737977896,1,71.3,0.1038,0.38925
763,8,0.195,235,101.5,1,1,0.219,0.0684741590914785,1,101.5,0.043800000000000006,0.16425
764,1,0.389,332,112.0,3,0,,0.43705867584277125,1,100.8,,
764,2,0.389,126,42.5,4,1,0.416,0.30170110331106476,1,42.5,0.0832,0.312
764,3,0.389,178,60.1,8,1,0.429,0.3683015410901631,1,60.1,0.0858,0.32175
764,4,0.389,410,138.4,4,0,,0.2858974724852693,1,124.56,,
764,5,0.389,205,69.2,3,1,0.473,0.47123504708957537,1,69.2,0.0946,0.35475
764,6,0.389,470,158.6,5,0,,0.3053019645560413,1,142.74,,
764,7,0.389,131,44.2,5,1,0.519,0.44419642593318276,1,44.2,0.1038,0.38925
764,8,0.389,337,113.7,6,0,,0.3545901971737667,1,102.33,,
765,1,0.324,239,87.0,4,1,0.497,0.31255276282011374,1,87.0,0.0994,0.37275
765,2,0.324,370,134.7,3,1,0.592,0.33877559074001284,1,121.22999999999999,0.1184,0.44399999999999995
765,3,0.324,583,212.3,2,0,,0.24781753283411512,0,191.07000000000002,,
765,4,0.324,331,120.5,5,1,0.604,0.3450367113540887,1,108.45,0.1208,0.45299999999999996
765,5,0.324,279,101.6,2,1,0.697,0.47703345643544115,1,101.6,0.1394,0.5227499999999999
765,6,0.324,277,100.8,5,1,0.358,0.2461905214167286,1,100.8,0.0716,0.26849999999999996
765,7,0.324,321,116.9,2,1,0.589,0.4411810143273845,1,105.21000000000001,0.1178,0.44175
765,8,0.324,563,205.0,1,1,0.518,0.47380976334877845,1,184.5,0.10360000000000001,0.3885
766,1,0.057,108,58.2,1,1,0.23,0.0,1,58.2,0.046000000000000006,0.17250000000000001
766,2,0.057,364,196.1,5,1,0.152,0.0,1,176.49,0.0304,0.11399999999999999
766,3,0.057,253,136.3,1,1,0.372,0.08719609001717647,1,136.3,0.07440000000000001,0.279
766,4,0.057,416,224.1,3,0,,0.0022592477233127004,1,201.69,,
766,5,0.057,519,279.6,4,0,,0.24386032191630025,0,251.64000000000001,,
766,6,0.057,230,123.9,1,1,0.298,0.060480754049983224,1,123.9,0.0596,0.22349999999999998
766,7,0.057,194,104.5,4,1,0.294,0.0,1,104.5,0.0588,0.22049999999999997
766,8,0.057,518,279.0,4,0,,0.0,1,251.1,,
767,1,0.507,242,72.1,4,1,0.612,0.6159904959090831,1,72.1,0.12240000000000001,0.45899999999999996
767,2,0.507,271,80.7,5,1,0.668,0.44988160259158133,1,80.7,0.13360000000000002,0.501
767,3,0.507,594,177.0,7,0,,0.5113828799460428,1,159.3,,
767,4,0.507,382,113.8,7,0,,0.6025802745112481,1,102.42,,
767,5,0.507,127,37.8,7,1,0.757,0.458574164806917,1,37.8,0.1514,0.56775
767,6,0.507,518,154.3,4,0,,0.502407117125984,1,138.87,,
767,7,0.507,527,157.0,3,0,,0.505343159017748,1,141.3,,
767,8,0.507,310,92.4,4,1,0.66,0.5753324511516091,1,83.16000000000001,0.132,0.495
768,1,0.304,375,139.9,7,1,0.489,0.3630744335510326,1,125.91000000000001,0.0978,0.36675
768,2,0.304,529,197.3,5,0,,0.28198862687451715,0,177.57000000000002,,
768,3,0.304,530,197.7,2,0,,0.3103649061496518,1,177.93,,
768,4,0.304,461,171.9,7,1,0.471,0.2668220988476512,1,154.71,0.0942,0.35324999999999995
768,5,0.304,289,107.8,2,1,0.538,0.1562387593080555,1,107.8,0.10760000000000002,0.4035
768,6,0.304,485,180.9,6,0,,0.3297600857398129,0,162.81,,
768,7,0.304,215,80.2,5,1,0.546,0.4932191760833068,1,80.2,0.10920000000000002,0.40950000000000003
768,8,0.304,409,152.5,5,0,,0.21562808593089372,1,137.25,,
769,1,0.297,554,208.5,4,0,,0.21969702903972968,1,187.65,,
769,2,0.297,372,140.0,6,0,,0.20992722283562584,1,126.0,,
769,3,0.297,373,140.4,7,1,0.518,0.36945917787231225,1,126.36000000000001,0.10360000000000001,0.3885
769,4,0.297,421,158.4,7,0,,0.341848545419644,0,142.56,,
769,5,0.297,407,153.2,4,0,,0.2811462307583543,1,137.88,,
769,6,0.297,418,157.3,5,1,0.548,0.2051980938361035,1,141.57000000000002,0.10960000000000002,0.41100000000000003
769,7,0.297,570,214.5,7,0,,0.3062376791639924,1,193.05,,
769,8,0.297,568,213.7,6,0,,0.14053778726641955,1,192.32999999999998,,
770,1,0.137,204,96.1,2,1,0.392,0.15134265668574934,1,96.1,0.07840000000000001,0.29400000000000004
770,2,0.137,157,74.0,6,1,0.322,0.22415243860879341,1,74.0,0.0644,0.2415
770,3,0.137,436,205.4,0,1,0.502,0.011880086336632206,1,184.86,0.1004,0.3765
770,4,0.137,462,217.7,4,0,,0.0,1,195.93,,
770,5,0.137,233,109.8,3,1,0.179,0.29494378916948594,1,109.8,0.0358,0.13424999999999998
770,6,0.137,141,66.4,3,1,0.404,0.07582403604954152,1,66.4,0.08080000000000001,0.30300000000000005
770,7,0.137,439,206.8,1,0,,0.2505947845943822,1,186.12,,
770,8,0.137,266,125.3,5,1,0.331,0.12160023348021684,1,125.3,0.06620000000000001,0.24825000000000003
771,1,0.449,268,84.7,8,1,0.596,0.43280451830586725,1,84.7,0.1192,0.44699999999999995
771,2,0.449,517,163.4,6,0,,0.49284126994966454,1,147.06,,
771,3,0.449,166,52.5,7,1,0.506,0.36060011432535594,1,52.5,0.10120000000000001,0.3795
771,4,0.449,284,89.8,6,1,0.514,0.4622497143495646,1,89.8,0.1028,0.3855
771,5,0.449,243,76.8,3,1,0.654,0.41085105851759074,1,76.8,0.1308,0.49050000000000005
771,6,0.449,263,83.1,4,1,0.485,0.31695065565949687,1,83.1,0.097,0.36375
771,7,0.449,550,173.8,5,0,,0.4827482074726399,0,156.42000000000002,,
771,8,0.449,253,80.0,5,1,0.43,0.4226692193122084,1,80.0,0.08600000000000001,0.3225
772,1,0.252,519,207.1,5,0,,0.2362975171555292,1,186.39,,
772,2,0.252,402,160.4,4,0,,0.1309839056585842,1,144.36,,
772,3,0.252,447,178.4,5,0,,0.4111400367762804,1,160.56,,
772,4,0.252,157,62.6,3,1,0.356,0.3396714186386116,1,62.6,0.0712,0.267
772,5,0.252,148,59.1,4,1,0.362,0.3484155884171979,1,59.1,0.0724,0.27149999999999996
772,6,0.252,566,225.9,2,0,,0.2214555297558318,0,203.31,,
772,7,0.252,367,146.4,4,0,,0.07908171104965797,0,131.76000000000002,,
772,8,0.252,376,150.0,6,0,,0.4472917382489511,0,135.0,,
773,1,0.17,457,204.8,3,0,,0.1638902491994132,1,184.32000000000002,,
773,2,0.17,187,83.8,0,1,0.365,0.09512002039799464,1,83.8,0.073,0.27375
773,3,0.17,172,77.1,6,1,0.388,0.2116801574483114,1,77.1,0.0776,0.29100000000000004
773,4,0.17,200,89.6,2,1,0.491,0.2867120788003298,1,89.6,0.09820000000000001,0.36824999999999997
773,5,0.17,477,213.7,6,0,,0.16769494439145338,0,192.32999999999998,,
773,6,0.17,317,142.0,4,1,0.552,0.29785751679393746,1,127.8,0.11040000000000001,0.41400000000000003
773,7,0.17,557,249.6,3,0,,0.27829999385168686,1,224.64,,
773,8,0.17,546,244.7,5,0,,0.062361881259794166,0,220.23,,
774,1,0.08,363,187.7,3,1,0.206,0.012620989434052363,0,168.93,0.0412,
774,2,0.08,314,162.4,0,1,0.385,0.17575371632797676,0,146.16,0.07700000000000001,
774,3,0.08,298,154.1,3,1,0.322,0.0,1,154.1,0.0644,0.2415
774,4,0.08,201,103.9,2,1,0.422,0.06505443068350113,1,103.9,0.0844,0.3165
774,5,0.08,377,195.0,1,0,,0.0,0,175.5,,
774,6,0.08,140,72.4,0,1,0.354,0.032344619856647536,1,72.4,0.0708,0.26549999999999996
774,7,0.08,438,226.5,6,0,,0.05011799109707958,0,203.85,,
774,8,0.08,120,62.1,6,1,0.403,0.0441755622092492,1,62.1,0.0806,0.30225
775,1,0.233,179,73.3,2,1,0.296,0.17777387478873916,1,73.3,0.0592,0.22199999999999998
775,2,0.233,565,231.4,5,0,,0.1232856350371186,1,208.26000000000002,,
775,3,0.233,474,194.1,3,0,,0.4621911266818686,1,174.69,,
775,4,0.233,465,190.4,4,0,,0.4197462004161351,1,171.36,,
775,5,0.233,361,147.8,8,0,,0.1167934179743717,0,133.02,,
775,6,0.233,520,213.0,5,0,,0.3912116751303567,1,191.70000000000002,,
775,7,0.233,220,90.1,3,1,0.519,0.19305345095271473,1,90.1,0.1038,0.38925
775,8,0.233,125,51.2,4,1,0.41,0.24591874733317107,1,51.2,0.082,0.3075
776,1,0.484,433,132.0,5,0,,0.4776726040103084,1,118.8,,
776,2,0.484,151,46.0,4,0,,0.4180251358746034,0,46.0,,
776,3,0.484,324,98.8,5,1,0.588,0.5823852343606146,1,88.92,0.1176,0.44099999999999995
776,4,0.484,170,51.8,5,1,0.591,0.49658865305766575,1,51.8,0.1182,0.44325
776,5,0.484,343,104.6,6,1,0.615,0.43634485767807585,1,94.14,0.123,0.46125
776,6,0.484,250,76.2,7,1,0.426,0.35354105561995275,1,76.2,0.0852,0.3195
776,7,0.484,174,53.0,6,1,0.487,0.3946404986280879,1,53.0,0.0974,0.36524999999999996
776,8,0.484,217,66.1,3,1,0.509,0.3198619884397903,1,66.1,0.1018,0.38175000000000003
777,1,0.169,507,227.2,1,0,,0.17022235484151696,1,204.48,,
777,2,0.169,246,110.3,3,1,0.48,0.04933344077156042,1,110.3,0.096,0.36
777,3,0.169,272,121.9,4,1,0.409,0.1424439487481459,1,121.9,0.0818,0.30674999999999997
777,4,0.169,414,185.6,7,1,0.347,0.3060101853610371,1,167.04,0.0694,0.26025
777,5,0.169,520,233.1,1,0,,0.2889299572921586,0,209.79,,
777,6,0.169,287,128.6,8,1,0.453,0.16577231058973824,1,128.6,0.09060000000000001,0.33975
777,7,0.169,340,152.4,7,1,0.356,0.16029152738568503,1,137.16,0.0712,0.267
777,8,0.169,341,152.8,4,0,,0.3569874549421008,1,137.52,,
778,1,0.075,213,111.2,4,1,0.142,0.12707561203587112,1,111.2,0.028399999999999998,0.10649999999999998
778,2,0.075,459,239.6,2,0,,0.04221935401234771,1,215.64,,
778,3,0.075,532,277.7,3,0,,0.0,1,249.93,,
778,4,0.075,401,209.3,3,0,,0.11438732181647432,1,188.37,,
778,5,0.075,486,253.7,3,0,,0.15793237725828624,1,228.32999999999998,,
778,6,0.075,120,62.6,1,1,0.262,0.011834847548635605,1,62.6,0.0524,0.1965
778,7,0.075,209,109.1,6,1,0.196,0.10412027551380325,1,109.1,0.039200000000000006,0.14700000000000002
778,8,0.075,322,168.1,3,1,0.215,0.03864267050849709,0,151.29,0.043000000000000003,
779,1,0.185,352,154.1,1,1,0.231,0.16659676008009972,1,138.69,0.046200000000000005,0.17325000000000002
779,2,0.185,566,247.8,3,0,,0.0,1,223.02,,
779,3,0.185,518,226.8,1,0,,0.16282185962838644,0,204.12,,
779,4,0.185,449,196.6,6,1,0.215,0.28193693024080546,1,176.94,0.043000000000000003,0.16125
779,5,0.185,367,160.7,4,1,0.33,0.12185974444334417,1,144.63,0.066,0.2475
779,6,0.185,167,73.1,3,1,0.41,0.19025263682153162,1,73.1,0.082,0.3075
779,7,0.185,551,241.2,2,0,,0.10940492933080795,1,217.07999999999998,,
779,8,0.185,210,91.9,5,1,0.463,0.22104416762927728,1,91.9,0.09260000000000002,0.34725
780,1,0.168,337,151.4,4,1,0.352,0.14634768024638264,1,136.26000000000002,0.0704,0.264
780,2,0.168,409,183.7,5,1,0.388,0.07407584593179932,0,165.32999999999998,0.0776,
780,3,0.168,201,90.3,4,1,0.167,0.30125514676651277,1,90.3,0.033400000000000006,0.12525
780,4,0.168,566,254.2,5,0,,0.2608932013532215,1,228.78,,
780,5,0.168,399,179.2,4,0,,0.10750932360718253,0,161.28,,
780,6,0.168,591,265.4,3,1,0.356,0.21777883094177775,0,238.85999999999999,0.0712,
780,7,0.168,322,144.6,3,1,0.422,0.2217412002820381,1,130.14,0.0844,0.3165
780,8,0.168,570,256.0,3,0,,0.2322301235011176,1,230.4,,
781,1,0.276,172,66.5,6,1,0.491,0.10657441040049223,1,66.5,0.09820000000000001,0.36824999999999997
781,2,0.276,568,219.5,1,0,,0.3766606541032628,1,197.55,,
781,3,0.276,349,134.9,2,1,0.412,0.21903010370742687,1,121.41000000000001,0.0824,0.309
781,4,0.276,534,206.4,5,0,,0.24021720665587332,0,185.76000000000002,,
781,5,0.276,534,206.4,4,1,0.454,0.5397881752260201,0,185.76000000000002,0.0908,
781,6,0.276,107,41.3,6,1,0.373,0.3061873380721012,1,41.3,0.0746,0.27975
781,7,0.276,138,53.3,3,1,0.557,0.23736775245528247,1,53.3,0.11140000000000001,0.41775000000000007
781,8,0.276,320,123.7,8,1,0.412,0.05547056272440942,1,111.33,0.0824,0.309
782,1,0.131,237,112.7,5,1,0.329,0.2699764133946356,1,112.7,0.06580000000000001,0.24675000000000002
782,2,0.131,413,196.4,2,0,,0.0,0,176.76000000000002,,
782,3,0.131,459,218.2,10,1,0.25,0.030656109650049654,1,196.38,0.05,0.1875
782,4,0.131,261,124.1,6,1,0.398,0.09786477009121508,1,124.1,0.0796,0.2985
782,5,0.131,529,251.5,3,0,,0.2726411791700293,0,226.35,,
782,6,0.131,164,78.0,7,1,0.352,0.20832399866657592,1,78.0,0.0704,0.264
782,7,0.131,387,184.0,3,1,0.233,0.115216249015974,0,165.6,0.0466,
782,8,0.131,444,211.1,4,0,,0.1618292063638821,0,189.99,,
783,1,0.154,222,101.8,1,1,0.389,0.09396143071288943,1,101.8,0.07780000000000001,0.29175
783,2,0.154,388,177.9,7,0,,0.16796536895653508,1,160.11,,
783,3,0.154,365,167.4,0,0,,0.16133367447781366,0,150.66,,
783,4,0.154,579,265.5,0,1,0.44,0.2508769895681353,1,238.95000000000002,0.08800000000000001,0.33
783,5,0.154,288,132.1,6,0,,0.25071781224389494,0,132.1,,
783,6,0.154,158,72.4,5,1,0.385,0.20339773822056448,1,72.4,0.07700000000000001,0.28875
783,7,0.154,347,159.1,2,1,0.217,0.11776524424538977,1,143.19,0.0434,0.16275
783,8,0.154,488,223.8,4,0,,0.22818222943901267,1,201.42000000000002,,
784,1,0.09,473,240.5,0,0,,0.08080315337969533,1,216.45000000000002,,
784,2,0.09,516,262.4,3,0,,0.0,0,236.16,,
784,3,0.09,555,282.2,1,0,,0.049671220808906125,0,253.98,,
784,4,0.09,449,228.3,2,0,,0.09845269837843246,1,205.47000000000003,,
784,5,0.09,219,111.4,4,1,0.2,0.18102157836647453,1,111.4,0.04000000000000001,0.15000000000000002
784,6,0.09,373,189.7,1,0,,0.0716471827842847,0,170.73,,
784,7,0.09,238,121.0,5,1,0.219,0.0,1,121.0,0.043800000000000006,0.16425
784,8,0.09,113,57.5,0,1,0.241,0.09567416832968194,1,57.5,0.0482,0.18075
785,1,0.347,496,175.8,3,0,,0.35834560400565524,1,158.22000000000003,,
785,2,0.347,485,171.9,5,0,,0.3655837628902753,1,154.71,,
785,3,0.347,193,68.4,8,1,0.451,0.438987151595443,1,68.4,0.0902,0.33825
785,4,0.347,358,126.9,4,1,0.428,0.4488923240089898,0,114.21000000000001,0.08560000000000001,
785,5,0.347,415,147.1,7,1,0.607,0.28757891276183334,1,132.39,0.12140000000000001,0.45525
785,6,0.347,197,69.8,8,1,0.584,0.28538565419510564,1,69.8,0.1168,0.43799999999999994
785,7,0.347,497,176.1,9,0,,0.24298012890445264,0,158.49,,
785,8,0.347,527,186.8,7,0,,0.41688156702804763,1,168.12,,
786,1,0.165,584,263.5,3,0,,0.30988201083377154,1,237.15,,
786,2,0.165,373,168.3,2,1,0.177,0.13349180720910767,0,151.47000000000003,0.0354,
786,3,0.165,418,188.6,7,0,,0.1408569435275007,0,169.74,,
786,4,0.165,208,93.8,4,1,0.307,0.3116782556898976,1,93.8,0.0614,0.23025
786,5,0.165,494,222.9,6,0,,0.21555578532150077,0,200.61,,
786,6,0.165,182,82.1,3,1,0.218,0.20862357048010552,1,82.1,0.0436,0.1635
786,7,0.165,515,232.3,5,0,,0.04590834940262732,0,209.07000000000002,,
786,8,0.165,366,165.1,6,0,,0.2328728069279419,1,148.59,,
787,1,0.145,585,271.9,3,0,,0.05208636594902416,1,244.70999999999998,,
787,2,0.145,554,257.5,2,0,,0.031597981406504175,0,231.75,,
787,3,0.145,365,169.7,7,1,0.305,0.11032284232332877,1,152.73,0.061,0.22875
787,4,0.145,533,247.7,2,0,,0.08642072765513098,0,222.93,,
787,5,0.145,316,146.9,4,1,0.233,0.12284003056149606,1,132.21,0.0466,0.17475000000000002
787,6,0.145,351,163.1,4,1,0.278,0.0009018365475081114,0,146.79,0.05560000000000001,
787,7,0.145,119,55.3,7,1,0.302,0.24088163064676724,1,55.3,0.0604,0.22649999999999998
787,8,0.145,282,131.1,4,1,0.39,0.2577686294516429,1,131.1,0.07800000000000001,0.2925
788,1,0.451,414,130.6,4,0,,0.25626575258591855,1,117.53999999999999,,
788,2,0.451,524,165.3,2,0,,0.548845780566655,0,148.77,,
788,3,0.451,205,64.7,5,1,0.642,0.3699471370178374,1,64.7,0.12840000000000001,0.48150000000000004
788,4,0.451,370,116.7,8,1,0.735,0.5366975536982787,1,105.03,0.147,0.55125
788,5,0.451,543,171.3,5,0,,0.44415535073335843,0,154.17000000000002,,
788,6,0.451,182,57.4,3,1,0.551,0.45387755640809985,1,57.4,0.11020000000000002,0.41325
788,7,0.451,352,111.0,2,1,0.485,0.43249023505787815,1,99.9,0.097,0.36375
788,8,0.451,593,187.0,8,0,,0.5722129204233486,1,168.3,,
789,1,0.529,349,101.7,4,1,0.634,0.4050411987474972,1,91.53,0.1268,0.47550000000000003
789,2,0.529,299,87.2,7,1,0.542,0.5897840338735009,1,87.2,0.10840000000000001,0.40650000000000003
789,3,0.529,363,105.8,6,1,0.716,0.639133016488955,1,95.22,0.1432,0.5369999999999999
789,4,0.529,429,125.0,6,1,0.585,0.6006340080540411,1,112.5,0.11699999999999999,0.43875
789,5,0.529,200,58.3,4,1,0.586,0.7614698914323418,1,58.3,0.1172,0.4395
789,6,0.529,491,143.1,9,0,,0.4761053237275301,1,128.79,,
789,7,0.529,500,145.7,5,0,,0.6247304822593531,1,131.13,,
789,8,0.529,337,98.2,2,1,0.506,0.518390936465858,1,88.38000000000001,0.10120000000000001,0.3795
790,1,0.377,478,163.5,5,0,,0.500340607635267,1,147.15,,
790,2,0.377,187,64.0,2,1,0.497,0.37623110042786306,1,64.0,0.0994,0.37275
790,3,0.377,443,151.5,1,0,,0.33821242181375305,0,136.35,,
790,4,0.377,363,124.1,5,1,0.53,0.5076072203871629,1,111.69,0.10600000000000001,0.3975
790,5,0.377,137,46.9,3,1,0.421,0.327843806098107,1,46.9,0.0842,0.31575
790,6,0.377,210,71.8,8,1,0.428,0.23572742410994438,1,71.8,0.08560000000000001,0.321
790,7,0.377,451,154.2,5,0,,0.3253153116826171,1,138.78,,
790,8,0.377,464,158.7,5,0,,0.43890329465885325,1,142.82999999999998,,
791,1,0.498,548,164.8,10,0,,0.6372038751587091,1,148.32000000000002,,
791,2,0.498,337,101.3,9,1,0.746,0.5091129375296513,1,91.17,0.1492,0.5595
791,3,0.498,138,41.5,5,1,0.652,0.6298197067234026,1,41.5,0.13040000000000002,0.489
791,4,0.498,193,58.0,6,1,0.621,0.3621825078522406,1,58.0,0.1242,0.46575
791,5,0.498,369,111.0,7,1,0.512,0.4536736535182097,1,99.9,0.1024,0.384
791,6,0.498,103,31.0,6,1,0.359,0.4691424882845899,1,31.0,0.0718,0.26925
791,7,0.498,245,73.7,7,0,,0.486544057252748,0,73.7,,
791,8,0.498,129,38.8,10,1,0.721,0.5064094388250197,1,38.8,0.1442,0.54075
792,1,0.423,105,34.1,7,1,0.557,0.4920910957392193,1,34.1,0.11140000000000001,0.41775000000000007
792,2,0.423,370,120.2,3,1,0.383,0.378519316182951,1,108.18,0.0766,0.28725
792,3,0.423,596,193.7,7,0,,0.43690286869531253,1,174.32999999999998,,
792,4,0.423,446,144.9,5,0,,0.4184877109675948,0,130.41,,
792,5,0.423,212,68.9,5,1,0.403,0.330411009610885,1,68.9,0.0806,0.30225
792,6,0.423,209,67.9,9,1,0.608,0.41163333109185646,1,67.9,0.1216,0.45599999999999996
792,7,0.423,153,49.7,5,1,0.6,0.40863404701028816,1,49.7,0.12,0.44999999999999996
792,8,0.423,141,45.8,5,1,0.627,0.40649194349969536,1,45.8,0.1254,0.47025
793,1,0.217,176,73.6,4,1,0.294,0.22017594565814508,1,73.6,0.0588,0.22049999999999997
793,2,0.217,107,44.7,5,1,0.355,0.2245673540613386,1,44.7,0.071,0.26625
793,3,0.217,227,94.9,7,1,0.459,0.173770482089267,1,94.9,0.0918,0.34425
793,4,0.217,371,155.2,4,1,0.402,0.3442714733971265,1,139.68,0.08040000000000001,0.3015
793,5,0.217,369,154.3,0,1,0.413,0.10005193707969832,1,138.87,0.0826,0.30974999999999997
793,6,0.217,369,154.3,2,0,,0.14490298915301036,0,138.87,,
793,7,0.217,594,248.4,3,1,0.31,0.49499636242235556,0,223.56,0.062,
793,8,0.217,556,232.5,0,0,,0.113200864501077,0,209.25,,
794,1,0.105,121,60.0,2,1,0.381,0.0,1,60.0,0.0762,0.28575
794,2,0.105,441,218.5,7,0,,0.17844767450012178,0,196.65,,
794,3,0.105,193,95.6,3,1,0.226,0.0,1,95.6,0.045200000000000004,0.1695
794,4,0.105,461,228.4,4,1,0.189,0.0814726090027561,1,205.56,0.0378,0.14175
794,5,0.105,336,166.5,3,1,0.282,0.31958249250764886,0,149.85,0.0564,
794,6,0.105,333,165.0,5,1,0.459,0.0,1,148.5,0.0918,0.34425
794,7,0.105,317,157.1,6,1,0.219,0.0,1,141.39,0.043800000000000006,0.16425
794,8,0.105,590,292.3,2,0,,0.0,0,263.07,,
795,1,0.177,408,180.8,1,1,0.491,0.2668359568346986,1,162.72000000000003,0.09820000000000001,0.36824999999999997
795,2,0.177,597,264.5,3,0,,0.28947767199858127,0,238.05,,
795,3,0.177,463,205.1,2,0,,0.12574112030214912,0,184.59,,
795,4,0.177,578,256.1,5,0,,0.2453212404001069,1,230.49000000000004,,
795,5,0.177,438,194.1,6,1,0.302,0.31602553275119893,0,174.69,0.0604,
795,6,0.177,301,133.4,6,1,0.198,0.35573464144298256,1,120.06,0.0396,0.14850000000000002
795,7,0.177,255,113.0,6,1,0.292,0.1523664718820152,1,113.0,0.0584,0.21899999999999997
795,8,0.177,193,85.5,2,1,0.29,0.0,1,85.5,0.057999999999999996,0.21749999999999997
796,1,0.156,588,268.9,3,0,,0.07391210775903131,1,242.01,,
796,2,0.156,377,172.4,2,1,0.194,0.11331958050647423,0,155.16,0.0388,
796,3,0.156,133,60.8,3,1,0.224,0.13010612034216093,1,60.8,0.044800000000000006,0.168
796,4,0.156,106,48.5,4,1,0.407,0.13721405989912805,1,48.5,0.0814,0.30524999999999997
796,5,0.156,196,89.6,9,1,0.378,0.26788945979306694,1,89.6,0.0756,0.2835
796,6,0.156,159,72.7,1,1,0.378,0.28344284266875813,1,72.7,0.0756,0.2835
796,7,0.156,236,107.9,4,1,0.365,0.13883263460752165,1,107.9,0.073,0.27375
796,8,0.156,385,176.1,5,1,0.263,0.26584848760518187,1,158.49,0.05260000000000001,0.19725
797,1,0.358,365,127.6,5,1,0.655,0.39376613666310895,1,114.84,0.131,0.49125
797,2,0.358,326,113.9,1,1,0.482,0.36445059728625717,1,102.51,0.0964,0.3615
797,3,0.358,399,139.5,6,0,,0.4486544157109964,1,125.55,,
797,4,0.358,208,72.7,3,1,0.592,0.36522520482379156,1,72.7,0.1184,0.44399999999999995
797,5,0.358,359,125.5,2,0,,0.5637811177097762,0,112.95,,
797,6,0.358,202,70.6,6,1,0.442,0.21415888332054406,1,70.6,0.0884,0.3315
797,7,0.358,340,118.8,3,1,0.607,0.3064829100907982,1,106.92,0.12140000000000001,0.45525
797,8,0.358,468,163.6,3,0,,0.34534811030460494,1,147.24,,
798,1,0.238,588,239.0,5,0,,0.28194526904579903,1,215.1,,
798,2,0.238,384,156.1,7,1,0.406,0.3647960487103089,0,140.49,0.08120000000000001,
798,3,0.238,106,43.1,7,1,0.375,0.23556014327638433,1,43.1,0.07500000000000001,0.28125
798,4,0.238,220,89.4,7,1,0.447,0.09577703504937926,1,89.4,0.08940000000000001,0.33525
798,5,0.238,240,97.5,8,1,0.449,0.32225138964550043,1,97.5,0.0898,0.33675
798,6,0.238,102,41.5,4,1,0.197,0.3134958766141964,1,41.5,0.039400000000000004,0.14775
798,7,0.238,158,64.2,5,1,0.424,0.04381413406205936,1,64.2,0.0848,0.318
798,8,0.238,515,209.3,6,0,,0.23761958663292004,1,188.37,,
799,1,0.044,542,298.7,3,0,,0.0,0,268.83,,
799,2,0.044,285,157.0,5,1,0.0,0.0,1,157.0,0.0,0.0
799,3,0.044,396,218.2,3,0,,0.0,1,196.38,,
799,4,0.044,394,217.1,2,0,,0.12492646982419858,0,195.39,,
799,5,0.044,272,149.9,3,1,0.291,0.05568301741721838,1,149.9,0.0582,0.21825
799,6,0.044,567,312.4,7,0,,0.0,0,281.15999999999997,,
799,7,0.044,206,113.5,9,1,0.145,0.13200659629573425,1,113.5,0.028999999999999998,0.10874999999999999
799,8,0.044,132,72.7,2,1,0.336,0.0,1,72.7,0.06720000000000001,0.252
800,1,0.177,186,82.4,3,1,0.375,0.21001137904709435,1,82.4,0.07500000000000001,0.28125
800,2,0.177,367,162.5,1,1,0.442,0.09559893307084441,1,146.25,0.0884,0.3315
800,3,0.177,333,147.5,1,1,0.115,0.140432291746948,1,132.75,0.023000000000000003,0.08625000000000001
800,4,0.177,120,53.1,1,1,0.34,0.2274270748038384,1,53.1,0.068,0.255
800,5,0.177,259,114.7,4,1,0.119,0.2291449399059529,1,114.7,0.0238,0.08925
800,6,0.177,547,242.2,2,0,,0.310696907355596,0,217.98,,
800,7,0.177,260,115.1,4,1,0.366,0.16877463003285467,1,115.1,0.0732,0.27449999999999997
800,8,0.177,455,201.5,2,0,,0.20764508629633405,0,181.35,,
801,1,0.081,182,94.0,4,1,0.151,0.03722626775956754,1,94.0,0.0302,0.11324999999999999
801,2,0.081,285,147.1,3,1,0.433,0.09919898826227977,1,147.1,0.08660000000000001,0.32475
801,3,0.081,103,53.2,5,1,0.341,0.12494860480085118,1,53.2,0.06820000000000001,0.25575000000000003
801,4,0.081,394,203.4,3,0,,0.0711690152545624,0,183.06,,
801,5,0.081,139,71.8,1,1,0.391,0.0,1,71.8,0.0782,0.29325
801,6,0.081,116,59.9,5,1,0.402,0.11414708963308953,1,59.9,0.08040000000000001,0.3015
801,7,0.081,145,74.9,4,1,0.351,0.1174561477355457,1,74.9,0.0702,0.26325
801,8,0.081,336,173.5,3,0,,0.012982652365204905,0,156.15,,
802,1,0.233,148,60.6,5,1,0.422,0.10456129639274858,1,60.6,0.0844,0.3165
802,2,0.233,218,89.2,4,1,0.417,0.3805879150503966,1,89.2,0.0834,0.31275
802,3,0.233,376,153.8,2,1,0.475,0.2821445510894402,0,138.42000000000002,0.095,
802,4,0.233,374,153.0,5,0,,0.21009189690782903,0,137.70000000000002,,
802,5,0.233,498,203.7,3,0,,0.11929671168525127,0,183.32999999999998,,
802,6,0.233,273,111.7,3,1,0.416,0.15081851715786543,1,111.7,0.0832,0.312
802,7,0.233,125,51.1,3,1,0.7,0.36325903967862316,1,51.1,0.13999999999999999,0.5249999999999999
802,8,0.233,475,194.3,3,0,,0.2467661940868046,1,174.87,,
803,1,0.456,530,166.3,8,0,,0.40094129329992934,0,149.67000000000002,,
803,2,0.456,565,177.2,5,0,,0.5069689231224657,1,159.48,,
803,3,0.456,215,67.4,3,1,0.751,0.3745601812553676,1,67.4,0.1502,0.56325
803,4,0.456,576,180.7,11,0,,0.6060843030280378,1,162.63,,
803,5,0.456,326,102.3,6,1,0.797,0.5912800534896725,1,92.07,0.15940000000000001,0.59775
803,6,0.456,421,132.1,5,1,0.456,0.40934259287972236,1,118.89,0.0912,0.342
803,7,0.456,518,162.5,7,0,,0.393132975296914,1,146.25,,
803,8,0.456,519,162.8,2,0,,0.194186680130772,1,146.52,,
804,1,0.111,348,170.9,1,1,0.392,0.0,1,153.81,0.07840000000000001,0.29400000000000004
804,2,0.111,372,182.7,4,0,,0.0,0,164.43,,
804,3,0.111,379,186.1,6,1,0.147,0.12451903409873859,1,167.49,0.0294,0.11024999999999999
804,4,0.111,531,260.7,3,0,,0.07837662955586405,1,234.63,,
804,5,0.111,492,241.6,4,0,,0.0,1,217.44,,
804,6,0.111,551,270.5,3,0,,0.08288359575354427,1,243.45000000000002,,
804,7,0.111,230,112.9,6,1,0.288,0.16153371476473485,1,112.9,0.0576,0.21599999999999997
804,8,0.111,555,272.5,4,0,,0.16378393499155872,1,245.25,,
805,1,0.524,388,113.7,5,1,0.724,0.33403297191411185,1,102.33,0.1448,0.5429999999999999
805,2,0.524,294,86.1,5,1,0.786,0.5111736519516169,1,86.1,0.1572,0.5895
805,3,0.524,393,115.1,5,1,0.703,0.38566592230283897,0,103.59,0.1406,
805,4,0.524,101,29.6,3,1,0.466,0.6141728697140274,1,29.6,0.0932,0.34950000000000003
805,5,0.524,205,60.1,3,1,0.693,0.6024146416353499,1,60.1,0.1386,0.5197499999999999
805,6,0.524,390,114.2,6,0,,0.4341972773675542,1,102.78,,
805,7,0.524,105,30.8,10,1,0.595,0.44739547975996,1,30.8,0.119,0.44625
805,8,0.524,370,108.4,4,0,,0.4778732949501693,1,97.56,,
806,1,0.249,172,68.9,3,1,0.517,0.023720660526866055,1,68.9,0.1034,0.38775000000000004
806,2,0.249,378,151.3,4,1,0.06,0.28259681734405767,1,136.17000000000002,0.012,0.045
806,3,0.249,258,103.3,4,1,0.387,0.22171554536598692,1,103.3,0.07740000000000001,0.29025
806,4,0.249,170,68.1,4,1,0.539,0.3460175082567859,1,68.1,0.1078,0.40425
806,5,0.249,372,148.9,2,1,0.417,0.13915907820374473,1,134.01000000000002,0.0834,0.31275
806,6,0.249,557,223.0,3,0,,0.18708770517500684,1,200.70000000000002,,
806,7,0.249,304,121.7,11,1,0.484,0.09834747419608847,0,109.53,0.0968,
806,8,0.249,232,92.9,1,0,,0.14857094365057466,0,92.9,,
807,1,0.358,443,155.0,6,0,,0.23980180039317808,1,139.5,,
807,2,0.358,539,188.5,3,0,,0.45759736788464456,1,169.65,,
807,3,0.358,149,52.1,2,1,0.351,0.28817381512486073,1,52.1,0.0702,0.26325
807,4,0.358,170,59.5,4,1,0.545,0.37041756847446133,1,59.5,0.10900000000000001,0.40875000000000006
807,5,0.358,436,152.5,1,0,,0.3199236596138195,1,137.25,,
807,6,0.358,300,104.9,5,1,0.479,0.23105347339871868,1,104.9,0.0958,0.35924999999999996
807,7,0.358,533,186.4,6,0,,0.3411699576828357,1,167.76000000000002,,
807,8,0.358,169,59.1,8,1,0.515,0.41791033318635945,1,59.1,0.10300000000000001,0.38625
808,1,0.141,586,274.2,10,0,,0.020224060745664754,0,246.78,,
808,2,0.141,457,213.8,2,0,,0.22191127907313787,0,192.42000000000002,,
808,3,0.141,162,75.8,6,1,0.439,0.05602790785223036,1,75.8,0.0878,0.32925
808,4,0.141,102,47.7,5,1,0.301,0.0927016073927159,1,47.7,0.060200000000000004,0.22575
808,5,0.141,294,137.6,5,1,0.073,0.19406831230100477,1,137.6,0.0146,0.05474999999999999
808,6,0.141,559,261.6,6,0,,0.07465638427805119,0,235.44000000000003,,
808,7,0.141,534,249.9,0,0,,0.14475748593358656,0,224.91,,
808,8,0.141,481,225.1,0,0,,0.10953091712119073,0,202.59,,
809,1,0.256,197,78.2,6,1,0.548,0.26893680067038184,1,78.2,0.10960000000000002,0.41100000000000003
809,2,0.256,452,179.3,8,0,,0.017926089447650284,1,161.37,,
809,3,0.256,156,61.9,1,1,0.434,0.07303181847919171,1,61.9,0.0868,0.3255
809,4,0.256,462,183.3,4,0,,0.3175967006046838,0,164.97000000000003,,
809,5,0.256,394,156.3,5,0,,0.35971814056490503,1,140.67000000000002,,
809,6,0.256,392,155.5,4,1,0.349,0.1649513296468479,1,139.95000000000002,0.0698,0.26175
809,7,0.256,104,41.3,0,1,0.455,0.23159716478288656,1,41.3,0.09100000000000001,0.34125
809,8,0.256,153,60.7,4,0,,0.28547192529023013,0,60.7,,
810,1,0.524,517,151.5,6,1,0.522,0.5933217601658705,1,136.35,0.1044,0.3915
810,2,0.524,180,52.7,4,1,0.566,0.3212322728329151,1,52.7,0.1132,0.4245
810,3,0.524,229,67.1,8,1,0.572,0.4353959753021623,1,67.1,0.1144,0.42899999999999994
810,4,0.524,548,160.6,10,0,,0.4907420620150125,1,144.54,,
810,5,0.524,106,31.1,4,1,0.64,0.594314019723605,1,31.1,0.128,0.48
810,6,0.524,447,131.0,6,0,,0.7738430483721495,1,117.9,,
810,7,0.524,412,120.7,3,0,,0.5011994273190282,0,108.63000000000001,,
810,8,0.524,101,29.6,4,1,0.56,0.38330225378960114,1,29.6,0.11200000000000002,0.42000000000000004
811,1,0.482,576,176.0,7,0,,0.5222268077201297,1,158.4,,
811,2,0.482,152,46.4,7,1,0.779,0.614099578954071,1,46.4,0.15580000000000002,0.58425
811,3,0.482,352,107.5,5,1,0.658,0.4928014120979501,1,96.75,0.13160000000000002,0.49350000000000005
811,4,0.482,278,84.9,4,1,0.581,0.3913351454845707,1,84.9,0.1162,0.43574999999999997
811,5,0.482,530,161.9,3,0,,0.5777993941480019,1,145.71,,
811,6,0.482,230,70.3,6,1,0.531,0.5483545618498434,1,70.3,0.10620000000000002,0.39825
811,7,0.482,268,81.9,7,1,0.598,0.37939191558043756,1,81.9,0.1196,0.4485
811,8,0.482,524,160.1,5,0,,0.5201425617534342,1,144.09,,
812,1,0.264,367,144.1,2,1,0.477,0.3637265567658873,1,129.69,0.0954,0.35775
812,2,0.264,597,234.4,4,0,,0.38218900425588936,1,210.96,,
812,3,0.264,594,233.3,5,0,,0.2573551024690544,1,209.97000000000003,,
812,4,0.264,201,78.9,7,1,0.579,0.22819205538206813,1,78.9,0.1158,0.43424999999999997
812,5,0.264,450,176.7,6,0,,0.3867273822081263,1,159.03,,
812,6,0.264,464,182.2,5,1,0.258,0.1429839497019115,0,163.98,0.05160000000000001,
812,7,0.264,541,212.4,5,0,,0.3078579290921005,1,191.16,,
812,8,0.264,133,52.2,3,1,0.594,0.12699733726355708,1,52.2,0.1188,0.4455
813,1,0.224,233,96.6,3,1,0.324,0.33053762722596025,1,96.6,0.06480000000000001,0.243
813,2,0.224,412,170.8,7,0,,0.19819544843888384,1,153.72000000000003,,
813,3,0.224,159,65.9,3,1,0.455,0.35085832356474694,1,65.9,0.09100000000000001,0.34125
813,4,0.224,332,137.7,4,0,,0.2731412756355527,0,123.92999999999999,,
813,5,0.224,172,71.3,4,1,0.435,0.10167797699380701,1,71.3,0.08700000000000001,0.32625
813,6,0.224,240,99.5,2,1,0.347,0.36646277320772436,1,99.5,0.0694,0.26025
813,7,0.224,586,243.0,6,0,,0.37912452664277296,1,218.70000000000002,,
813,8,0.224,291,120.7,6,1,0.344,0.31222864925992155,1,120.7,0.0688,0.258
814,1,0.276,169,65.3,1,1,0.416,0.199841213496378,1,65.3,0.0832,0.312
814,2,0.276,389,150.3,7,0,,0.24539860456425913,1,135.27,,
814,3,0.276,112,43.3,4,1,0.433,0.29054272174057594,1,43.3,0.08660000000000001,0.32475
814,4,0.276,545,210.6,3,0,,0.2056289600668567,1,189.54,,
814,5,0.276,441,170.4,2,0,,0.4452346572463205,1,153.36,,
814,6,0.276,157,60.7,8,1,0.671,0.2904326471726037,1,60.7,0.1342,0.50325
814,7,0.276,214,82.7,2,1,0.392,0.005665195289264291,1,82.7,0.07840000000000001,0.29400000000000004
814,8,0.276,293,113.2,3,1,0.453,0.30993558127562204,1,113.2,0.09060000000000001,0.33975
815,1,0.321,275,100.5,6,1,0.338,0.2861842603182687,1,100.5,0.06760000000000001,0.2535
815,2,0.321,376,137.4,4,1,0.628,0.3135073443881552,1,123.66000000000001,0.12560000000000002,0.471
815,3,0.321,465,169.9,5,0,,0.28413806342143005,0,152.91,,
815,4,0.321,570,208.2,1,0,,0.40170464166066877,0,187.38,,
815,5,0.321,106,38.7,5,1,0.532,0.43296877785533816,1,38.7,0.10640000000000001,0.399
815,6,0.321,136,49.7,2,1,0.456,0.34930531622586536,1,49.7,0.0912,0.342
815,7,0.321,537,196.2,6,0,,0.28706888128618413,0,176.57999999999998,,
815,8,0.321,397,145.0,5,1,0.505,0.31686627951908297,0,130.5,0.101,
816,1,0.557,296,84.0,9,1,0.72,0.5589599616577628,1,84.0,0.144,0.54
816,2,0.557,451,128.0,4,0,,0.47675699601351634,1,115.2,,
816,3,0.557,205,58.2,5,1,0.797,0.6148928648571236,1,58.2,0.15940000000000001,0.59775
816,4,0.557,186,52.8,4,0,,0.6030042323860467,0,52.8,,
816,5,0.557,565,160.3,6,0,,0.7110441239776674,1,144.27,,
816,6,0.557,508,144.1,5,0,,0.6825349780288475,1,129.69,,
816,7,0.557,345,97.9,3,0,,0.48843250824098705,1,88.11000000000001,,
816,8,0.557,468,132.8,13,1,0.513,0.6390298374508965,1,119.52000000000001,0.10260000000000001,0.38475000000000004
817,1,0.162,137,62.1,2,1,0.407,0.06690466169055284,1,62.1,0.0814,0.30524999999999997
817,2,0.162,263,119.2,2,1,0.271,0.23159321009408496,1,119.2,0.054200000000000005,0.20325000000000001
817,3,0.162,338,153.1,4,0,,0.11033858012398923,1,137.79,,
817,4,0.162,550,249.2,4,0,,0.059674677662441555,1,224.28,,
817,5,0.162,355,160.8,5,0,,0.19000453426974045,1,144.72000000000003,,
817,6,0.162,368,166.7,1,1,0.328,0.0,1,150.03,0.0656,0.246
817,7,0.162,194,87.9,1,1,0.208,0.0,1,87.9,0.0416,0.156
817,8,0.162,103,46.7,4,1,0.406,0.1442508116225717,1,46.7,0.08120000000000001,0.3045
818,1,0.155,531,243.3,3,0,,0.16324417666348423,0,218.97000000000003,,
818,2,0.155,564,258.4,8,0,,0.11806812298418111,1,232.55999999999997,,
818,3,0.155,101,46.3,2,0,,0.0,0,46.3,,
818,4,0.155,222,101.7,3,1,0.281,0.07321081578614944,1,101.7,0.05620000000000001,0.21075000000000002
818,5,0.155,592,271.2,3,0,,0.1941209327237394,0,244.07999999999998,,
818,6,0.155,363,166.3,6,0,,0.21317817706283626,1,149.67000000000002,,
818,7,0.155,347,159.0,3,0,,0.15337768824040587,0,143.1,,
818,8,0.155,402,184.2,4,0,,0.2706833781036989,0,165.78,,
819,1,0.21,443,187.3,5,1,0.286,0.2497397023459234,0,168.57000000000002,0.0572,
819,2,0.21,512,216.5,6,0,,0.13525443460417877,1,194.85,,
819,3,0.21,253,107.0,2,1,0.274,0.18194979465883826,1,107.0,0.05480000000000001,0.20550000000000002
819,4,0.21,340,143.7,2,0,,0.06971338427921453,1,129.32999999999998,,
819,5,0.21,535,226.2,10,0,,0.19918610096085831,1,203.57999999999998,,
819,6,0.21,285,120.5,4,1,0.408,0.32121006192213386,1,120.5,0.0816,0.306
819,7,0.21,563,238.0,8,0,,0.2785290084710968,1,214.20000000000002,,
819,8,0.21,299,126.4,4,1,0.413,0.3502009325919122,1,126.4,0.0826,0.30974999999999997
820,1,0.107,452,223.4,5,1,0.202,0.07671147562010068,0,201.06,0.040400000000000005,
820,2,0.107,502,248.2,4,0,,0.24160997945142576,0,223.38,,
820,3,0.107,512,253.1,1,0,,0.087669577355203,1,227.79,,
820,4,0.107,314,155.2,3,1,0.451,0.2541585082569894,1,139.68,0.0902,0.33825
820,5,0.107,462,228.4,4,0,,0.10481432525578763,1,205.56,,
820,6,0.107,261,129.0,2,1,0.275,0.17772313738042766,1,129.0,0.05500000000000001,0.20625000000000002
820,7,0.107,448,221.5,3,1,0.414,0.25451123643098555,0,199.35,0.0828,
820,8,0.107,540,266.9,4,0,,0.08765723714187944,0,240.20999999999998,,
821,1,0.364,489,169.7,6,1,0.538,0.3858388987544174,1,152.73,0.10760000000000002,0.4035
821,2,0.364,261,90.6,9,1,0.603,0.49288634252063024,1,90.6,0.1206,0.45225
821,3,0.364,159,55.2,5,1,0.337,0.3506996836069936,1,55.2,0.0674,0.25275000000000003
821,4,0.364,414,143.7,7,1,0.574,0.23191077174938388,1,129.32999999999998,0.1148,0.4305
821,5,0.364,151,52.4,3,1,0.612,0.578300705458491,1,52.4,0.12240000000000001,0.45899999999999996
821,6,0.364,385,133.6,5,1,0.51,0.3170235535662863,0,120.24,0.10200000000000001,
821,7,0.364,519,180.1,5,0,,0.3798756050937543,1,162.09,,
821,8,0.364,380,131.9,2,1,0.402,0.4796006669451127,1,118.71000000000001,0.08040000000000001,0.3015
822,1,0.07,398,209.5,6,0,,0.009150609626879823,0,188.55,,
822,2,0.07,568,299.0,5,0,,0.0,0,269.1,,
822,3,0.07,292,153.7,2,1,0.266,0.09537372967748332,1,153.7,0.053200000000000004,0.1995
822,4,0.07,461,242.7,3,0,,0.0,0,218.43,,
822,5,0.07,594,312.7,4,0,,0.041209392313207985,0,281.43,,
822,6,0.07,254,133.7,5,1,0.249,0.0945038664315406,1,133.7,0.049800000000000004,0.18675
822,7,0.07,269,141.6,4,1,0.344,0.04300481031748359,1,141.6,0.0688,0.258
822,8,0.07,243,127.9,3,1,0.314,0.0,1,127.9,0.06280000000000001,0.2355
823,1,0.575,547,152.6,6,0,,0.7344177956204012,1,137.34,,
823,2,0.575,489,136.4,6,0,,0.5853538153949175,1,122.76,,
823,3,0.575,307,85.7,3,1,0.706,0.7181152117761741,1,77.13000000000001,0.1412,0.5295
823,4,0.575,182,50.8,8,0,,0.5489963749819555,0,50.8,,
823,5,0.575,395,110.2,5,1,0.491,0.4869988018309236,1,99.18,0.09820000000000001,0.36824999999999997
823,6,0.575,242,67.5,2,1,0.547,0.6019180920255159,1,67.5,0.10940000000000001,0.41025
823,7,0.575,117,32.6,9,0,,0.553421287367178,0,32.6,,
823,8,0.575,493,137.5,1,0,,0.45722385420086414,1,123.75,,
824,1,0.282,185,71.0,3,1,0.559,0.42897842587874957,1,71.0,0.11180000000000001,0.41925
824,2,0.282,283,108.6,8,1,0.484,0.21977297771060036,1,108.6,0.0968,0.363
824,3,0.282,342,131.3,6,0,,0.09797336152044311,1,118.17000000000002,,
824,4,0.282,262,100.6,8,1,0.38,0.4148166053957333,1,100.6,0.07600000000000001,0.28500000000000003
824,5,0.282,440,168.9,4,0,,0.23157019841873766,1,152.01000000000002,,
824,6,0.282,357,137.0,6,0,,0.22121761073843754,1,123.3,,
824,7,0.282,542,208.0,6,0,,0.10546124129700257,1,187.20000000000002,,
824,8,0.282,270,103.6,2,1,0.568,0.45609414865969905,1,103.6,0.11359999999999999,0.42599999999999993
825,1,0.379,362,123.5,1,1,0.532,0.25005194127903124,1,111.15,0.10640000000000001,0.399
825,2,0.379,121,41.3,5,1,0.387,0.384844948070565,1,41.3,0.07740000000000001,0.29025
825,3,0.379,189,64.5,7,1,0.402,0.47026203225404406,1,64.5,0.08040000000000001,0.3015
825,4,0.379,176,60.0,2,1,0.464,0.4211716933003097,1,60.0,0.09280000000000001,0.34800000000000003
825,5,0.379,268,91.4,5,1,0.58,0.37303456880078084,1,91.4,0.11599999999999999,0.43499999999999994
825,6,0.379,552,188.3,6,0,,0.20883341417125836,1,169.47000000000003,,
825,7,0.379,224,76.4,1,1,0.504,0.29802751642327163,1,76.4,0.1008,0.378
825,8,0.379,393,134.1,6,1,0.519,0.3977800338042522,1,120.69,0.1038,0.38925
826,1,0.046,395,217.2,1,0,,0.0,0,195.48,,
826,2,0.046,581,319.4,4,0,,0.06633594599987677,0,287.46,,
826,3,0.046,295,162.2,2,1,0.161,0.11417434088151418,1,162.2,0.0322,0.12075
826,4,0.046,291,160.0,1,1,0.156,0.14225028858001015,1,160.0,0.031200000000000002,0.11699999999999999
826,5,0.046,348,191.3,4,0,,0.0,0,172.17000000000002,,
826,6,0.046,569,312.8,3,0,,0.26566460549789545,1,281.52000000000004,,
826,7,0.046,556,305.7,2,0,,0.12274793445541306,0,275.13,,
826,8,0.046,573,315.0,3,0,,0.045828584633093604,1,283.5,,
827,1,0.391,121,40.8,7,1,0.139,0.4999536583076641,1,40.8,0.027800000000000005,0.10425000000000001
827,2,0.391,108,36.4,7,1,0.543,0.6275407771999973,1,36.4,0.10860000000000002,0.40725
827,3,0.391,318,107.1,6,1,0.434,0.24712798989431306,1,96.39,0.0868,0.3255
827,4,0.391,257,86.6,3,1,0.529,0.3684737357508647,1,86.6,0.1058,0.39675000000000005
827,5,0.391,264,88.9,3,1,0.338,0.15315683401266716,1,88.9,0.06760000000000001,0.2535
827,6,0.391,109,36.7,3,1,0.462,0.4102651532648025,1,36.7,0.09240000000000001,0.34650000000000003
827,7,0.391,288,97.0,3,1,0.462,0.4275394241925141,1,97.0,0.09240000000000001,0.34650000000000003
827,8,0.391,535,180.2,6,0,,0.38708378845572405,0,162.18,,
828,1,0.326,539,195.8,3,0,,0.26054664290016905,0,176.22000000000003,,
828,2,0.326,137,49.8,4,1,0.392,0.12104854838116746,1,49.8,0.07840000000000001,0.29400000000000004
828,3,0.326,355,128.9,0,1,0.47,0.3633533683411769,0,116.01,0.094,
828,4,0.326,572,207.8,3,0,,0.4715434483915325,1,187.02,,
828,5,0.326,323,117.3,5,1,0.414,0.2668981544266568,1,105.57,0.0828,0.3105
828,6,0.326,483,175.4,4,1,0.338,0.3700059929023145,1,157.86,0.06760000000000001,0.2535
828,7,0.326,202,73.4,6,1,0.429,0.16918556865799494,1,73.4,0.0858,0.32175
828,8,0.326,516,187.4,6,0,,0.3717213063692514,1,168.66,,
829,1,0.345,219,77.7,3,1,0.406,0.30566177022553426,1,77.7,0.08120000000000001,0.3045
829,2,0.345,111,39.4,3,0,,0.26875820493970853,0,39.4,,
829,3,0.345,304,107.9,0,1,0.41,0.2689636358783869,1,97.11000000000001,0.082,0.3075
829,4,0.345,243,86.3,6,1,0.349,0.305638841796699,1,86.3,0.0698,0.26175
829,5,0.345,143,50.8,2,1,0.541,0.3832433315692535,1,50.8,0.10820000000000002,0.40575000000000006
829,6,0.345,284,100.8,4,1,0.464,0.2137836798804482,1,100.8,0.09280000000000001,0.34800000000000003
829,7,0.345,103,36.6,3,1,0.318,0.3052884668432147,1,36.6,0.0636,0.2385
829,8,0.345,572,203.1,2,0,,0.3408528222000852,0,182.79,,
830,1,0.237,408,166.1,5,0,,0.12709607754681407,0,149.49,,
830,2,0.237,596,242.6,2,0,,0.4166665201675017,1,218.34,,
830,3,0.237,377,153.5,1,1,0.351,0.15165045199386584,1,138.15,0.0702,0.26325
830,4,0.237,478,194.6,6,0,,0.17005630863665094,1,175.14,,
830,5,0.237,579,235.7,4,0,,0.1391692050177502,0,212.13,,
830,6,0.237,104,42.3,7,1,0.381,0.4168480087138118,1,42.3,0.0762,0.28575
830,7,0.237,326,132.7,5,1,0.389,0.29229052285994817,1,119.42999999999999,0.07780000000000001,0.29175
830,8,0.237,305,124.1,3,1,0.581,0.14334079937563576,0,111.69,0.1162,
831,1,0.424,436,141.5,8,0,,0.5346231558859968,1,127.35000000000001,,
831,2,0.424,524,170.1,5,0,,0.4440698694288878,1,153.09,,
831,3,0.424,210,68.2,5,1,0.437,0.4497253421111502,1,68.2,0.0874,0.32775
831,4,0.424,186,60.4,6,1,0.661,0.3895522791247547,1,60.4,0.1322,0.49575
831,5,0.424,203,65.9,3,1,0.454,0.34905840130430266,1,65.9,0.0908,0.3405
831,6,0.424,354,114.9,4,1,0.538,0.4577766099054601,1,103.41000000000001,0.10760000000000002,0.4035
831,7,0.424,432,140.2,4,0,,0.36949127700044093,1,126.17999999999999,,
831,8,0.424,205,66.5,6,1,0.406,0.6056755629575105,1,66.5,0.08120000000000001,0.3045
832,1,0.129,261,124.5,2,1,0.224,0.0020708894756895913,1,124.5,0.044800000000000006,0.168
832,2,0.129,413,197.0,3,0,,0.2826156772854945,0,177.3,,
832,3,0.129,298,142.2,7,1,0.293,0.11786811512021994,1,142.2,0.0586,0.21975
832,4,0.129,590,281.5,4,0,,0.1589085734021106,0,253.35,,
832,5,0.129,555,264.8,4,0,,0.2123157766629435,0,238.32000000000002,,
832,6,0.129,460,219.5,1,0,,0.06597507049955638,0,197.55,,
832,7,0.129,183,87.3,4,1,0.458,0.21542483846986366,1,87.3,0.09160000000000001,0.3435
832,8,0.129,110,52.5,1,1,0.309,0.0,1,52.5,0.0618,0.23175
833,1,0.33,573,207.1,2,0,,0.2580010466778061,1,186.39,,
833,2,0.33,284,102.7,3,1,0.328,0.23759371926589345,1,102.7,0.0656,0.246
833,3,0.33,263,95.1,7,1,0.61,0.20464939876282384,1,95.1,0.122,0.4575
833,4,0.33,100,36.1,4,1,0.622,0.3085045161921049,1,36.1,0.12440000000000001,0.4665
833,5,0.33,329,118.9,2,1,0.418,0.3685749968181695,1,107.01,0.08360000000000001,0.3135
833,6,0.33,537,194.1,6,0,,0.4002659998499306,1,174.69,,
833,7,0.33,210,75.9,6,1,0.506,0.3540876757200408,1,75.9,0.10120000000000001,0.3795
833,8,0.33,194,70.1,6,1,0.313,0.2634306535106453,1,70.1,0.0626,0.23475000000000001
834,1,0.067,585,309.7,6,0,,0.10390164378251672,0,278.73,,
834,2,0.067,258,136.6,7,1,0.225,0.07942856948508507,1,136.6,0.045000000000000005,0.16875
834,3,0.067,469,248.3,2,1,0.2,0.16060561679360164,0,223.47000000000003,0.04000000000000001,
834,4,0.067,260,137.6,1,1,0.336,0.14469367029315167,1,137.6,0.06720000000000001,0.252
834,5,0.067,369,195.3,4,1,0.399,0.07004764139206289,0,175.77,0.07980000000000001,
834,6,0.067,148,78.3,3,1,0.276,0.0,1,78.3,0.055200000000000006,0.20700000000000002
834,7,0.067,596,315.5,1,0,,0.0017049844167919131,1,283.95,,
834,8,0.067,394,208.6,5,0,,0.012021064036196669,0,187.74,,
835,1,0.106,446,220.9,5,0,,0.07447336660837442,0,198.81,,
835,2,0.106,464,229.8,5,0,,0.1328050427589753,1,206.82000000000002,,
835,3,0.106,171,84.7,5,1,0.166,0.17751743901280584,1,84.7,0.0332,0.1245
835,4,0.106,565,279.8,3,0,,0.10088813069846223,0,251.82000000000002,,
835,5,0.106,148,73.3,2,1,0.3,0.10761247879004725,1,73.3,0.06,0.22499999999999998
835,6,0.106,206,102.0,7,1,0.367,0.12033063050000037,1,102.0,0.0734,0.27525
835,7,0.106,130,64.4,3,1,0.31,0.054409468686765994,1,64.4,0.062,0.23249999999999998
835,8,0.106,459,227.3,5,0,,0.013460774235704381,1,204.57000000000002,,
836,1,0.536,561,162.5,3,0,,0.36045621026892904,1,146.25,,
836,2,0.536,297,86.0,5,1,0.641,0.4664850641923128,1,86.0,0.1282,0.48075
836,3,0.536,539,156.1,5,0,,0.5833145453267787,1,140.49,,
836,4,0.536,479,138.7,3,0,,0.4657088561960433,0,124.83,,
836,5,0.536,596,172.6,7,0,,0.512219296257406,1,155.34,,
836,6,0.536,488,141.3,2,0,,0.5826431287412317,1,127.17000000000002,,
836,7,0.536,598,173.2,5,0,,0.5880689496422669,1,155.88,,
836,8,0.536,460,133.2,3,0,,0.4280467147833961,1,119.88,,
837,1,0.16,594,270.2,3,0,,0.25970593564536415,0,243.18,,
837,2,0.16,363,165.1,1,1,0.349,0.27273500893554853,1,148.59,0.0698,0.26175
837,3,0.16,156,71.0,2,1,0.285,0.047015014278144016,1,71.0,0.056999999999999995,0.21375
837,4,0.16,121,55.0,6,1,0.415,0.0776163130358846,1,55.0,0.083,0.31124999999999997
837,5,0.16,513,233.3,4,0,,0.2791090683146192,0,209.97000000000003,,
837,6,0.16,523,237.9,2,0,,0.1453146478744699,0,214.11,,
837,7,0.16,546,248.3,7,0,,0.0,0,223.47000000000003,,
837,8,0.16,371,168.7,8,1,0.094,0.02003184952673137,0,151.82999999999998,0.0188,
838,1,0.123,476,229.3,5,0,,0.09806303748275187,1,206.37,,
838,2,0.123,568,273.6,4,0,,0.006695734971539802,1,246.24000000000004,,
838,3,0.123,353,170.0,4,0,,0.08165762293635587,1,153.0,,
838,4,0.123,325,156.5,4,1,0.332,0.12623962136835787,1,140.85,0.0664,0.249
838,5,0.123,355,171.0,10,1,0.172,0.2692254604034729,0,153.9,0.0344,
838,6,0.123,232,111.7,6,1,0.165,0.0939546083772211,1,111.7,0.033,0.12375
838,7,0.123,226,108.8,5,1,0.353,0.23025417995727587,1,108.8,0.0706,0.26475
838,8,0.123,101,48.6,7,1,0.344,0.26587601620367707,1,48.6,0.0688,0.258
839,1,0.31,378,140.0,4,1,0.565,0.45343096693520757,1,126.0,0.11299999999999999,0.42374999999999996
839,2,0.31,161,59.6,2,1,0.299,0.33847545933855683,1,59.6,0.0598,0.22425
839,3,0.31,256,94.8,0,1,0.391,0.11367108521610256,1,94.8,0.0782,0.29325
839,4,0.31,476,176.3,3,0,,0.35608248654038654,0,158.67000000000002,,
839,5,0.31,171,63.3,6,1,0.329,0.4148399887813541,1,63.3,0.06580000000000001,0.24675000000000002
839,6,0.31,533,197.4,5,0,,0.30189328945645827,1,177.66,,
839,7,0.31,436,161.5,8,0,,0.48445838700752486,0,145.35,,
839,8,0.31,217,80.4,4,1,0.385,0.3959833561467458,1,80.4,0.07700000000000001,0.28875
840,1,0.501,483,144.8,2,0,,0.5578273377152785,1,130.32000000000002,,
840,2,0.501,180,54.0,7,1,0.62,0.6096380711205838,1,54.0,0.124,0.46499999999999997
840,3,0.501,583,174.8,5,0,,0.5343369851260878,1,157.32000000000002,,
840,4,0.501,369,110.6,5,1,0.45,0.25171895006046463,1,99.53999999999999,0.09000000000000001,0.3375
840,5,0.501,429,128.6,4,0,,0.4510861048529634,1,115.74,,
840,6,0.501,562,168.5,3,0,,0.6207168027247854,1,151.65,,
840,7,0.501,535,160.4,6,0,,0.4202408659901704,1,144.36,,
840,8,0.501,583,174.8,12,0,,0.4786527494763061,1,157.32000000000002,,
841,1,0.193,389,168.5,6,0,,0.08851636860969288,0,151.65,,
841,2,0.193,567,245.6,3,0,,0.3713922595201769,1,221.04,,
841,3,0.193,472,204.5,2,0,,0.36114924574180157,0,184.05,,
841,4,0.193,115,49.8,3,1,0.422,0.10461311048592707,1,49.8,0.0844,0.3165
841,5,0.193,522,226.1,3,0,,0.2077298000389084,1,203.49,,
841,6,0.193,296,128.2,7,1,0.326,0.12495059522359524,1,128.2,0.06520000000000001,0.2445
841,7,0.193,547,237.0,5,0,,0.2544944639031378,0,213.3,,
841,8,0.193,387,167.6,2,0,,0.2439683077242329,1,150.84,,
842,1,0.68,196,49.8,1,1,0.69,0.7611705571613266,1,49.8,0.13799999999999998,0.5175
842,2,0.68,163,41.4,7,1,0.671,0.7131918447707888,1,41.4,0.1342,0.50325
842,3,0.68,131,33.3,10,1,0.513,0.9735406206388468,1,9.989999999999998,0.10260000000000001,0.38475000000000004
842,4,0.68,203,51.6,5,1,0.955,0.5772076234989262,1,51.6,0.191,0.7162499999999999
842,5,0.68,352,89.5,8,1,0.838,0.5089396645563486,1,80.55,0.1676,0.6285
842,6,0.68,137,34.8,10,1,0.812,0.6406909799298539,1,34.8,0.16240000000000002,0.609
842,7,0.68,536,136.3,7,0,,0.5232011734439733,1,122.67000000000002,,
842,8,0.68,194,49.3,8,1,0.824,0.5307537729994007,1,49.3,0.1648,0.618
843,1,0.166,409,184.3,10,1,0.369,0.06586853458020331,1,165.87,0.0738,0.27675
843,2,0.166,453,204.1,3,0,,0.07378110945683726,0,183.69,,
843,3,0.166,147,66.2,1,1,0.223,0.07053818980499399,1,66.2,0.0446,0.16725
843,4,0.166,403,181.6,3,0,,0.21782189504454116,0,163.44,,
843,5,0.166,370,166.7,7,1,0.381,0.11538109389146639,1,150.03,0.0762,0.28575
843,6,0.166,548,246.9,5,0,,0.14804854251275198,1,222.21,,
843,7,0.166,474,213.6,4,0,,0.2554232774500935,1,192.24,,
843,8,0.166,573,258.2,2,0,,0.08936774752185737,1,232.38,,
844,1,0.445,408,129.5,6,0,,0.4185454101295278,1,116.55,,
844,2,0.445,178,56.5,9,1,0.715,0.48157599860929157,1,56.5,0.143,0.53625
844,3,0.445,294,93.3,3,1,0.546,0.25084321993797787,1,93.3,0.10920000000000002,0.40950000000000003
844,4,0.445,570,180.9,3,0,,0.20650944910494176,1,162.81,,
844,5,0.445,381,120.9,3,1,0.549,0.47961173287977227,0,108.81,0.10980000000000001,
844,6,0.445,566,179.6,5,0,,0.4942014280566899,1,161.64,,
844,7,0.445,561,178.0,6,0,,0.6514220134852411,1,160.20000000000002,,
844,8,0.445,357,113.3,5,1,0.451,0.460809487586681,1,101.97,0.0902,0.33825
845,1,0.287,508,193.6,3,1,0.669,0.3689739717258095,0,174.24,0.1338,
845,2,0.287,216,82.3,4,1,0.357,0.2674527356414026,1,82.3,0.0714,0.26775
845,3,0.287,347,132.3,5,1,0.371,0.3167227221585086,1,119.07000000000001,0.0742,0.27825
845,4,0.287,324,123.5,2,0,,0.4537256841749534,0,111.15,,
845,5,0.287,124,47.3,5,1,0.494,0.07460071818743641,1,47.3,0.0988,0.3705
845,6,0.287,416,158.6,4,0,,0.32836162575716804,0,142.74,,
845,7,0.287,310,118.2,4,1,0.473,0.5005586730077366,1,106.38000000000001,0.0946,0.35475
845,8,0.287,537,204.7,8,0,,0.3152034219209342,1,184.23,,
846,1,0.205,483,205.5,3,0,,0.37005729632328477,0,184.95000000000002,,
846,2,0.205,251,106.8,8,1,0.633,0.14207878504705573,1,106.8,0.12660000000000002,0.47475
846,3,0.205,477,202.9,4,0,,0.20179525058362863,0,182.61,,
846,4,0.205,279,118.7,3,1,0.263,0.20835247023885875,1,118.7,0.05260000000000001,0.19725
846,5,0.205,472,200.8,4,0,,0.0,1,180.72000000000003,,
846,6,0.205,522,222.1,8,0,,0.08818221721497996,0,199.89,,
846,7,0.205,559,237.8,9,0,,0.09531249206160138,1,214.02,,
846,8,0.205,215,91.5,7,1,0.44,0.28720660780325274,1,91.5,0.08800000000000001,0.33
847,1,0.357,583,204.1,6,0,,0.44421531056840546,1,183.69,,
847,2,0.357,103,36.1,5,1,0.414,0.3894036442706533,1,36.1,0.0828,0.3105
847,3,0.357,399,139.7,5,0,,0.43941028968557055,1,125.72999999999999,,
847,4,0.357,519,181.7,2,0,,0.3405850587278226,0,163.53,,
847,5,0.357,124,43.4,3,0,,0.4771931669539543,0,43.4,,
847,6,0.357,593,207.6,8,0,,0.35787884426320715,1,186.84,,
847,7,0.357,284,99.4,3,1,0.331,0.36278640474267565,1,99.4,0.06620000000000001,0.24825000000000003
847,8,0.357,264,92.4,6,1,0.614,0.33044073667375884,1,92.4,0.1228,0.4605
848,1,0.087,597,305.0,4,0,,0.15544504776364276,0,274.5,,
848,2,0.087,547,279.5,3,0,,0.04488011833870867,1,251.55,,
848,3,0.087,201,102.7,1,1,0.219,0.1846431377198068,1,102.7,0.043800000000000006,0.16425
848,4,0.087,259,132.3,4,1,0.308,0.0,1,132.3,0.0616,0.23099999999999998
848,5,0.087,507,259.0,5,0,,0.0,1,233.1,,
848,6,0.087,247,126.2,2,1,0.169,0.15574267551265042,1,126.2,0.033800000000000004,0.12675
848,7,0.087,110,56.2,3,1,0.224,0.07814557854169872,1,56.2,0.044800000000000006,0.168
848,8,0.087,338,172.7,1,1,0.322,0.04161085838468716,0,155.43,0.0644,
849,1,0.238,586,238.2,7,0,,0.327005773247546,1,214.38,,
849,2,0.238,272,110.6,0,1,0.411,0.17727385859139155,1,110.6,0.0822,0.30824999999999997
849,3,0.238,102,41.5,5,1,0.274,0.217979874569963,1,41.5,0.05480000000000001,0.20550000000000002
849,4,0.238,357,145.1,5,1,0.399,0.3779227950071159,1,130.59,0.07980000000000001,0.29925
849,5,0.238,179,72.8,8,1,0.442,0.391914234581065,1,72.8,0.0884,0.3315
849,6,0.238,449,182.5,9,0,,0.3952398210270327,1,164.25,,
849,7,0.238,211,85.8,6,1,0.236,0.20978742230660885,1,85.8,0.0472,0.177
849,8,0.238,533,216.7,3,1,0.473,0.361070290498447,0,195.03,0.0946,
850,1,0.213,187,78.7,2,0,,0.11810471722313218,0,78.7,,
850,2,0.213,483,203.3,2,0,,0.12230971252779389,0,182.97000000000003,,
850,3,0.213,443,186.5,1,0,,0.0,1,167.85,,
850,4,0.213,252,106.1,6,1,0.295,0.380286820189853,1,106.1,0.059,0.22125
850,5,0.213,368,154.9,6,1,0.278,0.12660201509239216,1,139.41,0.05560000000000001,0.20850000000000002
850,6,0.213,581,244.6,2,0,,0.200346742025294,0,220.14,,
850,7,0.213,103,43.4,2,1,0.439,0.1219675658071716,1,43.4,0.0878,0.32925
850,8,0.213,451,189.9,8,0,,0.28251652483301404,0,170.91,,
851,1,0.338,208,74.5,3,0,,0.30043663392826603,0,74.5,,
851,2,0.338,269,96.3,4,1,0.639,0.2075183109567051,1,96.3,0.1278,0.47925
851,3,0.338,232,83.1,2,1,0.36,0.3821662564186061,1,83.1,0.072,0.27
851,4,0.338,200,71.6,4,1,0.338,0.19462699751897716,1,71.6,0.06760000000000001,0.2535
851,5,0.338,275,98.4,8,1,0.474,0.25425942746845087,1,98.4,0.0948,0.3555
851,6,0.338,521,186.5,9,0,,0.12731108853739193,1,167.85,,
851,7,0.338,229,82.0,2,1,0.271,0.19560418878023933,1,82.0,0.054200000000000005,0.20325000000000001
851,8,0.338,591,211.6,4,0,,0.3558529169720478,1,190.44,,
852,1,0.291,320,121.4,5,1,0.551,0.0945463961897075,1,109.26,0.11020000000000002,0.41325
852,2,0.291,201,76.3,3,1,0.467,0.1428854275378284,1,76.3,0.09340000000000001,0.35025
852,3,0.291,126,47.8,3,1,0.423,0.29076310838671915,1,47.8,0.08460000000000001,0.31725
852,4,0.291,259,98.3,12,1,0.587,0.23663931039069472,1,98.3,0.1174,0.44025
852,5,0.291,412,156.4,4,0,,0.49020366359593087,1,140.76000000000002,,
852,6,0.291,418,158.6,4,0,,0.47438965460243754,1,142.74,,
852,7,0.291,513,194.7,4,0,,0.20420775372488462,0,175.23,,
852,8,0.291,474,179.9,3,0,,0.3467137618403482,0,161.91,,
853,1,0.348,131,46.3,4,1,0.415,0.4229282556879451,1,46.3,0.083,0.31124999999999997
853,2,0.348,135,47.8,8,1,0.308,0.28825211419755964,1,47.8,0.0616,0.23099999999999998
853,3,0.348,552,195.3,4,0,,0.1984458463501796,1,175.77,,
853,4,0.348,109,38.6,6,1,0.507,0.34677015506919423,1,38.6,0.1014,0.38025
853,5,0.348,599,211.9,6,0,,0.33071543251858887,1,190.71,,
853,6,0.348,326,115.3,3,1,0.467,0.30442355030293805,1,103.77,0.09340000000000001,0.35025
853,7,0.348,251,88.8,7,1,0.567,0.3922316868164485,1,88.8,0.1134,0.42524999999999996
853,8,0.348,366,129.5,7,1,0.363,0.27292703929944007,0,116.55,0.0726,
854,1,0.422,495,161.0,5,0,,0.30680024524208566,1,144.9,,
854,2,0.422,301,97.9,4,1,0.746,0.4329082970349832,1,88.11000000000001,0.1492,0.5595
854,3,0.422,597,194.2,10,1,0.623,0.46059700925688757,1,174.78,0.1246,0.46725
854,4,0.422,159,51.7,4,1,0.489,0.30433550560999467,1,51.7,0.0978,0.36675
854,5,0.422,437,142.2,8,0,,0.5148090610991081,1,127.97999999999999,,
854,6,0.422,201,65.4,4,1,0.554,0.24495188622239217,1,65.4,0.11080000000000001,0.41550000000000004
854,7,0.422,143,46.5,6,1,0.512,0.36418865412843565,1,46.5,0.1024,0.384
854,8,0.422,537,174.7,8,0,,0.39619914638023906,1,157.23,,
855,1,0.242,493,199.2,5,0,,0.178377628734807,1,179.28,,
855,2,0.242,469,189.5,5,0,,0.18549395264488075,1,170.55,,
855,3,0.242,181,73.1,3,1,0.403,0.4291074482308114,1,73.1,0.0806,0.30225
855,4,0.242,110,44.4,3,1,0.428,0.15691159109611014,1,44.4,0.08560000000000001,0.321
855,5,0.242,464,187.5,2,0,,0.4861221722471914,1,168.75,,
855,6,0.242,311,125.7,3,1,0.33,0.2857126779731052,1,113.13000000000001,0.066,0.2475
855,7,0.242,385,155.6,7,0,,0.2512055137311992,1,140.04,,
855,8,0.242,498,201.2,3,0,,0.2896240353387666,1,181.07999999999998,,
856,1,0.302,195,72.9,7,1,0.312,0.5549927749251953,1,72.9,0.062400000000000004,0.23399999999999999
856,2,0.302,200,74.8,6,1,0.491,0.20264069960685518,1,74.8,0.09820000000000001,0.36824999999999997
856,3,0.302,521,194.8,2,0,,0.18995820810636105,1,175.32000000000002,,
856,4,0.302,240,89.7,10,1,0.424,0.22651338034280788,1,89.7,0.0848,0.318
856,5,0.302,305,114.0,3,1,0.5,0.3052143146964561,1,102.60000000000001,0.1,0.375
856,6,0.302,514,192.2,2,0,,0.12942288751874265,0,172.98,,
856,7,0.302,565,211.2,4,0,,0.3042339239318608,1,190.07999999999998,,
856,8,0.302,123,46.0,9,1,0.647,0.4713547133413672,1,46.0,0.12940000000000002,0.48525
857,1,0.569,532,149.4,8,0,,0.5841407390624777,1,134.46,,
857,2,0.569,473,132.8,5,1,0.755,0.5397314541024723,1,119.52000000000001,0.15100000000000002,0.56625
857,3,0.569,359,100.8,5,1,0.705,0.5071839551316372,1,90.72,0.141,0.5287499999999999
857,4,0.569,525,147.4,9,0,,0.6588511704551564,1,132.66,,
857,5,0.569,309,86.8,3,1,0.654,0.4864167226761952,1,78.12,0.1308,0.49050000000000005
857,6,0.569,432,121.3,11,0,,0.7536395920599248,1,109.17,,
857,7,0.569,539,151.3,3,0,,0.7623359747714357,1,136.17000000000002,,
857,8,0.569,150,42.1,7,1,0.49,0.5946750798661787,1,42.1,0.098,0.3675
858,1,0.294,114,43.1,4,1,0.25,0.29284849119233547,1,43.1,0.05,0.1875
858,2,0.294,427,161.3,4,1,0.474,0.39706598082415595,0,145.17000000000002,0.0948,
858,3,0.294,396,149.6,5,0,,0.40347985022273253,0,134.64,,
858,4,0.294,122,46.1,6,1,0.524,0.21340082689405843,1,46.1,0.1048,0.393
858,5,0.294,503,190.1,3,0,,0.2413444866863298,0,171.09,,
858,6,0.294,258,97.5,1,1,0.351,0.16176525653167043,1,97.5,0.0702,0.26325
858,7,0.294,363,137.2,3,0,,0.3349064938334057,0,123.47999999999999,,
858,8,0.294,131,49.5,2,1,0.56,0.36066278834568904,1,49.5,0.11200000000000002,0.42000000000000004
859,1,0.237,348,141.6,3,1,0.404,0.10200743621387268,0,127.44,0.08080000000000001,
859,2,0.237,116,47.2,2,1,0.5,0.19148010951838407,1,47.2,0.1,0.375
859,3,0.237,365,148.5,8,1,0.376,0.10227460824186507,1,133.65,0.0752,0.28200000000000003
859,4,0.237,384,156.3,2,1,0.495,0.14712001897561622,1,140.67000000000002,0.099,0.37124999999999997
859,5,0.237,114,46.4,4,1,0.42,0.29210170602262997,1,46.4,0.084,0.315
859,6,0.237,241,98.1,6,1,0.415,0.16365179333217206,1,98.1,0.083,0.31124999999999997
859,7,0.237,427,173.8,0,0,,0.20691740439677012,1,156.42000000000002,,
859,8,0.237,219,89.1,5,1,0.482,0.07426882720526842,1,89.1,0.0964,0.3615
860,1,0.435,523,167.8,5,0,,0.45369902097246645,1,151.02,,
860,2,0.435,100,32.1,7,1,0.57,0.4305726680155351,1,32.1,0.11399999999999999,0.4275
860,3,0.435,447,143.4,3,0,,0.3621040749966838,0,129.06,,
860,4,0.435,119,38.2,6,1,0.547,0.41609857023175256,1,38.2,0.10940000000000001,0.41025
860,5,0.435,388,124.5,5,0,,0.45302948805034443,1,112.05,,
860,6,0.435,249,79.9,4,1,0.603,0.3535131851090656,1,79.9,0.1206,0.45225
860,7,0.435,197,63.2,1,1,0.446,0.2873737455998221,1,63.2,0.0892,0.3345
860,8,0.435,143,45.9,6,1,0.511,0.6155574432686816,1,45.9,0.10220000000000001,0.38325
861,1,0.248,381,152.9,4,1,0.333,0.18467272952897273,1,137.61,0.0666,0.24975000000000003
861,2,0.248,510,204.6,6,0,,0.23832398968131108,0,184.14,,
861,3,0.248,233,93.5,1,1,0.611,0.34908397350203135,1,93.5,0.1222,0.45825
861,4,0.248,312,125.2,1,1,0.61,0.6009055187570485,0,112.68,0.122,
861,5,0.248,121,48.6,4,1,0.534,0.12355135501111342,1,48.6,0.1068,0.4005
861,6,0.248,475,190.6,2,0,,0.292982721372651,1,171.54,,
861,7,0.248,269,107.9,5,1,0.348,0.17724477147058937,1,107.9,0.0696,0.261
861,8,0.248,533,213.9,5,0,,0.1941209695423289,0,192.51000000000002,,
862,1,0.592,400,109.9,3,0,,0.519978797899321,1,98.91000000000001,,
862,2,0.592,390,107.2,1,1,0.558,0.47943450321994147,1,96.48,0.11160000000000002,0.41850000000000004
862,3,0.592,214,58.8,7,1,0.688,0.5878708638215339,1,58.8,0.1376,0.516
862,4,0.592,406,111.6,9,1,0.793,0.4445497312951764,1,100.44,0.15860000000000002,0.59475
862,5,0.592,350,96.2,6,1,0.58,0.686680756651187,1,86.58,0.11599999999999999,0.43499999999999994
862,6,0.592,292,80.3,8,1,0.695,0.5975002936033375,1,80.3,0.13899999999999998,0.52125
862,7,0.592,383,105.3,11,0,,0.634243497290144,1,94.77,,
862,8,0.592,143,39.3,9,1,0.724,0.5453811388053776,1,39.3,0.1448,0.5429999999999999
863,1,0.494,526,158.7,6,1,0.513,0.45727960657882516,1,142.82999999999998,0.10260000000000001,0.38475000000000004
863,2,0.494,245,73.9,6,1,0.829,0.5227563905167328,1,73.9,0.1658,0.62175
863,3,0.494,168,50.7,4,1,0.571,0.37759493675941747,1,50.7,0.1142,0.42824999999999996
863,4,0.494,561,169.3,4,0,,0.45820095655866644,1,152.37,,
863,5,0.494,497,150.0,4,0,,0.40803864861215455,1,135.0,,
863,6,0.494,561,169.3,3,0,,0.40494311894089857,1,152.37,,
863,7,0.494,337,101.7,6,1,0.405,0.28301617593743583,1,91.53,0.08100000000000002,0.30375
863,8,0.494,498,150.3,2,0,,0.627932658948,1,135.27,,
864,1,0.193,208,90.1,5,1,0.267,0.12434612468462311,1,90.1,0.0534,0.20025
864,2,0.193,316,136.8,1,1,0.284,0.30933760551635503,1,123.12000000000002,0.056799999999999996,0.21299999999999997
864,3,0.193,221,95.7,6,1,0.346,0.29987923213942924,1,95.7,0.0692,0.25949999999999995
864,4,0.193,371,160.7,4,1,0.337,0.06440002934835062,1,144.63,0.0674,0.25275000000000003
864,5,0.193,388,168.0,2,1,0.241,0.08415887643271543,1,151.20000000000002,0.0482,0.18075
864,6,0.193,543,235.1,6,0,,0.4490502959355684,1,211.59,,
864,7,0.193,183,79.2,3,1,0.358,0.36809259419271434,1,79.2,0.0716,0.26849999999999996
864,8,0.193,511,221.3,5,0,,0.18984814866718958,0,199.17000000000002,,
865,1,0.216,523,219.2,6,0,,0.24173731064173493,1,197.28,,
865,2,0.216,364,152.6,5,1,0.196,0.15291535970528114,0,137.34,0.039200000000000006,
865,3,0.216,524,219.6,5,0,,0.259235271420034,1,197.64,,
865,4,0.216,533,223.4,2,0,,0.14428180992775286,0,201.06,,
865,5,0.216,323,135.4,4,1,0.354,0.012764623570161532,1,121.86000000000001,0.0708,0.26549999999999996
865,6,0.216,354,148.4,5,1,0.284,0.08384442134889489,1,133.56,0.056799999999999996,0.21299999999999997
865,7,0.216,267,111.9,6,0,,0.21810927478505873,0,111.9,,
865,8,0.216,361,151.3,2,0,,0.10289327644974122,1,136.17000000000002,,
866,1,0.455,192,60.3,3,1,0.503,0.4482722535086466,1,60.3,0.10060000000000001,0.37725
866,2,0.455,307,96.5,6,1,0.54,0.3475338960567137,1,86.85000000000001,0.10800000000000001,0.405
866,3,0.455,400,125.7,6,1,0.65,0.37676460774980064,1,113.13000000000001,0.13,0.48750000000000004
866,4,0.455,508,159.6,8,0,,0.5403165306413192,1,143.64,,
866,5,0.455,564,177.2,9,0,,0.4797480547640105,0,159.48,,
866,6,0.455,322,101.2,5,0,,0.4540335578686653,1,91.08,,
866,7,0.455,110,34.6,6,1,0.468,0.5428963973070652,1,34.6,0.09360000000000002,0.35100000000000003
866,8,0.455,138,43.4,2,1,0.596,0.5030608593347348,1,43.4,0.1192,0.44699999999999995
867,1,0.432,413,132.9,3,1,0.506,0.5766563291251368,1,119.61000000000001,0.10120000000000001,0.3795
867,2,0.432,397,127.8,1,0,,0.38601407376848595,1,115.02,,
867,3,0.432,505,162.5,7,0,,0.3890365021472491,1,146.25,,
867,4,0.432,369,118.8,5,0,,0.30188907336086546,1,106.92,,
867,5,0.432,499,160.6,4,0,,0.389101928262758,1,144.54,,
867,6,0.432,356,114.6,4,1,0.562,0.5284769894302446,1,103.14,0.11240000000000001,0.42150000000000004
867,7,0.432,500,160.9,1,0,,0.5619987372262134,1,144.81,,
867,8,0.432,158,50.9,4,1,0.514,0.5280305168086667,1,50.9,0.1028,0.3855
868,1,0.473,423,130.5,5,0,,0.29358081334505637,1,117.45,,
868,2,0.473,324,99.9,4,1,0.598,0.5813145212660734,1,89.91000000000001,0.1196,0.4485
868,3,0.473,476,146.8,3,0,,0.2891481376727929,1,132.12,,
868,4,0.473,438,135.1,7,0,,0.5628117324122347,1,121.59,,
868,5,0.473,182,56.1,6,1,0.72,0.4362215473428945,1,56.1,0.144,0.54
868,6,0.473,265,81.7,12,1,0.563,0.5432533313933855,1,81.7,0.11259999999999999,0.42224999999999996
868,7,0.473,214,66.0,6,1,0.712,0.3397551652105434,1,66.0,0.1424,0.534
868,8,0.473,556,171.5,6,0,,0.5901167632706147,1,154.35,,
869,1,0.254,162,64.5,5,1,0.264,0.1075025253895111,1,64.5,0.05280000000000001,0.198
869,2,0.254,226,89.9,5,1,0.438,0.18715450891468222,1,89.9,0.08760000000000001,0.3285
869,3,0.254,268,106.6,4,1,0.406,0.15419053722309647,1,106.6,0.08120000000000001,0.3045
869,4,0.254,254,101.1,2,1,0.27,0.07857151471775009,1,101.1,0.054000000000000006,0.2025
869,5,0.254,586,233.2,9,0,,0.26345275675884683,1,209.88,,
869,6,0.254,526,209.3,4,0,,0.43460891178369615,1,188.37,,
869,7,0.254,496,197.4,1,0,,0.5206905222320009,1,177.66,,
869,8,0.254,398,158.4,2,0,,0.2637155787086248,0,142.56,,
870,1,0.286,289,110.3,4,1,0.455,0.39766812750675223,1,110.3,0.09100000000000001,0.34125
870,2,0.286,263,100.4,5,1,0.494,0.3092094637928537,1,100.4,0.0988,0.3705
870,3,0.286,342,130.6,2,1,0.454,0.33588831947682124,1,117.53999999999999,0.0908,0.3405
870,4,0.286,437,166.9,4,0,,0.2517851348872761,1,150.21,,
870,5,0.286,291,111.1,1,1,0.376,0.3055076925422602,1,111.1,0.0752,0.28200000000000003
870,6,0.286,344,131.3,3,1,0.519,0.3397478704606428,1,118.17000000000002,0.1038,0.38925
870,7,0.286,472,180.2,6,0,,0.22815402711236685,1,162.18,,
870,8,0.286,196,74.8,6,1,0.459,0.2782505700107012,1,74.8,0.0918,0.34425
871,1,0.232,490,200.9,4,0,,0.2261569881002512,0,180.81,,
871,2,0.232,296,121.3,4,0,,0.3146403317330525,0,121.3,,
871,3,0.232,507,207.8,3,0,,0.12539678283723193,1,187.02,,
871,4,0.232,180,73.8,5,1,0.272,0.22684577913923484,1,73.8,0.054400000000000004,0.20400000000000001
871,5,0.232,145,59.4,1,1,0.269,0.42320054690526976,1,59.4,0.05380000000000001,0.20175
871,6,0.232,110,45.1,6,1,0.19,0.34840601525859377,1,45.1,0.038000000000000006,0.14250000000000002
871,7,0.232,363,148.8,6,1,0.35,0.36691790488887055,1,133.92000000000002,0.06999999999999999,0.26249999999999996
871,8,0.232,451,184.9,1,0,,0.23444318401780342,0,166.41,,
872,1,0.233,597,244.3,4,0,,0.26509975636860234,1,219.87,,
872,2,0.233,290,118.7,5,1,0.428,0.33322361667029254,1,118.7,0.08560000000000001,0.321
872,3,0.233,439,179.6,4,0,,0.3890255529530931,1,161.64,,
872,4,0.233,103,42.1,3,1,0.422,0.03783970871171133,1,42.1,0.0844,0.3165
872,5,0.233,183,74.9,6,1,0.279,0.10145586929501543,1,74.9,0.05580000000000001,0.20925000000000002
872,6,0.233,465,190.3,4,0,,0.3639444101402648,1,171.27,,
872,7,0.233,533,218.1,5,0,,0.20531106442311964,1,196.29,,
872,8,0.233,375,153.4,3,1,0.203,0.16582792107419228,1,138.06,0.040600000000000004,0.15225
873,1,0.17,502,224.9,5,0,,0.04458390130043963,1,202.41,,
873,2,0.17,449,201.1,4,0,,0.11449832984558907,1,180.99,,
873,3,0.17,242,108.4,2,1,0.443,0.029763071657617518,1,108.4,0.08860000000000001,0.33225
873,4,0.17,175,78.4,1,1,0.255,0.3791094272732477,1,78.4,0.051000000000000004,0.19125
873,5,0.17,117,52.4,3,1,0.33,0.16775639480194265,1,52.4,0.066,0.2475
873,6,0.17,160,71.7,6,1,0.517,0.16420494582372824,1,71.7,0.1034,0.38775000000000004
873,7,0.17,202,90.5,4,1,0.27,0.2288076675167832,1,90.5,0.054000000000000006,0.2025
873,8,0.17,443,198.4,9,1,0.484,0.266234516926657,1,178.56,0.0968,0.363
874,1,0.492,509,154.0,11,1,0.599,0.586588815655464,1,138.6,0.1198,0.44925
874,2,0.492,210,63.5,8,1,0.524,0.5993621943907572,1,63.5,0.1048,0.393
874,3,0.492,322,97.4,6,0,,0.4289154449209144,0,87.66000000000001,,
874,4,0.492,228,69.0,2,1,0.632,0.4622133195043139,1,69.0,0.1264,0.474
874,5,0.492,251,75.9,5,1,0.676,0.5689031655442276,1,75.9,0.13520000000000001,0.507
874,6,0.492,541,163.7,9,0,,0.439261093836038,1,147.32999999999998,,
874,7,0.492,142,43.0,10,1,0.522,0.49148933679727747,1,43.0,0.1044,0.3915
874,8,0.492,303,91.7,7,1,0.656,0.5318763764424814,0,82.53,0.1312,
875,1,0.332,125,45.1,5,1,0.351,0.41051850823103764,1,45.1,0.0702,0.26325
875,2,0.332,338,121.9,3,1,0.464,0.15423190376297988,1,109.71000000000001,0.09280000000000001,0.34800000000000003
875,3,0.332,312,112.5,5,1,0.583,0.40347456498889456,0,101.25,0.1166,
875,4,0.332,266,95.9,4,0,,0.3086275942148275,0,95.9,,
875,5,0.332,438,157.9,4,0,,0.4027457710864381,1,142.11,,
875,6,0.332,224,80.8,2,1,0.482,0.4096931692354829,1,80.8,0.0964,0.3615
875,7,0.332,392,141.4,2,0,,0.4927915061119158,1,127.26,,
875,8,0.332,595,214.6,5,0,,0.4673453647621203,0,193.14,,
876,1,0.343,118,42.0,8,1,0.58,0.4776571662610296,1,42.0,0.11599999999999999,0.43499999999999994
876,2,0.343,414,147.4,7,0,,0.4873670319166239,0,132.66,,
876,3,0.343,533,189.7,6,0,,0.3721378984815946,1,170.73,,
876,4,0.343,353,125.7,4,1,0.326,0.346218508703684,1,113.13000000000001,0.06520000000000001,0.2445
876,5,0.343,382,136.0,4,0,,0.43028170831783347,1,122.4,,
876,6,0.343,150,53.4,4,1,0.347,0.41620809514330226,1,53.4,0.0694,0.26025
876,7,0.343,139,49.5,6,1,0.343,0.312093376326174,1,49.5,0.06860000000000001,0.25725000000000003
876,8,0.343,533,189.7,5,0,,0.38348234088082683,0,170.73,,
877,1,0.473,141,43.5,8,1,0.545,0.46949035332154054,1,43.5,0.10900000000000001,0.40875000000000006
877,2,0.473,565,174.2,8,0,,0.38760670915399437,1,156.78,,
877,3,0.473,186,57.3,4,1,0.487,0.602046074137635,1,57.3,0.0974,0.36524999999999996
877,4,0.473,232,71.5,5,1,0.655,0.4785199242530089,1,71.5,0.131,0.49125
877,5,0.473,214,66.0,6,1,0.54,0.6778708257698851,1,66.0,0.10800000000000001,0.405
877,6,0.473,537,165.5,6,0,,0.31045077298001666,1,148.95000000000002,,
877,7,0.473,209,64.4,6,1,0.519,0.4173221227156633,1,64.4,0.1038,0.38925
877,8,0.473,358,110.4,7,0,,0.4762638836690871,1,99.36000000000001,,
878,1,0.058,557,299.6,5,0,,0.17173810976289142,0,269.64000000000004,,
878,2,0.058,187,100.6,3,1,0.361,0.09794693726021851,1,100.6,0.0722,0.27075
878,3,0.058,487,261.9,3,0,,0.08904727541807514,0,235.70999999999998,,
878,4,0.058,423,227.5,4,0,,0.0,1,204.75,,
878,5,0.058,233,125.3,1,1,0.157,0.0,1,125.3,0.031400000000000004,0.11775
878,6,0.058,149,80.1,3,1,0.16,0.09025046602899048,1,80.1,0.032,0.12
878,7,0.058,271,145.7,3,1,0.221,0.0,1,145.7,0.0442,0.16575
878,8,0.058,447,240.4,2,0,,0.00481222497106714,0,216.36,,
879,1,0.334,568,204.2,10,0,,0.3840917329085858,1,183.78,,
879,2,0.334,380,136.6,3,1,0.321,0.2357675727723224,1,122.94,0.06420000000000001,0.24075000000000002
879,3,0.334,210,75.5,10,1,0.655,0.4945355962361807,1,75.5,0.131,0.49125
879,4,0.334,196,70.5,6,1,0.717,0.45639363442378905,1,70.5,0.1434,0.53775
879,5,0.334,498,179.1,5,0,,0.17685800016616998,1,161.19,,
879,6,0.334,210,75.5,7,1,0.308,0.2407628756818013,1,75.5,0.0616,0.23099999999999998
879,7,0.334,332,119.4,6,1,0.38,0.10542227555050501,1,107.46000000000001,0.07600000000000001,0.28500000000000003
879,8,0.334,302,108.6,4,1,0.495,0.2557408637451867,1,97.74,0.099,0.37124999999999997
880,1,0.506,567,169.2,2,0,,0.5826388476572399,1,152.28,,
880,2,0.506,575,171.5,2,0,,0.4646105057725143,1,154.35,,
880,3,0.506,338,100.8,5,1,0.599,0.5520797243615968,1,90.72,0.1198,0.44925
880,4,0.506,312,93.1,12,1,0.583,0.3537665681718256,1,83.78999999999999,0.1166,0.43724999999999997
880,5,0.506,233,69.5,5,1,0.689,0.5857975254581905,1,69.5,0.1378,0.5167499999999999
880,6,0.506,211,62.9,4,1,0.619,0.450489077207165,1,62.9,0.12380000000000001,0.46425
880,7,0.506,426,127.1,4,1,0.684,0.5072169682282905,1,114.39,0.1368,0.513
880,8,0.506,593,176.9,5,0,,0.49671254986069474,1,159.21,,
881,1,0.109,204,100.4,7,1,0.249,0.0,1,100.4,0.049800000000000004,0.18675
881,2,0.109,594,292.5,3,0,,0.0,1,263.25,,
881,3,0.109,341,167.9,6,0,,0.2057794469003426,0,151.11,,
881,4,0.109,235,115.7,3,1,0.26,0.14889921575016957,1,115.7,0.052000000000000005,0.195
881,5,0.109,424,208.8,0,0,,0.21400490415534268,1,187.92000000000002,,
881,6,0.109,315,155.1,5,1,0.278,0.14146582355025183,0,139.59,0.05560000000000001,
881,7,0.109,416,204.8,8,1,0.32,0.12329906348092165,0,184.32000000000002,0.064,
881,8,0.109,299,147.2,3,1,0.233,0.0,1,147.2,0.0466,0.17475000000000002
882,1,0.476,358,110.0,5,1,0.579,0.448963330323883,1,99.0,0.1158,0.43424999999999997
882,2,0.476,270,83.0,5,1,0.59,0.4732615679596256,1,83.0,0.118,0.4425
882,3,0.476,251,77.1,4,1,0.391,0.6713107198272574,1,77.1,0.0782,0.29325
882,4,0.476,185,56.8,9,1,0.506,0.5446956632098677,1,56.8,0.10120000000000001,0.3795
882,5,0.476,250,76.8,11,1,0.521,0.6296061181709528,1,76.8,0.10420000000000001,0.39075000000000004
882,6,0.476,262,80.5,4,1,0.52,0.5357537705894728,1,80.5,0.10400000000000001,0.39
882,7,0.476,485,149.0,1,0,,0.404869677305052,1,134.1,,
882,8,0.476,254,78.0,4,1,0.393,0.4877124216149851,1,78.0,0.0786,0.29475
883,1,0.335,268,96.3,5,1,0.458,0.35862236462642333,1,96.3,0.09160000000000001,0.3435
883,2,0.335,512,183.9,5,0,,0.24108444302293186,1,165.51000000000002,,
883,3,0.335,382,137.2,6,0,,0.2965612623407079,1,123.47999999999999,,
883,4,0.335,507,182.1,3,0,,0.3144233006322828,1,163.89,,
883,5,0.335,212,76.2,1,1,0.525,0.49556198325651185,1,76.2,0.10500000000000001,0.39375000000000004
883,6,0.335,316,113.5,6,1,0.596,0.1269259474609022,1,102.15,0.1192,0.44699999999999995
883,7,0.335,322,115.7,6,1,0.437,0.45558184207160435,1,104.13000000000001,0.0874,0.32775
883,8,0.335,512,183.9,6,1,0.398,0.24132047650406174,1,165.51000000000002,0.0796,0.2985
884,1,0.311,306,113.2,2,1,0.487,0.17379208127303858,1,101.88000000000001,0.0974,0.36524999999999996
884,2,0.311,102,37.7,5,1,0.416,0.42899421300384644,1,37.7,0.0832,0.312
884,3,0.311,128,47.3,11,1,0.568,0.3841898069234381,1,47.3,0.11359999999999999,0.42599999999999993
884,4,0.311,264,97.6,3,1,0.416,0.436451870238119,1,97.6,0.0832,0.312
884,5,0.311,158,58.4,7,1,0.414,0.3910701947545577,1,58.4,0.0828,0.3105
884,6,0.311,225,83.2,4,1,0.559,0.5169845001737402,1,83.2,0.11180000000000001,0.41925
884,7,0.311,411,152.0,6,0,,0.3668723836944485,1,136.8,,
884,8,0.311,555,205.2,5,0,,0.29535226238768414,1,184.68,,
885,1,0.316,469,172.5,3,1,0.406,0.35029263773213426,1,155.25,0.08120000000000001,0.3045
885,2,0.316,189,69.5,6,1,0.505,0.44034691283459637,1,69.5,0.101,0.37875000000000003
885,3,0.316,211,77.6,3,1,0.481,0.2380624674739883,1,77.6,0.09620000000000001,0.36075
885,4,0.316,322,118.4,5,1,0.579,0.2508111417468619,0,106.56,0.1158,
885,5,0.316,325,119.5,6,1,0.504,0.2851039985402093,0,107.55,0.1008,
885,6,0.316,531,195.3,3,0,,0.10554172012346677,0,175.77,,
885,7,0.316,378,139.0,6,1,0.578,0.3298078408417547,0,125.10000000000001,0.1156,
885,8,0.316,139,51.1,4,1,0.449,0.12738712960489737,1,51.1,0.0898,0.33675
886,1,0.134,584,276.2,4,0,,0.1393059312932619,1,248.57999999999998,,
886,2,0.134,299,141.4,3,1,0.083,0.220528975613525,1,141.4,0.0166,0.06225
886,3,0.134,560,264.9,2,0,,0.08631235393561644,0,238.41,,
886,4,0.134,557,263.5,4,1,0.578,0.3017115870186871,1,237.15,0.1156,0.4335
886,5,0.134,506,239.3,3,0,,0.0,1,215.37,,
886,6,0.134,516,244.1,3,0,,0.2531260681631833,0,219.69,,
886,7,0.134,472,223.3,2,0,,0.2015137056406921,1,200.97000000000003,,
886,8,0.134,235,111.2,3,1,0.381,0.0,1,111.2,0.0762,0.28575
887,1,0.043,462,255.4,4,0,,0.31407942990405324,0,229.86,,
887,2,0.043,206,113.9,4,1,0.173,0.036625471449603375,1,113.9,0.0346,0.12974999999999998
887,3,0.043,482,266.5,7,0,,0.0,0,239.85,,
887,4,0.043,423,233.9,4,1,0.09,0.0,0,210.51000000000002,0.018,
887,5,0.043,503,278.1,5,0,,0.02099819723403259,1,250.29000000000002,,
887,6,0.043,316,174.7,4,1,0.35,0.03025931276100402,0,157.23,0.06999999999999999,
887,7,0.043,551,304.6,7,0,,0.05326455285396644,1,274.14000000000004,,
887,8,0.043,431,238.3,3,0,,0.013220384377603978,0,214.47000000000003,,
888,1,0.44,286,91.3,6,1,0.708,0.5033225310115094,1,91.3,0.1416,0.5309999999999999
888,2,0.44,202,64.5,4,1,0.509,0.40123701673367534,1,64.5,0.1018,0.38175000000000003
888,3,0.44,194,61.9,4,1,0.448,0.2465035882759529,1,61.9,0.08960000000000001,0.336
888,4,0.44,394,125.7,6,0,,0.42506385043503586,1,113.13000000000001,,
888,5,0.44,156,49.8,2,0,,0.20325223466267217,0,49.8,,
888,6,0.44,511,163.0,8,0,,0.47537706308913896,1,146.70000000000002,,
888,7,0.44,476,151.9,9,1,0.564,0.34206997697173647,1,136.71,0.1128,0.42299999999999993
888,8,0.44,534,170.4,5,0,,0.45633603549158,1,153.36,,
889,1,0.12,343,166.1,5,0,,0.25140749815246044,1,149.49,,
889,2,0.12,221,107.0,3,1,0.287,0.025125130473199975,1,107.0,0.0574,0.21525
889,3,0.12,579,280.3,6,0,,0.2261256258512118,1,252.27,,
889,4,0.12,463,224.2,7,0,,0.07666104333138468,0,201.78,,
889,5,0.12,217,105.1,2,0,,0.2953194802065585,0,105.1,,
889,6,0.12,149,72.1,3,1,0.346,0.08348473868017867,1,72.1,0.0692,0.25949999999999995
889,7,0.12,285,138.0,4,1,0.327,0.03595070144933085,1,138.0,0.0654,0.24525000000000002
889,8,0.12,425,205.8,6,1,0.267,0.18872384503952883,1,185.22000000000003,0.0534,0.20025
890,1,0.2,364,156.0,1,0,,0.1564210270376364,1,140.4,,
890,2,0.2,400,171.4,2,0,,0.11585504858709916,1,154.26000000000002,,
890,3,0.2,250,107.1,6,1,0.279,0.1522160149296209,1,107.1,0.05580000000000001,0.20925000000000002
890,4,0.2,486,208.3,6,0,,0.19553934678169987,1,187.47000000000003,,
890,5,0.2,128,54.9,7,1,0.351,0.3342180131244854,1,54.9,0.0702,0.26325
890,6,0.2,483,207.0,4,0,,0.006591225454042282,1,186.3,,
890,7,0.2,461,197.5,1,0,,0.20230806589504208,0,177.75,,
890,8,0.2,493,211.3,5,0,,0.26249035946540433,1,190.17000000000002,,
891,1,0.701,158,39.5,6,1,0.697,0.7203448574991795,1,39.5,0.1394,0.5227499999999999
891,2,0.701,514,128.4,4,0,,0.8319865169433533,1,38.52,,
891,3,0.701,157,39.2,6,1,0.747,0.6935654670241476,1,39.2,0.1494,0.56025
891,4,0.701,178,44.5,8,1,0.822,0.6825448557814054,1,44.5,0.1644,0.6164999999999999
891,5,0.701,529,132.2,3,0,,0.7602329547013342,1,118.97999999999999,,
891,6,0.701,471,117.7,8,0,,0.7109313814951349,1,105.93,,
891,7,0.701,142,35.5,3,1,0.653,0.6619591261719528,1,35.5,0.13060000000000002,0.48975
891,8,0.701,330,82.4,6,1,0.795,0.7526144039586379,1,74.16000000000001,0.15900000000000003,0.5962500000000001
892,1,0.282,222,85.2,2,1,0.641,0.21674717067833543,1,85.2,0.1282,0.48075
892,2,0.282,364,139.7,7,1,0.328,0.22088228479806726,1,125.72999999999999,0.0656,0.246
892,3,0.282,205,78.7,4,1,0.342,0.2292005978234386,1,78.7,0.0684,0.2565
892,4,0.282,496,190.3,7,0,,0.4173069160166407,0,171.27,,
892,5,0.282,321,123.2,6,1,0.553,0.0,1,110.88000000000001,0.11060000000000002,0.41475000000000006
892,6,0.282,465,178.4,1,0,,0.3215598834762942,1,160.56,,
892,7,0.282,206,79.1,3,1,0.397,0.2854271814200222,1,79.1,0.07940000000000001,0.29775
892,8,0.282,270,103.6,5,1,0.291,0.11391295407618793,1,103.6,0.0582,0.21825
893,1,0.349,597,210.9,4,0,,0.3799726779136002,1,189.81,,
893,2,0.349,145,51.2,6,1,0.267,0.3965751991831532,1,51.2,0.0534,0.20025
893,3,0.349,323,114.1,6,0,,0.40796392313574,1,102.69,,
893,4,0.349,323,114.1,4,1,0.255,0.08381719369550505,0,102.69,0.051000000000000004,
893,5,0.349,425,150.1,4,1,0.351,0.4856389411854438,1,135.09,0.0702,0.26325
893,6,0.349,360,127.2,1,1,0.5,0.2752263295315159,0,114.48,0.1,
893,7,0.349,467,165.0,3,0,,0.4176567746753176,1,148.5,,
893,8,0.349,509,179.8,2,0,,0.42310737806822857,1,161.82000000000002,,
894,1,0.183,422,185.2,5,0,,0.0953302914380707,1,166.68,,
894,2,0.183,409,179.5,0,0,,0.24904599523515503,1,161.55,,
894,3,0.183,299,131.2,6,1,0.482,0.14445067590876418,1,131.2,0.0964,0.3615
894,4,0.183,128,56.2,5,1,0.24,0.0,1,56.2,0.048,0.18
894,5,0.183,487,213.8,3,0,,0.29977419255277793,1,192.42000000000002,,
894,6,0.183,141,61.9,2,1,0.431,0.10549550369837601,1,61.9,0.0862,0.32325
894,7,0.183,487,213.8,3,0,,0.09755065372619456,1,192.42000000000002,,
894,8,0.183,153,67.2,3,1,0.622,0.14269341319632778,1,67.2,0.12440000000000001,0.4665
895,1,0.502,536,160.4,2,0,,0.5292236725327388,1,144.36,,
895,2,0.502,380,113.7,7,0,,0.4962729589177898,1,102.33,,
895,3,0.502,310,92.8,6,1,0.552,0.556806692470717,1,83.52,0.11040000000000001,0.41400000000000003
895,4,0.502,284,85.0,10,1,0.546,0.3680510633471341,1,85.0,0.10920000000000002,0.40950000000000003
895,5,0.502,510,152.6,3,0,,0.4277613629569265,1,137.34,,
895,6,0.502,486,145.5,4,1,0.653,0.49040029276784664,1,130.95000000000002,0.13060000000000002,0.48975
895,7,0.502,170,50.9,8,1,0.697,0.6917887292658705,1,50.9,0.1394,0.5227499999999999
895,8,0.502,200,59.9,7,1,0.748,0.4906187461586242,1,59.9,0.1496,0.5609999999999999
896,1,0.062,145,77.3,3,1,0.344,0.17052222636616315,1,77.3,0.0688,0.258
896,2,0.062,238,126.9,6,1,0.222,0.06585551687843177,1,126.9,0.0444,0.1665
896,3,0.062,591,315.2,9,0,,0.01363413625624315,1,283.68,,
896,4,0.062,176,93.9,4,1,0.11,0.037327557588555944,1,93.9,0.022000000000000002,0.0825
896,5,0.062,347,185.1,3,1,0.212,0.04515802879711188,0,166.59,0.0424,
896,6,0.062,579,308.8,5,0,,0.12236457389607386,0,277.92,,
896,7,0.062,204,108.8,1,1,0.267,0.19946112675765545,1,108.8,0.0534,0.20025
896,8,0.062,421,224.6,2,0,,0.09796808476863211,1,202.14,,
897,1,0.435,212,68.0,5,1,0.507,0.5537077678741755,1,68.0,0.1014,0.38025
897,2,0.435,338,108.4,5,0,,0.33852102623703145,1,97.56,,
897,3,0.435,135,43.3,6,0,,0.39353694911859693,0,43.3,,
897,4,0.435,403,129.2,3,0,,0.3625697465792333,1,116.27999999999999,,
897,5,0.435,251,80.5,2,1,0.453,0.4664444590874853,1,80.5,0.09060000000000001,0.33975
897,6,0.435,391,125.4,7,1,0.605,0.39910416148205863,1,112.86000000000001,0.121,0.45375
897,7,0.435,544,174.5,4,0,,0.5079772937034195,1,157.05,,
897,8,0.435,100,32.1,6,1,0.563,0.34189982883675585,1,32.1,0.11259999999999999,0.42224999999999996
898,1,0.092,463,234.6,3,0,,0.09630309733212815,1,211.14,,
898,2,0.092,494,250.3,3,0,,0.1606857911012256,1,225.27,,
898,3,0.092,532,269.6,5,0,,0.0,0,242.64000000000001,,
898,4,0.092,235,119.1,3,1,0.396,0.30416313073302037,1,119.1,0.0792,0.29700000000000004
898,5,0.092,274,138.8,3,1,0.372,0.06368481151201243,1,138.8,0.07440000000000001,0.279
898,6,0.092,214,108.4,1,1,0.098,0.0,1,108.4,0.019600000000000003,0.07350000000000001
898,7,0.092,176,89.2,3,1,0.375,0.1078093898576786,1,89.2,0.07500000000000001,0.28125
898,8,0.092,171,86.6,4,1,0.202,0.0953443467973151,1,86.6,0.040400000000000005,0.15150000000000002
899,1,0.626,483,128.7,9,0,,0.6178105620427508,1,115.83,,
899,2,0.626,119,31.7,6,1,0.695,0.7251191112926666,1,31.7,0.13899999999999998,0.52125
899,3,0.626,444,118.3,10,0,,0.7007444971427056,1,106.47,,
899,4,0.626,137,36.5,4,1,0.672,0.6557876191023845,1,36.5,0.13440000000000002,0.504
899,5,0.626,353,94.1,4,1,0.711,0.6710155633946647,1,84.69,0.1422,0.53325
899,6,0.626,380,101.3,6,1,0.543,0.6155641550561913,1,91.17,0.10860000000000002,0.40725
899,7,0.626,506,134.8,9,0,,0.8035490849240048,1,40.440000000000005,,
899,8,0.626,286,76.2,7,1,0.603,0.4780803981642233,1,76.2,0.1206,0.45225
900,1,0.377,155,53.0,5,1,0.275,0.39096516742158965,1,53.0,0.05500000000000001,0.20625000000000002
900,2,0.377,267,91.3,2,1,0.467,0.38350246311887803,1,91.3,0.09340000000000001,0.35025
900,3,0.377,449,153.6,5,0,,0.4583280406064593,1,138.24,,
900,4,0.377,123,42.1,6,1,0.4,0.29261461225751006,1,42.1,0.08000000000000002,0.30000000000000004
900,5,0.377,180,61.6,5,1,0.589,0.20263273976034638,1,61.6,0.1178,0.44175
900,6,0.377,233,79.7,6,1,0.521,0.3926823016098193,1,79.7,0.10420000000000001,0.39075000000000004
900,7,0.377,168,57.5,4,1,0.453,0.40512304922186043,1,57.5,0.09060000000000001,0.33975
900,8,0.377,301,103.0,10,1,0.495,0.525959940944765,0,92.7,0.099,
901,1,0.127,163,78.0,4,1,0.263,0.0,1,78.0,0.05260000000000001,0.19725
901,2,0.127,196,93.8,2,1,0.318,0.242469376671672,1,93.8,0.0636,0.2385
901,3,0.127,379,181.3,3,1,0.189,0.36374143640271217,0,163.17000000000002,0.0378,
901,4,0.127,541,258.8,7,0,,0.0892235112477523,1,232.92000000000002,,
901,5,0.127,473,226.3,5,0,,0.0,1,203.67000000000002,,
901,6,0.127,339,162.2,6,1,0.205,0.08630256336266288,0,145.98,0.041,
901,7,0.127,586,280.3,2,0,,0.12840049673713808,0,252.27,,
901,8,0.127,195,93.3,3,1,0.25,0.18337878750069148,1,93.3,0.05,0.1875
902,1,0.274,204,79.0,7,0,,0.2148605270161953,0,79.0,,
902,2,0.274,135,52.3,1,1,0.516,0.4295198534147342,1,52.3,0.10320000000000001,0.387
902,3,0.274,325,125.9,2,1,0.496,0.16254676849919386,1,113.31,0.09920000000000001,0.372
902,4,0.274,244,94.5,3,1,0.301,0.10007948478272,1,94.5,0.060200000000000004,0.22575
902,5,0.274,161,62.4,5,0,,0.38467104242873174,0,62.4,,
902,6,0.274,226,87.6,5,1,0.528,0.046537896879380036,1,87.6,0.10560000000000001,0.396
902,7,0.274,466,180.5,1,0,,0.2535870231127284,1,162.45000000000002,,
902,8,0.274,427,165.4,1,1,0.448,0.5857681129208048,1,148.86,0.08960000000000001,0.336
903,1,0.383,168,57.1,8,1,0.442,0.38179564470400684,1,57.1,0.0884,0.3315
903,2,0.383,591,200.9,7,0,,0.27092323493037507,1,180.81,,
903,3,0.383,291,98.9,5,1,0.348,0.37726025362132065,1,98.9,0.0696,0.261
903,4,0.383,101,34.3,6,1,0.419,0.3779199211380467,1,34.3,0.0838,0.31425
903,5,0.383,368,125.1,5,1,0.41,0.39906499403531165,1,112.59,0.082,0.3075
903,6,0.383,598,203.3,6,0,,0.449226298215962,1,182.97000000000003,,
903,7,0.383,242,82.3,6,1,0.524,0.2790888831632261,1,82.3,0.1048,0.393
903,8,0.383,140,47.6,2,1,0.596,0.5517548055236794,1,47.6,0.1192,0.44699999999999995
904,1,0.178,425,187.9,1,0,,0.20251142843726178,0,169.11,,
904,2,0.178,444,196.3,1,0,,0.25067940464018035,0,176.67000000000002,,
904,3,0.178,484,214.0,6,1,0.29,0.11518506002443574,0,192.6,0.057999999999999996,
904,4,0.178,238,105.2,5,1,0.261,0.30663821369955335,1,105.2,0.0522,0.19575
904,5,0.178,152,67.2,7,1,0.39,0.15229475911869353,1,67.2,0.07800000000000001,0.2925
904,6,0.178,266,117.6,5,1,0.234,0.20575525134935316,1,117.6,0.04680000000000001,0.17550000000000002
904,7,0.178,127,56.2,1,1,0.296,0.08468939228128906,1,56.2,0.0592,0.22199999999999998
904,8,0.178,470,207.8,7,0,,0.0783068373597873,1,187.02,,
905,1,0.216,267,111.8,2,1,0.28,0.2848205306452883,1,111.8,0.05600000000000001,0.21000000000000002
905,2,0.216,160,67.0,3,0,,0.1716393169792614,0,67.0,,
905,3,0.216,412,172.6,9,0,,0.1306176912495623,1,155.34,,
905,4,0.216,535,224.1,5,0,,0.15168166579729697,1,201.69,,
905,5,0.216,495,207.3,4,0,,0.2858953071717421,0,186.57000000000002,,
905,6,0.216,101,42.3,6,1,0.431,0.1530962138796389,1,42.3,0.0862,0.32325
905,7,0.216,544,227.8,5,0,,0.20423450683978359,0,205.02,,
905,8,0.216,452,189.3,13,0,,0.2175027750287097,1,170.37,,
906,1,0.521,135,39.7,9,1,0.665,0.3292651113989701,1,39.7,0.133,0.49875
906,2,0.521,397,116.7,7,0,,0.37388735946264817,1,105.03,,
906,3,0.521,253,74.3,8,1,0.51,0.5546277889247563,1,74.3,0.10200000000000001,0.3825
906,4,0.521,125,36.7,7,1,0.62,0.4472970638847303,1,36.7,0.124,0.46499999999999997
906,5,0.521,548,161.0,6,0,,0.6266724911280419,1,144.9,,
906,6,0.521,218,64.1,6,1,0.599,0.6176807104250545,1,64.1,0.1198,0.44925
906,7,0.521,157,46.1,8,1,0.524,0.5929168666355438,1,46.1,0.1048,0.393
906,8,0.521,490,144.0,7,0,,0.7029771787312598,1,129.6,,
907,1,0.279,117,45.1,6,1,0.325,0.2706910672256817,1,45.1,0.065,0.24375000000000002
907,2,0.279,135,52.0,5,1,0.466,0.34388819259038395,1,52.0,0.0932,0.34950000000000003
907,3,0.279,312,120.1,4,1,0.461,0.2205599023403969,1,108.09,0.0922,0.34575
907,4,0.279,264,101.7,4,1,0.513,0.5242369912868724,1,101.7,0.10260000000000001,0.38475000000000004
907,5,0.279,428,164.8,3,1,0.294,0.477363365243602,0,148.32000000000002,0.0588,
907,6,0.279,101,38.9,3,1,0.394,0.2801880434517792,1,38.9,0.07880000000000001,0.2955
907,7,0.279,194,74.7,6,1,0.457,0.3176586229905193,1,74.7,0.09140000000000001,0.34275
907,8,0.279,316,121.7,4,1,0.406,0.4149297599364806,1,109.53,0.08120000000000001,0.3045
908,1,0.485,510,155.3,9,1,0.489,0.47028604951858927,1,139.77,0.0978,0.36675
908,2,0.485,448,136.4,5,0,,0.4193375929200295,1,122.76,,
908,3,0.485,172,52.4,2,0,,0.5723989751006883,0,52.4,,
908,4,0.485,335,102.0,7,1,0.738,0.492843924608367,0,91.8,0.1476,
908,5,0.485,284,86.5,8,1,0.406,0.503299444964526,1,86.5,0.08120000000000001,0.3045
908,6,0.485,101,30.8,3,1,0.529,0.40157286569320344,1,30.8,0.1058,0.39675000000000005
908,7,0.485,575,175.1,8,0,,0.3132327851636604,1,157.59,,
908,8,0.485,499,152.0,5,0,,0.5086142409879101,1,136.8,,
909,1,0.348,383,135.5,2,1,0.461,0.43849620414942,1,121.95,0.0922,0.34575
909,2,0.348,390,138.0,7,0,,0.3254193250923958,1,124.2,,
909,3,0.348,230,81.4,2,1,0.406,0.4916429519558867,1,81.4,0.08120000000000001,0.3045
909,4,0.348,127,44.9,7,1,0.335,0.2776083674584455,1,44.9,0.067,0.25125000000000003
909,5,0.348,320,113.2,5,1,0.372,0.24252955450340796,1,101.88000000000001,0.07440000000000001,0.279
909,6,0.348,432,152.8,5,1,0.348,0.34127696928038687,1,137.52,0.0696,0.261
909,7,0.348,215,76.1,3,1,0.285,0.3397407424648709,1,76.1,0.056999999999999995,0.21375
909,8,0.348,365,129.1,7,1,0.701,0.42499687313352225,0,116.19,0.1402,
910,1,0.378,113,38.6,4,1,0.587,0.3005037175936015,1,38.6,0.1174,0.44025
910,2,0.378,401,137.1,4,0,,0.5148094236814899,0,123.39,,
910,3,0.378,140,47.9,3,1,0.387,0.5746916962508254,1,47.9,0.07740000000000001,0.29025
910,4,0.378,523,178.8,4,0,,0.3740855973031658,1,160.92000000000002,,
910,5,0.378,415,141.8,3,0,,0.5029710420184319,1,127.62000000000002,,
910,6,0.378,236,80.7,5,1,0.407,0.272350292937474,1,80.7,0.0814,0.30524999999999997
910,7,0.378,103,35.2,2,1,0.4,0.4855221541181916,1,35.2,0.08000000000000002,0.30000000000000004
910,8,0.378,421,143.9,5,0,,0.48272764085594627,1,129.51000000000002,,
911,1,0.455,142,44.6,3,1,0.608,0.5413437280189879,1,44.6,0.1216,0.45599999999999996
911,2,0.455,579,181.8,5,0,,0.4534436911129706,1,163.62,,
911,3,0.455,368,115.6,5,1,0.713,0.15957510587579687,1,104.03999999999999,0.1426,0.53475
911,4,0.455,128,40.2,7,0,,0.3908272856347871,0,40.2,,
911,5,0.455,584,183.4,7,1,0.614,0.39240839823153983,1,165.06,0.1228,0.4605
911,6,0.455,109,34.2,6,1,0.504,0.3571745061939523,1,34.2,0.1008,0.378
911,7,0.455,348,109.3,5,0,,0.46722430045470664,1,98.37,,
911,8,0.455,581,182.5,4,0,,0.4131036554478765,1,164.25,,
912,1,0.565,572,161.2,5,0,,0.4825387990234977,1,145.07999999999998,,
912,2,0.565,242,68.2,7,1,0.704,0.45911998517521796,1,68.2,0.1408,0.528
912,3,0.565,150,42.3,6,1,0.657,0.49344870145147707,1,42.3,0.13140000000000002,0.49275
912,4,0.565,440,124.0,7,0,,0.6771499211849927,1,111.60000000000001,,
912,5,0.565,560,157.8,4,0,,0.4988974945372505,1,142.02,,
912,6,0.565,358,100.9,5,1,0.431,0.5135061293566727,1,90.81,0.0862,0.32325
912,7,0.565,238,67.1,3,1,0.594,0.5193302384976753,1,67.1,0.1188,0.4455
912,8,0.565,156,44.0,6,1,0.536,0.598899351380942,1,44.0,0.10720000000000002,0.402
913,1,0.135,561,264.9,4,0,,0.1806249488528533,0,238.41,,
913,2,0.135,401,189.4,7,0,,0.0,0,170.46,,
913,3,0.135,374,176.6,6,0,,0.2371635213827608,1,158.94,,
913,4,0.135,598,282.4,4,0,,0.2786368034243754,1,254.16,,
913,5,0.135,263,124.2,6,1,0.42,0.02998134626383306,1,124.2,0.084,0.315
913,6,0.135,185,87.4,5,1,0.352,0.03777017552651653,1,87.4,0.0704,0.264
913,7,0.135,234,110.5,5,1,0.378,0.08997466122217286,1,110.5,0.0756,0.2835
913,8,0.135,529,249.8,8,0,,0.05939959805433953,1,224.82000000000002,,
914,1,0.419,380,124.1,2,0,,0.44139268739466064,0,111.69,,
914,2,0.419,359,117.2,4,1,0.472,0.22434747136411354,1,105.48,0.0944,0.354
914,3,0.419,331,108.1,6,0,,0.307207239196326,1,97.28999999999999,,
914,4,0.419,588,192.0,3,0,,0.5729197200174907,0,172.8,,
914,5,0.419,412,134.5,7,1,0.555,0.3261780032651982,1,121.05,0.11100000000000002,0.41625
914,6,0.419,520,169.8,6,0,,0.5433428278102925,0,152.82000000000002,,
914,7,0.419,144,47.0,3,1,0.53,0.4545338195590137,1,47.0,0.10600000000000001,0.3975
914,8,0.419,396,129.3,4,0,,0.23807322854117416,1,116.37000000000002,,
915,1,0.628,347,92.3,8,1,0.757,0.6915329195216207,1,83.07,0.1514,0.56775
915,2,0.628,537,142.9,6,0,,0.6162332697807147,1,128.61,,
915,3,0.628,265,70.5,5,1,0.684,0.5824532943750259,1,70.5,0.1368,0.513
915,4,0.628,380,101.1,10,1,0.62,0.6524957093172004,1,90.99,0.124,0.46499999999999997
915,5,0.628,530,141.0,9,0,,0.6754633485566792,1,126.9,,
915,6,0.628,403,107.2,9,0,,0.6987591821974619,1,96.48,,
915,7,0.628,191,50.8,7,1,0.686,0.7458252847548003,1,50.8,0.13720000000000002,0.5145000000000001
915,8,0.628,240,63.8,6,1,0.656,0.6688135912778357,1,63.8,0.1312,0.492
916,1,0.423,581,188.8,5,0,,0.28543659112136377,1,169.92000000000002,,
916,2,0.423,450,146.2,3,0,,0.3756354542348809,0,131.57999999999998,,
916,3,0.423,164,53.3,8,1,0.544,0.7173048335268621,1,53.3,0.10880000000000001,0.40800000000000003
916,4,0.423,431,140.0,8,0,,0.49544910603817277,1,126.0,,
916,5,0.423,443,143.9,4,0,,0.6599287300811497,1,129.51000000000002,,
916,6,0.423,304,98.8,2,1,0.706,0.5625434082199186,1,88.92,0.1412,0.5295
916,7,0.423,501,162.8,7,0,,0.4471802071555748,1,146.52,,
916,8,0.423,382,124.1,4,1,0.644,0.4531407069781117,1,111.69,0.1288,0.483
917,1,0.324,232,84.4,4,1,0.467,0.32034199601231544,1,84.4,0.09340000000000001,0.35025
917,2,0.324,545,198.4,6,1,0.222,0.15021953841535005,0,178.56,0.0444,
917,3,0.324,517,188.2,4,0,,0.3258047252468224,1,169.38,,
917,4,0.324,383,139.4,6,0,,0.44506745525421976,1,125.46000000000001,,
917,5,0.324,318,115.7,7,1,0.426,0.2640360005178796,1,104.13000000000001,0.0852,0.3195
917,6,0.324,410,149.2,7,1,0.409,0.36519529990618094,1,134.28,0.0818,0.30674999999999997
917,7,0.324,501,182.3,2,0,,0.40915910458931976,1,164.07000000000002,,
917,8,0.324,246,89.5,4,1,0.442,0.23303195606875246,1,89.5,0.0884,0.3315
918,1,0.524,336,98.5,7,1,0.393,0.47886971356563357,1,88.65,0.0786,0.29475
918,2,0.524,546,160.0,5,0,,0.4222088509522841,1,144.0,,
918,3,0.524,349,102.3,8,0,,0.44178343933105935,1,92.07,,
918,4,0.524,255,74.7,4,1,0.59,0.39523947163469386,1,74.7,0.118,0.4425
918,5,0.524,556,162.9,4,0,,0.43395515386219735,1,146.61,,
918,6,0.524,150,44.0,7,1,0.53,0.6659455680797839,1,44.0,0.10600000000000001,0.3975
918,7,0.524,259,75.9,5,1,0.629,0.43245229709097077,1,75.9,0.1258,0.47175
918,8,0.524,327,95.8,5,1,0.637,0.5366459219060691,1,86.22,0.1274,0.47775
919,1,0.684,229,58.0,9,1,0.622,0.6337131246329044,1,58.0,0.12440000000000001,0.4665
919,2,0.684,211,53.4,12,1,0.906,0.801886593703694,1,16.02,0.18120000000000003,0.6795
919,3,0.684,109,27.6,6,1,0.609,0.8151162296603617,1,8.28,0.1218,0.45675
919,4,0.684,331,83.8,5,1,0.673,0.7704069982138948,1,75.42,0.13460000000000003,0.50475
919,5,0.684,428,108.4,5,1,1.0,0.7146134553102755,1,97.56,0.2,0.75
919,6,0.684,327,82.8,6,1,0.671,0.6608940463159102,1,74.52,0.1342,0.50325
919,7,0.684,485,122.9,6,0,,0.564812529580875,0,110.61000000000001,,
919,8,0.684,462,117.0,4,0,,0.8783528881122198,1,35.1,,
920,1,0.359,526,183.6,4,0,,0.28303269822474464,1,165.24,,
920,2,0.359,330,115.2,2,1,0.417,0.4253646347032841,1,103.68,0.0834,0.31275
920,3,0.359,329,114.9,6,1,0.601,0.4649565572623397,1,103.41000000000001,0.1202,0.45075
920,4,0.359,442,154.3,7,1,0.421,0.30347195030946705,1,138.87,0.0842,0.31575
920,5,0.359,480,167.6,6,0,,0.4628012527315962,1,150.84,,
920,6,0.359,460,160.6,4,0,,0.43542132033388553,1,144.54,,
920,7,0.359,216,75.4,4,1,0.321,0.5317963835381765,1,75.4,0.06420000000000001,0.24075000000000002
920,8,0.359,235,82.0,2,1,0.406,0.3120653533573289,1,82.0,0.08120000000000001,0.3045
921,1,0.394,242,81.2,6,1,0.437,0.2654135982720285,1,81.2,0.0874,0.32775
921,2,0.394,435,146.0,5,0,,0.34345102445554887,1,131.4,,
921,3,0.394,119,39.9,3,1,0.55,0.4148853542534332,1,39.9,0.11000000000000001,0.41250000000000003
921,4,0.394,470,157.7,8,0,,0.39982127270850565,1,141.93,,
921,5,0.394,146,49.0,3,1,0.52,0.35465621037254497,1,49.0,0.10400000000000001,0.39
921,6,0.394,552,185.2,7,0,,0.2030802541022757,1,166.68,,
921,7,0.394,205,68.8,9,1,0.519,0.4410482996129107,1,68.8,0.1038,0.38925
921,8,0.394,160,53.7,2,1,0.427,0.59123444790822,1,53.7,0.0854,0.32025
922,1,0.38,551,187.8,3,0,,0.42642512381230036,1,169.02,,
922,2,0.38,383,130.6,0,1,0.562,0.44091355190535136,0,117.53999999999999,0.11240000000000001,
922,3,0.38,146,49.8,3,1,0.647,0.43724453061551016,1,49.8,0.12940000000000002,0.48525
922,4,0.38,153,52.2,4,1,0.558,0.41970466698824,1,52.2,0.11160000000000002,0.41850000000000004
922,5,0.38,344,117.3,4,1,0.597,0.4731665966868095,1,105.57,0.1194,0.44775
922,6,0.38,529,180.3,6,0,,0.41953736811856657,0,162.27,,
922,7,0.38,563,191.9,4,0,,0.3487322830346724,1,172.71,,
922,8,0.38,255,86.9,4,1,0.346,0.3004011089991246,1,86.9,0.0692,0.25949999999999995
923,1,0.084,564,289.6,2,0,,0.05910263447193248,0,260.64000000000004,,
923,2,0.084,306,157.1,4,1,0.292,0.1154129496450666,1,141.39,0.0584,0.21899999999999997
923,3,0.084,289,148.4,1,1,0.323,0.052391703887702666,1,148.4,0.0646,0.24225000000000002
923,4,0.084,231,118.6,1,1,0.328,0.11543386831314306,1,118.6,0.0656,0.246
923,5,0.084,385,197.7,3,1,0.428,0.12791501337004177,0,177.93,0.08560000000000001,
923,6,0.084,275,141.2,7,1,0.301,0.1673179431270182,1,141.2,0.060200000000000004,0.22575
923,7,0.084,381,195.7,2,1,0.304,0.21227949688389802,0,176.13,0.0608,
923,8,0.084,480,246.5,2,0,,0.09180074184788575,0,221.85,,
924,1,0.437,487,155.9,5,0,,0.3062223434852339,1,140.31,,
924,2,0.437,404,129.3,5,1,0.508,0.402489590318081,1,116.37000000000002,0.10160000000000001,0.381
924,3,0.437,417,133.5,6,1,0.645,0.4414062567406599,1,120.15,0.129,0.48375
924,4,0.437,386,123.6,7,1,0.472,0.253423124382291,1,111.24,0.0944,0.354
924,5,0.437,572,183.1,7,0,,0.5758664520102482,1,164.79,,
924,6,0.437,160,51.2,5,1,0.627,0.4512377912510466,1,51.2,0.1254,0.47025
924,7,0.437,581,186.0,5,1,0.534,0.47513528345802847,1,167.4,0.1068,0.4005
924,8,0.437,445,142.4,3,0,,0.5735526462526266,1,128.16,,
925,1,0.094,591,298.4,9,0,,0.030985716985765313,0,268.56,,
925,2,0.094,164,82.8,5,1,0.236,0.15140419308840303,1,82.8,0.0472,0.177
925,3,0.094,356,179.8,9,0,,0.08301358768980643,0,161.82000000000002,,
925,4,0.094,151,76.2,3,1,0.321,0.07559131329840806,1,76.2,0.06420000000000001,0.24075000000000002
925,5,0.094,585,295.4,2,1,0.189,0.016780761219562068,1,265.86,0.0378,0.14175
925,6,0.094,134,67.7,12,1,0.182,0.2605603213686527,1,67.7,0.0364,0.1365
925,7,0.094,412,208.0,1,1,0.335,0.05644999599244291,1,187.20000000000002,0.067,0.25125000000000003
925,8,0.094,402,203.0,3,0,,0.1639464246895702,0,182.70000000000002,,
926,1,0.398,515,172.0,1,0,,0.21049926125280638,1,154.8,,
926,2,0.398,382,127.6,4,1,0.541,0.5159988529689787,1,114.84,0.10820000000000002,0.40575000000000006
926,3,0.398,492,164.3,6,0,,0.5032211155957059,0,147.87,,
926,4,0.398,247,82.5,7,1,0.61,0.40774341102973033,1,82.5,0.122,0.4575
926,5,0.398,280,93.5,2,1,0.4,0.3753057533862076,1,93.5,0.08000000000000002,0.30000000000000004
926,6,0.398,417,139.3,8,1,0.456,0.4380000005613567,1,125.37000000000002,0.0912,0.342
926,7,0.398,125,41.7,7,1,0.634,0.626879066088029,1,41.7,0.1268,0.47550000000000003
926,8,0.398,349,116.6,12,1,0.51,0.2216763301096515,1,104.94,0.10200000000000001,0.3825
927,1,0.078,421,218.6,1,0,,0.15620273875741275,0,196.74,,
927,2,0.078,479,248.8,3,1,0.305,0.0,0,223.92000000000002,0.061,
927,3,0.078,317,164.6,9,1,0.429,0.07600816037002688,1,148.14,0.0858,0.32175
927,4,0.078,450,233.7,3,0,,0.05321198809213369,1,210.32999999999998,,
927,5,0.078,258,134.0,8,1,0.344,0.03516817422022443,1,134.0,0.0688,0.258
927,6,0.078,453,235.3,3,0,,0.07695348709472706,1,211.77,,
927,7,0.078,426,221.2,4,0,,0.0,1,199.07999999999998,,
927,8,0.078,371,192.7,6,0,,0.18091804361279673,1,173.43,,
928,1,0.128,263,125.6,2,1,0.338,0.0,1,125.6,0.06760000000000001,0.2535
928,2,0.128,208,99.3,1,1,0.371,0.1819764512828342,1,99.3,0.0742,0.27825
928,3,0.128,579,276.5,4,0,,0.09534641474654289,1,248.85,,
928,4,0.128,493,235.4,8,0,,0.010907510619254629,0,211.86,,
928,5,0.128,316,150.9,4,0,,0.14823833705986952,0,135.81,,
928,6,0.128,372,177.6,5,0,,0.0,1,159.84,,
928,7,0.128,257,122.7,2,1,0.157,0.13197138217196347,1,122.7,0.031400000000000004,0.11775
928,8,0.128,510,243.5,4,0,,0.0,0,219.15,,
929,1,0.214,585,245.7,3,0,,0.2601272084317831,1,221.13,,
929,2,0.214,288,121.0,2,1,0.477,0.12156426663696243,1,121.0,0.0954,0.35775
929,3,0.214,485,203.7,1,0,,0.16890059829706905,1,183.32999999999998,,
929,4,0.214,194,81.5,4,1,0.459,0.24339493879431623,1,81.5,0.0918,0.34425
929,5,0.214,107,44.9,10,1,0.489,0.1367457888157764,1,44.9,0.0978,0.36675
929,6,0.214,416,174.7,6,0,,0.20820360003316973,1,157.23,,
929,7,0.214,465,195.3,4,0,,0.06261694987551461,0,175.77,,
929,8,0.214,184,77.3,3,1,0.304,0.27708756035961557,1,77.3,0.0608,0.22799999999999998
930,1,0.19,363,157.9,1,1,0.451,0.36649138055507713,1,142.11,0.0902,0.33825
930,2,0.19,369,160.5,8,1,0.251,0.46922088679099616,0,144.45000000000002,0.0502,
930,3,0.19,526,228.8,5,0,,0.1991168146666439,0,205.92000000000002,,
930,4,0.19,132,57.4,1,1,0.321,0.2688204140797187,1,57.4,0.06420000000000001,0.24075000000000002
930,5,0.19,456,198.3,2,0,,0.011937432709251072,1,178.47000000000003,,
930,6,0.19,131,57.0,3,1,0.379,0.3402734326305588,1,57.0,0.0758,0.28425
930,7,0.19,313,136.1,2,0,,0.26762285047241063,1,122.49,,
930,8,0.19,395,171.8,4,0,,0.1416066555048767,0,154.62,,
931,1,0.45,531,167.8,9,0,,0.5737180800289009,0,151.02,,
931,2,0.45,530,167.4,4,0,,0.4245523923354659,1,150.66,,
931,3,0.45,347,109.6,6,1,0.534,0.40419748169854436,1,98.64,0.1068,0.4005
931,4,0.45,593,187.4,2,0,,0.49753349254274915,1,168.66,,
931,5,0.45,375,118.5,2,1,0.444,0.34366455001696816,1,106.65,0.0888,0.333
931,6,0.45,451,142.5,4,0,,0.5521624764399948,0,128.25,,
931,7,0.45,199,62.9,3,1,0.577,0.34440101880731566,1,62.9,0.1154,0.43274999999999997
931,8,0.45,226,71.4,5,1,0.539,0.34499452101768135,1,71.4,0.1078,0.40425
932,1,0.234,313,127.9,5,1,0.425,0.14303102115916658,0,115.11000000000001,0.085,
932,2,0.234,341,139.4,3,1,0.674,0.30995000375161225,1,125.46000000000001,0.1348,0.5055000000000001
932,3,0.234,408,166.7,6,1,0.348,0.17232246384802924,1,150.03,0.0696,0.261
932,4,0.234,218,89.1,5,1,0.409,0.09920042156328313,1,89.1,0.0818,0.30674999999999997
932,5,0.234,284,116.1,4,1,0.33,0.1734320000064202,1,116.1,0.066,0.2475
932,6,0.234,435,177.8,4,0,,0.23079576293195134,1,160.02,,
932,7,0.234,227,92.8,5,1,0.544,0.11590275163356145,1,92.8,0.10880000000000001,0.40800000000000003
932,8,0.234,267,109.1,3,1,0.492,0.11883188909656565,1,109.1,0.0984,0.369
933,1,0.1,545,272.3,4,0,,0.3111296334099585,1,245.07000000000002,,
933,2,0.1,364,181.9,3,1,0.312,0.013943459618611306,1,163.71,0.062400000000000004,0.23399999999999999
933,3,0.1,551,275.3,5,0,,0.06769576312269932,1,247.77,,
933,4,0.1,197,98.4,3,1,0.286,0.06327629992007142,1,98.4,0.0572,0.21449999999999997
933,5,0.1,349,174.4,6,0,,0.05786431922295582,0,156.96,,
933,6,0.1,377,188.4,5,0,,0.16213467399691023,0,169.56,,
933,7,0.1,331,165.4,0,1,0.308,0.19481429504720496,1,148.86,0.0616,0.23099999999999998
933,8,0.1,458,228.8,1,0,,0.0694045568468408,0,205.92000000000002,,
934,1,0.175,532,236.3,4,0,,0.051352171340765085,1,212.67000000000002,,
934,2,0.175,286,127.1,4,0,,0.30244402278489035,0,127.1,,
934,3,0.175,109,48.4,8,1,0.301,0.16546589088033173,1,48.4,0.060200000000000004,0.22575
934,4,0.175,297,131.9,7,1,0.301,0.34803218148571685,1,131.9,0.060200000000000004,0.22575
934,5,0.175,286,127.1,2,1,0.227,0.0,1,127.1,0.0454,0.17025
934,6,0.175,398,176.8,1,0,,0.19454032212833203,1,159.12,,
934,7,0.175,432,191.9,3,0,,0.36686063338762076,1,172.71,,
934,8,0.175,311,138.2,5,1,0.3,0.13967358645618416,0,124.38,0.06,
935,1,0.311,256,94.7,4,1,0.656,0.2884506576665364,1,94.7,0.1312,0.492
935,2,0.311,520,192.3,7,0,,0.3405511691590339,1,173.07000000000002,,
935,3,0.311,359,132.8,5,1,0.485,0.25512041811150427,1,119.52000000000001,0.097,0.36375
935,4,0.311,117,43.3,5,1,0.464,0.27979280679472673,1,43.3,0.09280000000000001,0.34800000000000003
935,5,0.311,225,83.2,5,1,0.375,0.2772184905808597,1,83.2,0.07500000000000001,0.28125
935,6,0.311,402,148.7,8,0,,0.24825792655736267,0,133.82999999999998,,
935,7,0.311,516,190.8,7,0,,0.43388565502005594,1,171.72000000000003,,
935,8,0.311,440,162.7,6,0,,0.35710780322964353,0,146.43,,
936,1,0.307,172,63.9,2,1,0.577,0.3320628232103302,1,63.9,0.1154,0.43274999999999997
936,2,0.307,489,181.7,4,0,,0.3878571006890117,1,163.53,,
936,3,0.307,480,178.4,7,0,,0.2805644166796533,0,160.56,,
936,4,0.307,520,193.2,2,0,,0.22957961816470995,1,173.88,,
936,5,0.307,333,123.8,6,0,,0.24673756953854425,1,111.42,,
936,6,0.307,566,210.3,3,0,,0.3071783041104609,1,189.27,,
936,7,0.307,582,216.3,3,0,,0.2010788291627098,1,194.67000000000002,,
936,8,0.307,373,138.6,6,1,0.427,0.25697389834133244,1,124.74,0.0854,0.32025
937,1,0.316,111,40.8,8,1,0.336,0.26438833581285653,1,40.8,0.06720000000000001,0.252
937,2,0.316,501,184.1,3,0,,0.5284556229829014,0,165.69,,
937,3,0.316,134,49.3,4,1,0.531,0.03861850600660832,1,49.3,0.10620000000000002,0.39825
937,4,0.316,358,131.6,3,0,,0.29803802785943667,1,118.44,,
937,5,0.316,550,202.1,3,1,0.375,0.4885693792814771,1,181.89,0.07500000000000001,0.28125
937,6,0.316,357,131.2,2,0,,0.3281844464132454,1,118.08,,
937,7,0.316,175,64.3,6,1,0.403,0.3913417473421093,1,64.3,0.0806,0.30225
937,8,0.316,441,162.1,4,0,,0.3259826315099768,0,145.89,,
938,1,0.449,459,145.1,8,0,,0.38226666187835195,1,130.59,,
938,2,0.449,571,180.4,3,0,,0.2248084065491087,0,162.36,,
938,3,0.449,129,40.8,7,1,0.595,0.4695455687036303,1,40.8,0.119,0.44625
938,4,0.449,571,180.4,7,0,,0.3714393395397609,0,162.36,,
938,5,0.449,541,171.0,2,1,0.744,0.3689664593834696,1,153.9,0.14880000000000002,0.558
938,6,0.449,130,41.1,4,1,0.599,0.3991012744020888,1,41.1,0.1198,0.44925
938,7,0.449,367,116.0,4,0,,0.6234861406623493,1,104.4,,
938,8,0.449,465,146.9,8,1,0.766,0.6894837542253973,1,132.21,0.1532,0.5745
939,1,0.499,184,55.2,4,1,0.544,0.5207207937528401,1,55.2,0.10880000000000001,0.40800000000000003
939,2,0.499,348,104.5,5,0,,0.4525232776088272,1,94.05,,
939,3,0.499,440,132.1,4,1,0.552,0.38127735825487896,1,118.89,0.11040000000000001,0.41400000000000003
939,4,0.499,214,64.2,3,1,0.659,0.5458540161546069,1,64.2,0.1318,0.49425
939,5,0.499,479,143.8,7,0,,0.6772905600065144,0,129.42000000000002,,
939,6,0.499,537,161.2,4,0,,0.47426596129748433,0,145.07999999999998,,
939,7,0.499,277,83.2,4,1,0.651,0.2611003959246776,1,83.2,0.1302,0.48825
939,8,0.499,382,114.7,8,1,0.522,0.5660049671815524,0,103.23,0.1044,
940,1,0.38,428,146.0,6,0,,0.47853997114500496,1,131.4,,
940,2,0.38,541,184.5,6,0,,0.22141543596141525,1,166.05,,
940,3,0.38,103,35.1,8,1,0.612,0.3976484183662953,1,35.1,0.12240000000000001,0.45899999999999996
940,4,0.38,223,76.0,4,1,0.577,0.4251226016136099,1,76.0,0.1154,0.43274999999999997
940,5,0.38,245,83.5,4,1,0.474,0.37268926979910616,1,83.5,0.0948,0.3555
940,6,0.38,323,110.1,9,1,0.504,0.3009229080914646,1,99.09,0.1008,0.378
940,7,0.38,113,38.5,5,1,0.58,0.4815937223563556,1,38.5,0.11599999999999999,0.43499999999999994
940,8,0.38,518,176.6,2,1,0.435,0.33966202540313173,1,158.94,0.08700000000000001,0.32625
941,1,0.259,374,147.9,6,1,0.409,0.1104813837300068,1,133.11,0.0818,0.30674999999999997
941,2,0.259,341,134.8,3,0,,0.05405255143303189,1,121.32000000000001,,
941,3,0.259,410,162.1,2,0,,0.385084951999931,1,145.89,,
941,4,0.259,266,105.2,9,1,0.359,0.32066639764711186,1,105.2,0.0718,0.26925
941,5,0.259,577,228.1,8,0,,0.2677973547129169,0,205.29,,
941,6,0.259,405,160.1,7,1,0.16,0.21497253631491964,0,144.09,0.032,
941,7,0.259,213,84.2,4,1,0.529,0.2061001585796873,1,84.2,0.1058,0.39675000000000005
941,8,0.259,300,118.6,3,1,0.454,0.15142633515583886,1,118.6,0.0908,0.3405
942,1,0.217,429,179.4,4,0,,0.1738544355440115,0,161.46,,
942,2,0.217,427,178.6,4,1,0.356,0.004991278487982559,1,160.74,0.0712,0.267
942,3,0.217,109,45.6,6,1,0.433,0.14339363465314858,1,45.6,0.08660000000000001,0.32475
942,4,0.217,544,227.5,4,0,,0.18590624836489061,1,204.75,,
942,5,0.217,337,141.0,3,0,,0.2779880047190419,0,126.9,,
942,6,0.217,529,221.3,5,0,,0.21300735366266363,1,199.17000000000002,,
942,7,0.217,544,227.5,10,0,,0.29649231138755594,1,204.75,,
942,8,0.217,341,142.6,4,1,0.374,0.35191351051134295,1,128.34,0.0748,0.28049999999999997
943,1,0.634,255,67.5,3,1,0.717,0.7398170093824101,1,67.5,0.1434,0.53775
943,2,0.634,237,62.7,4,1,0.701,0.6810509847378556,1,62.7,0.1402,0.5257499999999999
943,3,0.634,570,150.8,3,0,,0.6351862679180784,1,135.72000000000003,,
943,4,0.634,144,38.1,7,1,0.656,0.5359211991586441,1,38.1,0.1312,0.492
943,5,0.634,573,151.6,5,0,,0.7079944051379317,1,136.44,,
943,6,0.634,385,101.9,6,1,0.876,0.8019747382221529,1,30.57,0.17520000000000002,0.657
943,7,0.634,153,40.5,7,1,0.76,0.6682106039650418,1,40.5,0.15200000000000002,0.5700000000000001
943,8,0.634,207,54.8,4,1,0.519,0.8257259148426124,1,16.439999999999998,0.1038,0.38925
944,1,0.302,282,105.4,3,1,0.358,0.1494428291938916,1,105.4,0.0716,0.26849999999999996
944,2,0.302,249,93.1,5,1,0.422,0.18658366152204586,1,93.1,0.0844,0.3165
944,3,0.302,318,118.9,7,0,,0.38752015077482627,1,107.01,,
944,4,0.302,380,142.1,3,0,,0.3284290210153251,1,127.89,,
944,5,0.302,506,189.2,6,0,,0.43337821765718076,0,170.28,,
944,6,0.302,436,163.0,5,0,,0.300452835927326,1,146.70000000000002,,
944,7,0.302,177,66.2,6,1,0.346,0.2152024577471668,1,66.2,0.0692,0.25949999999999995
944,8,0.302,296,110.7,1,1,0.601,0.28064067577949575,1,110.7,0.1202,0.45075
945,1,0.353,528,185.6,4,0,,0.19973160290762657,1,167.04,,
945,2,0.353,148,52.0,6,1,0.553,0.24014093269029652,1,52.0,0.11060000000000002,0.41475000000000006
945,3,0.353,127,44.7,6,1,0.376,0.450244399791801,1,44.7,0.0752,0.28200000000000003
945,4,0.353,392,137.8,9,1,0.236,0.440278741446961,0,124.02000000000001,0.0472,
945,5,0.353,370,130.1,7,1,0.48,0.38930042848060764,0,117.09,0.096,
945,6,0.353,503,176.9,6,0,,0.18089224790395303,0,159.21,,
945,7,0.353,251,88.3,4,1,0.461,0.31715964244871114,1,88.3,0.0922,0.34575
945,8,0.353,336,118.1,5,1,0.469,0.23050001113399493,1,106.28999999999999,0.0938,0.35175
946,1,0.196,482,207.8,6,0,,0.31365332537877655,1,187.02,,
946,2,0.196,288,124.1,2,1,0.289,0.13762778664373987,1,124.1,0.0578,0.21675
946,3,0.196,324,139.7,3,1,0.5,0.08742522892184507,0,125.72999999999999,0.1,
946,4,0.196,533,229.7,3,0,,0.19897961651214247,1,206.73,,
946,5,0.196,470,202.6,5,0,,0.13198455431653883,0,182.34,,
946,6,0.196,363,156.5,5,1,0.399,0.3443743910203707,1,140.85,0.07980000000000001,0.29925
946,7,0.196,390,168.1,5,0,,0.12251891024658092,0,151.29,,
946,8,0.196,189,81.5,4,1,0.322,0.05607717407753687,1,81.5,0.0644,0.2415
947,1,0.195,571,246.6,4,0,,0.0,0,221.94,,
947,2,0.195,366,158.1,5,0,,0.1919213497586585,1,142.29,,
947,3,0.195,550,237.5,6,0,,0.13880698861420737,1,213.75,,
947,4,0.195,438,189.2,6,0,,0.05210953934882731,0,170.28,,
947,5,0.195,198,85.5,5,1,0.196,0.3139226461255785,1,85.5,0.039200000000000006,0.14700000000000002
947,6,0.195,166,71.7,7,1,0.633,0.2617245147429242,1,71.7,0.12660000000000002,0.47475
947,7,0.195,278,120.1,3,0,,0.19217821210627703,0,120.1,,
947,8,0.195,122,52.7,4,1,0.035,0.33143262441708665,1,52.7,0.007000000000000001,0.026250000000000002
948,1,0.12,258,124.8,4,1,0.21,0.1862536033398613,1,124.8,0.042,0.1575
948,2,0.12,383,185.3,2,0,,0.03771440984815676,0,166.77,,
948,3,0.12,459,222.0,2,0,,0.016077983600923385,1,199.8,,
948,4,0.12,414,200.3,3,0,,0.20179815444538612,0,180.27,,
948,5,0.12,399,193.0,2,0,,0.1596366956467351,1,173.70000000000002,,
948,6,0.12,257,124.3,3,1,0.292,0.13697477679706616,1,124.3,0.0584,0.21899999999999997
948,7,0.12,296,143.2,0,1,0.32,0.035350219713109254,1,143.2,0.064,0.24
948,8,0.12,111,53.7,2,1,0.338,0.18079475670057538,1,53.7,0.06760000000000001,0.2535
949,1,0.288,335,127.5,9,0,,0.21245011168660505,1,114.75,,
949,2,0.288,140,53.3,4,1,0.237,0.27780133454063216,1,53.3,0.0474,0.17775
949,3,0.288,349,132.8,3,1,0.382,0.43269441463869796,1,119.52000000000001,0.07640000000000001,0.2865
949,4,0.288,331,126.0,4,1,0.354,0.22191657641898538,0,113.4,0.0708,
949,5,0.288,480,182.7,3,0,,0.13070107429271388,1,164.43,,
949,6,0.288,159,60.5,8,1,0.221,0.18274528081298894,1,60.5,0.0442,0.16575
949,7,0.288,462,175.8,3,0,,0.3874298826687623,1,158.22000000000003,,
949,8,0.288,300,114.2,2,1,0.462,0.31347311373802095,1,114.2,0.09240000000000001,0.34650000000000003
950,1,0.195,110,47.5,3,1,0.324,0.18211226213112464,1,47.5,0.06480000000000001,0.243
950,2,0.195,157,67.8,2,1,0.31,0.14409061946884305,1,67.8,0.062,0.23249999999999998
950,3,0.195,147,63.5,4,1,0.13,0.243535990755319,1,63.5,0.026000000000000002,0.0975
950,4,0.195,122,52.7,7,1,0.165,0.11008951490097765,1,52.7,0.033,0.12375
950,5,0.195,218,94.2,4,1,0.193,0.2255665568642596,1,94.2,0.0386,0.14475
950,6,0.195,487,210.4,3,0,,0.12187454311870431,0,189.36,,
950,7,0.195,562,242.8,3,0,,0.1052340614724946,1,218.52,,
950,8,0.195,387,167.2,7,1,0.439,0.13125125651749883,1,150.48,0.0878,0.32925
951,1,0.222,226,93.9,2,1,0.473,0.18445925535160382,1,93.9,0.0946,0.35475
951,2,0.222,174,72.3,3,1,0.314,0.2171170164066297,1,72.3,0.06280000000000001,0.2355
951,3,0.222,579,240.6,4,0,,0.24554557951111144,1,216.54,,
951,4,0.222,401,166.6,3,1,0.35,0.0,0,149.94,0.06999999999999999,
951,5,0.222,234,97.2,3,1,0.256,0.1412349442253235,1,97.2,0.0512,0.192
951,6,0.222,348,144.6,3,1,0.331,0.18284300226439607,1,130.14,0.06620000000000001,0.24825000000000003
951,7,0.222,514,213.6,6,0,,0.372506203860833,0,192.24,,
951,8,0.222,201,83.5,2,1,0.396,0.11399973916178678,1,83.5,0.0792,0.29700000000000004
952,1,0.492,532,160.8,1,1,0.744,0.5082796618099913,0,144.72000000000003,0.14880000000000002,
952,2,0.492,105,31.7,10,1,0.583,0.6415030309735837,1,31.7,0.1166,0.43724999999999997
952,3,0.492,424,128.2,6,1,0.616,0.36070314700527273,1,115.38,0.1232,0.46199999999999997
952,4,0.492,209,63.2,9,1,0.475,0.5313975225864402,1,63.2,0.095,0.35624999999999996
952,5,0.492,228,68.9,4,1,0.559,0.41177281660654796,1,68.9,0.11180000000000001,0.41925
952,6,0.492,178,53.8,7,1,0.686,0.44153662577107655,1,53.8,0.13720000000000002,0.5145000000000001
952,7,0.492,578,174.7,6,0,,0.41168891660466855,1,157.23,,
952,8,0.492,590,178.3,8,0,,0.4188142691584114,1,160.47000000000003,,
953,1,0.085,298,152.8,2,0,,0.3571912147906493,0,152.8,,
953,2,0.085,304,155.9,6,1,0.259,0.16944558720716657,1,140.31,0.051800000000000006,0.19425
953,3,0.085,440,225.6,2,0,,0.1951737861786209,0,203.04,,
953,4,0.085,429,220.0,3,1,0.319,0.13419934868364963,0,198.0,0.06380000000000001,
953,5,0.085,526,269.7,5,1,0.288,0.0,1,242.73,0.0576,0.21599999999999997
953,6,0.085,463,237.4,3,0,,0.12449579703233073,1,213.66,,
953,7,0.085,336,172.3,3,1,0.396,0.19229296145073466,1,155.07000000000002,0.0792,0.29700000000000004
953,8,0.085,154,79.0,3,1,0.15,0.0,1,79.0,0.03,0.11249999999999999
954,1,0.171,529,236.6,3,0,,0.26753266671611264,1,212.94,,
954,2,0.171,410,183.4,5,0,,0.24143362098540788,1,165.06,,
954,3,0.171,520,232.6,5,0,,0.356204004481367,1,209.34,,
954,4,0.171,534,238.8,4,0,,0.12922169874863812,1,214.92000000000002,,
954,5,0.171,359,160.6,1,1,0.252,0.06123890177242733,0,144.54,0.0504,
954,6,0.171,554,247.8,1,0,,0.13483718906274544,1,223.02,,
954,7,0.171,340,152.1,3,0,,0.31455709931636233,0,136.89,,
954,8,0.171,317,141.8,4,1,0.398,0.0,0,127.62000000000002,0.0796,
955,1,0.328,261,94.6,9,1,0.459,0.12116242845689679,1,94.6,0.0918,0.34425
955,2,0.328,368,133.4,4,1,0.336,0.33693952789316134,0,120.06,0.06720000000000001,
955,3,0.328,147,53.3,1,1,0.411,0.28374107072258437,1,53.3,0.0822,0.30824999999999997
955,4,0.328,381,138.1,4,1,0.492,0.3287727893175685,1,124.28999999999999,0.0984,0.369
955,5,0.328,175,63.4,4,1,0.539,0.42253117712358657,1,63.4,0.1078,0.40425
955,6,0.328,327,118.5,6,0,,0.27274306538811477,1,106.65,,
955,7,0.328,107,38.8,5,1,0.7,0.14069941690693794,1,38.8,0.13999999999999999,0.5249999999999999
955,8,0.328,231,83.7,6,1,0.486,0.5324481557199945,1,83.7,0.09720000000000001,0.3645
956,1,0.315,453,166.8,2,0,,0.2152771712561224,0,150.12,,
956,2,0.315,451,166.1,7,0,,0.20909628779879025,1,149.49,,
956,3,0.315,419,154.3,2,1,0.271,0.42537200137225967,1,138.87,0.054200000000000005,0.20325000000000001
956,4,0.315,445,163.9,5,0,,0.2765510878958482,1,147.51000000000002,,
956,5,0.315,157,57.8,8,1,0.436,0.3086610147965189,1,57.8,0.0872,0.327
956,6,0.315,300,110.5,2,1,0.609,0.3632790124060318,1,110.5,0.1218,0.45675
956,7,0.315,339,124.8,5,1,0.497,0.4233583103109996,1,112.32,0.0994,0.37275
956,8,0.315,114,42.0,6,1,0.498,0.2816539306818228,1,42.0,0.09960000000000001,0.3735
957,1,0.559,264,74.8,7,1,0.59,0.71099520059143,1,74.8,0.118,0.4425
957,2,0.559,252,71.4,5,1,0.657,0.3454200151265195,1,71.4,0.13140000000000002,0.49275
957,3,0.559,333,94.3,7,1,0.881,0.6349787236953077,1,84.87,0.17620000000000002,0.66075
957,4,0.559,568,160.9,7,0,,0.4750472441982343,1,144.81,,
957,5,0.559,442,125.2,5,1,0.704,0.6962271316607992,1,112.68,0.1408,0.528
957,6,0.559,109,30.9,10,1,0.67,0.5732044478830546,1,30.9,0.134,0.5025000000000001
957,7,0.559,106,30.0,9,1,0.639,0.4917094667990599,1,30.0,0.1278,0.47925
957,8,0.559,476,134.8,7,0,,0.6252841093021633,1,121.32000000000001,,
958,1,0.057,448,241.3,3,0,,0.14631883472072515,0,217.17000000000002,,
958,2,0.057,338,182.1,8,0,,0.12118941228586383,0,163.89,,
958,3,0.057,285,153.5,5,1,0.012,0.0,1,153.5,0.0024000000000000002,0.009000000000000001
958,4,0.057,361,194.5,3,0,,0.008598287637791524,0,175.05,,
958,5,0.057,175,94.3,5,1,0.263,0.0565927162878565,1,94.3,0.05260000000000001,0.19725
958,6,0.057,509,274.2,0,0,,0.05287403473499396,0,246.78,,
958,7,0.057,495,266.7,8,0,,0.13197454754383478,0,240.03,,
958,8,0.057,519,279.6,5,0,,0.0,1,251.64000000000001,,
959,1,0.522,301,88.4,5,1,0.467,0.5554327054553504,0,79.56,0.09340000000000001,
959,2,0.522,569,167.1,7,0,,0.49300186455633604,1,150.39,,
959,3,0.522,302,88.7,12,0,,0.43814993836160476,1,79.83,,
959,4,0.522,277,81.3,5,1,0.847,0.44775132222304004,1,81.3,0.1694,0.63525
959,5,0.522,458,134.5,4,0,,0.5005462335482036,1,121.05,,
959,6,0.522,541,158.9,6,0,,0.1618914895540482,1,143.01000000000002,,
959,7,0.522,375,110.1,5,0,,0.451871042920845,1,99.09,,
959,8,0.522,552,162.1,5,0,,0.4344185175353707,1,145.89,,
960,1,0.111,512,251.4,3,0,,0.1642783209322624,0,226.26000000000002,,
960,2,0.111,482,236.7,3,0,,0.03044733174894794,1,213.03,,
960,3,0.111,302,148.3,2,1,0.238,0.08948861998295102,1,133.47000000000003,0.0476,0.1785
960,4,0.111,408,200.4,0,0,,0.2652276627661302,1,180.36,,
960,5,0.111,527,258.8,5,0,,0.21043515198154233,0,232.92000000000002,,
960,6,0.111,372,182.7,1,1,0.302,0.20122713999434527,0,164.43,0.0604,
960,7,0.111,176,86.4,4,1,0.305,0.061012756958914824,1,86.4,0.061,0.22875
960,8,0.111,384,188.6,5,0,,0.16530322792896524,1,169.74,,
961,1,0.227,143,59.0,4,1,0.32,0.20361021995464063,1,59.0,0.064,0.24
961,2,0.227,406,167.6,4,1,0.299,0.20739067893230623,1,150.84,0.0598,0.22425
961,3,0.227,570,235.4,4,0,,0.26796853437465495,1,211.86,,
961,4,0.227,525,216.8,3,0,,0.16730064115790677,1,195.12,,
961,5,0.227,436,180.0,5,0,,0.37630031044432033,1,162.0,,
961,6,0.227,575,237.4,6,0,,0.2109869860402063,1,213.66,,
961,7,0.227,191,78.9,5,1,0.49,0.2888360566259665,1,78.9,0.098,0.3675
961,8,0.227,570,235.4,4,0,,0.37256004792572983,1,211.86,,
962,1,0.082,433,223.1,4,0,,0.18516537745751752,1,200.79,,
962,2,0.082,560,288.5,2,0,,0.0,1,259.65000000000003,,
962,3,0.082,204,105.1,3,1,0.347,0.12648958950098843,1,105.1,0.0694,0.26025
962,4,0.082,411,211.7,4,1,0.341,0.1670719394460647,0,190.53,0.06820000000000001,
962,5,0.082,389,200.4,3,1,0.298,0.1711863022160749,0,180.36,0.0596,
962,6,0.082,287,147.9,4,1,0.201,0.0,1,147.9,0.04020000000000001,0.15075
962,7,0.082,155,79.9,3,1,0.184,0.01629647629826761,1,79.9,0.0368,0.138
962,8,0.082,141,72.6,1,1,0.387,0.18145582357416218,1,72.6,0.07740000000000001,0.29025
963,1,0.02,395,227.7,2,0,,0.0,1,204.93,,
963,2,0.02,493,284.2,6,1,0.179,0.0,0,255.78,0.0358,
963,3,0.02,129,74.4,1,1,0.163,0.17758758095019694,1,74.4,0.032600000000000004,0.12225
963,4,0.02,490,282.5,2,0,,0.01522007496152102,0,254.25,,
963,5,0.02,137,79.0,4,1,0.329,0.0,1,79.0,0.06580000000000001,0.24675000000000002
963,6,0.02,178,102.6,3,1,0.113,0.0,1,102.6,0.022600000000000002,0.08475
963,7,0.02,103,59.4,4,1,0.38,0.0532719329585188,1,59.4,0.07600000000000001,0.28500000000000003
963,8,0.02,230,132.6,5,1,0.271,0.0,1,132.6,0.054200000000000005,0.20325000000000001
964,1,0.515,504,149.0,5,0,,0.4902664036103582,1,134.1,,
964,2,0.515,217,64.1,6,1,0.533,0.5483230534990022,1,64.1,0.10660000000000001,0.39975000000000005
964,3,0.515,202,59.7,5,1,0.628,0.6449149820547668,1,59.7,0.12560000000000002,0.471
964,4,0.515,439,129.7,9,1,0.745,0.5817548080369996,1,116.72999999999999,0.149,0.55875
964,5,0.515,160,47.3,3,1,0.526,0.4435934882017821,1,47.3,0.10520000000000002,0.3945
964,6,0.515,205,60.6,9,1,0.463,0.632841931756372,1,60.6,0.09260000000000002,0.34725
964,7,0.515,451,133.3,5,0,,0.48504849624525226,1,119.97000000000001,,
964,8,0.515,558,164.9,5,0,,0.3914296977950591,1,148.41,,
965,1,0.152,316,145.3,6,1,0.434,0.13479586407345273,1,130.77,0.0868,0.3255
965,2,0.152,301,138.4,1,1,0.285,0.29581692011457017,0,124.56,0.056999999999999995,
965,3,0.152,156,71.7,7,1,0.315,0.1685240050064925,1,71.7,0.063,0.23625000000000002
965,4,0.152,509,234.0,7,0,,0.15325218643297864,0,210.6,,
965,5,0.152,420,193.1,3,0,,0.3157211644702853,0,173.79,,
965,6,0.152,319,146.7,4,1,0.454,0.008864515294557285,0,132.03,0.0908,
965,7,0.152,357,164.2,4,0,,0.02344008859472277,0,147.78,,
965,8,0.152,546,251.1,6,0,,0.0,0,225.99,,
966,1,0.402,484,161.1,6,1,0.447,0.43926481864800554,1,144.99,0.08940000000000001,0.33525
966,2,0.402,224,74.5,4,1,0.621,0.41864931271151246,1,74.5,0.1242,0.46575
966,3,0.402,349,116.1,4,0,,0.5562736367279777,0,104.49,,
966,4,0.402,123,40.9,3,1,0.513,0.426347507713677,1,40.9,0.10260000000000001,0.38475000000000004
966,5,0.402,521,173.4,4,0,,0.36158428405206977,1,156.06,,
966,6,0.402,330,109.8,4,0,,0.4021794872878107,1,98.82,,
966,7,0.402,341,113.5,6,1,0.432,0.41377074184609586,1,102.15,0.0864,0.324
966,8,0.402,304,101.2,7,1,0.475,0.2348238726671833,0,91.08,0.095,
967,1,0.193,266,115.1,3,1,0.112,0.4640331644334893,1,115.1,0.022400000000000003,0.084
967,2,0.193,349,151.0,3,1,0.457,0.24498710181019115,1,135.9,0.09140000000000001,0.34275
967,3,0.193,128,55.4,2,1,0.369,0.2140008308022589,1,55.4,0.0738,0.27675
967,4,0.193,184,79.6,5,1,0.39,0.25451639842785806,1,79.6,0.07800000000000001,0.2925
967,5,0.193,588,254.4,4,0,,0.2639410980586605,0,228.96,,
967,6,0.193,243,105.1,2,1,0.404,0.17894465144975683,1,105.1,0.08080000000000001,0.30300000000000005
967,7,0.193,384,166.1,4,0,,0.12987588637592995,0,149.49,,
967,8,0.193,105,45.4,1,1,0.367,0.2529450686321704,1,45.4,0.0734,0.27525
968,1,0.568,506,142.2,5,0,,0.6065710840531452,1,127.97999999999999,,
968,2,0.568,204,57.3,9,1,0.596,0.48701099009105914,1,57.3,0.1192,0.44699999999999995
968,3,0.568,230,64.6,8,1,0.815,0.7099035611367264,1,64.6,0.163,0.61125
968,4,0.568,273,76.7,8,1,0.631,0.5973352036322983,1,76.7,0.1262,0.47325
968,5,0.568,569,159.9,7,0,,0.640981936226763,0,143.91,,
968,6,0.568,413,116.1,11,0,,0.7071920887679919,1,104.49,,
968,7,0.568,282,79.2,4,1,0.62,0.5701888821164834,1,79.2,0.124,0.46499999999999997
968,8,0.568,521,146.4,5,0,,0.5996952006984115,1,131.76000000000002,,
969,1,0.207,257,109.0,4,1,0.229,0.28800272385061165,1,109.0,0.04580000000000001,0.17175
969,2,0.207,154,65.3,4,1,0.313,0.13451389161999477,1,65.3,0.0626,0.23475000000000001
969,3,0.207,547,232.0,2,0,,0.21240516628460007,0,208.8,,
969,4,0.207,122,51.7,2,1,0.345,0.21955485866511482,1,51.7,0.06899999999999999,0.25875
969,5,0.207,339,143.8,6,0,,0.11139414483166053,1,129.42000000000002,,
969,6,0.207,169,71.7,2,1,0.458,0.4387636788673879,1,71.7,0.09160000000000001,0.3435
969,7,0.207,299,126.8,0,1,0.44,0.06627065565075974,1,126.8,0.08800000000000001,0.33
969,8,0.207,523,221.8,5,0,,0.07718960963128421,1,199.62,,
970,1,0.243,500,201.9,7,0,,0.3744226575703579,1,181.71,,
970,2,0.243,169,68.2,2,1,0.444,0.31432662507965425,1,68.2,0.0888,0.333
970,3,0.243,319,128.8,5,0,,0.1404035182519222,1,115.92000000000002,,
970,4,0.243,356,143.7,4,1,0.358,0.3037289015101693,1,129.32999999999998,0.0716,0.26849999999999996
970,5,0.243,118,47.6,8,1,0.37,0.38978504449973095,1,47.6,0.074,0.27749999999999997
970,6,0.243,452,182.5,3,1,0.382,0.2399736942403014,1,164.25,0.07640000000000001,0.2865
970,7,0.243,195,78.7,5,1,0.337,0.5028822900074582,1,78.7,0.0674,0.25275000000000003
970,8,0.243,570,230.1,2,0,,0.07059381891319644,1,207.09,,
971,1,0.169,297,133.2,4,1,0.251,0.23838234538591024,1,133.2,0.0502,0.18825
971,2,0.169,435,195.2,5,0,,0.28565283362210037,0,175.68,,
971,3,0.169,207,92.9,4,1,0.4,0.2581343901605247,1,92.9,0.08000000000000002,0.30000000000000004
971,4,0.169,413,185.3,3,0,,0.14856442733543518,1,166.77,,
971,5,0.169,429,192.5,3,0,,0.13995585179888506,1,173.25,,
971,6,0.169,242,108.6,2,1,0.436,0.21341451710872575,1,108.6,0.0872,0.327
971,7,0.169,419,188.0,5,1,0.298,0.250575448665207,0,169.20000000000002,0.0596,
971,8,0.169,571,256.2,3,0,,0.22924734362823634,0,230.57999999999998,,
972,1,0.12,406,196.5,3,0,,0.22400578907933894,0,176.85,,
972,2,0.12,301,145.7,5,1,0.314,0.018113004293326462,1,131.13,0.06280000000000001,0.2355
972,3,0.12,502,243.0,4,0,,0.09722290208763654,0,218.70000000000002,,
972,4,0.12,382,184.9,2,0,,0.02599840678762458,0,166.41,,
972,5,0.12,463,224.1,7,1,0.376,0.08138872239138584,0,201.69,0.0752,
972,6,0.12,276,133.6,1,1,0.32,0.22152208918143051,1,133.6,0.064,0.24
972,7,0.12,565,273.5,3,0,,0.1307983920725229,1,246.15,,
972,8,0.12,202,97.8,6,1,0.326,0.380685916314977,1,97.8,0.06520000000000001,0.2445
973,1,0.428,304,98.3,6,1,0.601,0.4473406367189717,1,88.47,0.1202,0.45075
973,2,0.428,249,80.5,6,1,0.562,0.43396918805797363,1,80.5,0.11240000000000001,0.42150000000000004
973,3,0.428,587,189.7,5,0,,0.43861829194402163,1,170.73,,
973,4,0.428,383,123.8,9,0,,0.3642191307140064,1,111.42,,
973,5,0.428,414,133.8,6,1,0.66,0.42221633876224063,1,120.42000000000002,0.132,0.495
973,6,0.428,347,112.2,4,1,0.464,0.5407788027111646,1,100.98,0.09280000000000001,0.34800000000000003
973,7,0.428,284,91.8,10,1,0.368,0.43939706681277724,1,91.8,0.0736,0.276
973,8,0.428,293,94.7,2,1,0.759,0.3486540270116528,1,94.7,0.15180000000000002,0.56925
974,1,0.281,317,121.8,2,1,0.344,0.18849153795213652,0,109.62,0.0688,
974,2,0.281,181,69.6,6,1,0.479,0.23597981083341568,1,69.6,0.0958,0.35924999999999996
974,3,0.281,228,87.6,2,1,0.316,0.28838634344108804,1,87.6,0.0632,0.237
974,4,0.281,163,62.6,1,1,0.344,0.40035865354762623,1,62.6,0.0688,0.258
974,5,0.281,406,156.0,8,0,,0.14695113586335634,1,140.4,,
974,6,0.281,254,97.6,3,1,0.463,0.2490173722111244,1,97.6,0.09260000000000002,0.34725
974,7,0.281,524,201.4,8,0,,0.2954310019435079,1,181.26000000000002,,
974,8,0.281,599,230.2,3,0,,0.09762942323705656,1,207.18,,
975,1,0.026,123,70.2,2,1,0.322,0.0,1,70.2,0.0644,0.2415
975,2,0.026,238,135.9,2,1,0.325,0.0,1,135.9,0.065,0.24375000000000002
975,3,0.026,508,290.0,4,0,,0.0,0,261.0,,
975,4,0.026,127,72.5,1,1,0.186,0.045188954502164744,1,72.5,0.037200000000000004,0.1395
975,5,0.026,576,328.8,1,0,,0.009944039049820257,0,295.92,,
975,6,0.026,458,261.5,2,0,,0.0,1,235.35,,
975,7,0.026,264,150.7,3,1,0.308,0.06879626265526351,1,150.7,0.0616,0.23099999999999998
975,8,0.026,254,145.0,4,0,,0.198307471764625,0,145.0,,
976,1,0.576,302,84.2,7,1,0.62,0.7399256516741752,1,75.78,0.124,0.46499999999999997
976,2,0.576,238,66.4,6,1,0.491,0.38372282279376635,1,66.4,0.09820000000000001,0.36824999999999997
976,3,0.576,531,148.1,10,0,,0.633707218383514,1,133.29,,
976,4,0.576,343,95.6,5,1,0.674,0.5581976709936161,1,86.03999999999999,0.1348,0.5055000000000001
976,5,0.576,441,123.0,3,1,0.712,0.5915155342865356,1,110.7,0.1424,0.534
976,6,0.576,255,71.1,7,1,0.623,0.536171696645745,1,71.1,0.1246,0.46725
976,7,0.576,275,76.7,6,1,0.631,0.5877588629887202,1,76.7,0.1262,0.47325
976,8,0.576,383,106.8,5,1,0.645,0.5911407396072018,1,96.12,0.129,0.48375
977,1,0.247,151,60.7,5,1,0.476,0.1891048242651077,1,60.7,0.0952,0.357
977,2,0.247,591,237.5,4,0,,0.1573632452174819,0,213.75,,
977,3,0.247,533,214.1,8,0,,0.20213043173805156,0,192.69,,
977,4,0.247,338,135.8,6,0,,0.27042592644567653,1,122.22000000000001,,
977,5,0.247,424,170.4,5,1,0.3,0.3068996341684264,1,153.36,0.06,0.22499999999999998
977,6,0.247,147,59.1,3,1,0.265,0.33233489773401464,1,59.1,0.053000000000000005,0.19875
977,7,0.247,416,167.1,4,1,0.179,0.19758099769330872,0,150.39,0.0358,
977,8,0.247,113,45.4,6,1,0.445,0.2753844567302737,1,45.4,0.08900000000000001,0.33375
978,1,0.127,311,148.9,2,0,,0.22325025919532987,0,134.01000000000002,,
978,2,0.127,465,222.6,2,0,,0.2435594895144128,1,200.34,,
978,3,0.127,499,238.9,4,0,,0.12111671458684778,1,215.01000000000002,,
978,4,0.127,204,97.7,2,1,0.185,0.10490682750603875,1,97.7,0.037,0.13874999999999998
978,5,0.127,564,270.0,6,0,,0.14611242338363922,1,243.0,,
978,6,0.127,436,208.7,4,0,,0.012029252710259425,1,187.82999999999998,,
978,7,0.127,345,165.2,5,1,0.279,0.1076390488964492,0,148.68,0.05580000000000001,
978,8,0.127,194,92.9,3,1,0.124,0.201458639847313,1,92.9,0.024800000000000003,0.093
979,1,0.077,468,243.4,3,1,0.215,0.1411947129443701,0,219.06,0.043000000000000003,
979,2,0.077,441,229.3,1,0,,0.04997323956361109,1,206.37,,
979,3,0.077,244,126.9,4,1,0.208,0.09877182010871666,1,126.9,0.0416,0.156
979,4,0.077,178,92.6,4,1,0.41,0.0,1,92.6,0.082,0.3075
979,5,0.077,571,296.9,5,1,0.293,0.1473492148225025,1,267.21,0.0586,0.21975
979,6,0.077,156,81.1,3,1,0.19,0.0692178563863527,1,81.1,0.038000000000000006,0.14250000000000002
979,7,0.077,445,231.4,0,0,,0.04940485483038618,0,208.26000000000002,,
979,8,0.077,305,158.6,2,1,0.339,0.04082761639066134,1,142.74,0.06780000000000001,0.25425000000000003
980,1,0.132,286,135.8,8,1,0.013,0.12571061331001418,1,135.8,0.0026,0.00975
980,2,0.132,236,112.1,4,1,0.331,0.08721223550680417,1,112.1,0.06620000000000001,0.24825000000000003
980,3,0.132,298,141.5,4,1,0.119,0.19781430360025634,1,141.5,0.0238,0.08925
980,4,0.132,301,142.9,6,1,0.416,0.09247164519838194,0,128.61,0.0832,
980,5,0.132,169,80.2,6,1,0.185,0.29129640960273817,1,80.2,0.037,0.13874999999999998
980,6,0.132,314,149.1,3,1,0.449,0.2785210503481381,0,134.19,0.0898,
980,7,0.132,512,243.1,2,0,,0.04284565101454953,0,218.79,,
980,8,0.132,258,122.5,2,1,0.284,0.13897042694292802,1,122.5,0.056799999999999996,0.21299999999999997
981,1,0.342,570,203.0,7,0,,0.27693433786638055,1,182.70000000000002,,
981,2,0.342,253,90.1,2,1,0.45,0.30933524368113885,1,90.1,0.09000000000000001,0.3375
981,3,0.342,124,44.2,4,1,0.56,0.5422427467644797,1,44.2,0.11200000000000002,0.42000000000000004
981,4,0.342,103,36.7,7,1,0.471,0.31124285828842013,1,36.7,0.0942,0.35324999999999995
981,5,0.342,509,181.3,5,0,,0.3780226037077429,1,163.17000000000002,,
981,6,0.342,390,138.9,6,0,,0.39613212940082787,1,125.01,,
981,7,0.342,419,149.2,0,1,0.59,0.24193706275167595,1,134.28,0.118,0.4425
981,8,0.342,319,113.6,5,1,0.464,0.25649045255907954,1,102.24,0.09280000000000001,0.34800000000000003
982,1,0.442,539,171.6,2,1,0.451,0.3213977628591881,0,154.44,0.0902,
982,2,0.442,138,43.9,4,1,0.637,0.3534029266102223,1,43.9,0.1274,0.47775
982,3,0.442,252,80.2,5,1,0.611,0.15699698906828174,1,80.2,0.1222,0.45825
982,4,0.442,480,152.8,4,1,0.53,0.4964582400793628,1,137.52,0.10600000000000001,0.3975
982,5,0.442,397,126.4,4,1,0.402,0.6474193841256071,1,113.76,0.08040000000000001,0.3015
982,6,0.442,126,40.1,11,1,0.523,0.4567820739036527,1,40.1,0.10460000000000001,0.39225
982,7,0.442,115,36.6,6,1,0.579,0.30037311406593925,1,36.6,0.1158,0.43424999999999997
982,8,0.442,270,86.0,5,1,0.491,0.37772236171000517,1,86.0,0.09820000000000001,0.36824999999999997
983,1,0.229,178,73.2,4,1,0.368,0.18311231549750032,1,73.2,0.0736,0.276
983,2,0.229,521,214.4,3,0,,0.12724152227866242,1,192.96,,
983,3,0.229,108,44.4,4,1,0.257,0.3150182638395157,1,44.4,0.0514,0.19275
983,4,0.229,466,191.8,7,0,,0.31002600443753336,0,172.62,,
983,5,0.229,121,49.8,4,1,0.404,0.11345482061823405,1,49.8,0.08080000000000001,0.30300000000000005
983,6,0.229,153,63.0,2,1,0.574,0.3015081044447508,1,63.0,0.1148,0.4305
983,7,0.229,469,193.0,3,0,,0.38168126635772653,0,173.70000000000002,,
983,8,0.229,130,53.5,6,1,0.435,0.41925582052295596,1,53.5,0.08700000000000001,0.32625
984,1,0.813,353,80.6,5,0,,1.0,1,24.179999999999996,,
984,2,0.813,439,100.3,6,0,,0.7228007350556802,1,90.27,,
984,3,0.813,364,83.1,12,1,0.761,1.0,1,24.929999999999996,0.1522,0.57075
984,4,0.813,423,96.6,10,0,,0.7775793611491211,1,86.94,,
984,5,0.813,182,41.6,5,1,0.934,0.7537534544619485,1,41.6,0.18680000000000002,0.7005
984,6,0.813,594,135.7,10,0,,0.8457072374877844,1,40.709999999999994,,
984,7,0.813,335,76.5,7,1,0.924,0.7547938665906987,1,68.85000000000001,0.18480000000000002,0.6930000000000001
984,8,0.813,371,84.7,11,0,,0.8529044140646526,1,25.41,,
985,1,0.208,543,230.1,7,0,,0.07599228122626983,1,207.09,,
985,2,0.208,381,161.5,4,0,,0.18412473979365657,1,145.35,,
985,3,0.208,457,193.7,4,1,0.63,0.3365582234361679,1,174.32999999999998,0.126,0.47250000000000003
985,4,0.208,396,167.8,3,0,,0.20229387085688438,1,151.02,,
985,5,0.208,106,44.9,6,1,0.468,0.22215957867398828,1,44.9,0.09360000000000002,0.35100000000000003
985,6,0.208,247,104.7,6,1,0.208,0.25552586047173115,1,104.7,0.0416,0.156
985,7,0.208,525,222.5,6,0,,0.32506616293176605,1,200.25,,
985,8,0.208,155,65.7,2,1,0.471,0.04247752878105668,1,65.7,0.0942,0.35324999999999995
986,1,0.261,388,153.0,3,0,,0.3194524051837435,1,137.70000000000002,,
986,2,0.261,383,151.0,7,1,0.527,0.2341860860758237,1,135.9,0.10540000000000001,0.39525
986,3,0.261,341,134.5,3,1,0.431,0.27766378953118387,0,121.05,0.0862,
986,4,0.261,360,141.9,5,1,0.321,0.36699501697623765,1,127.71000000000001,0.06420000000000001,0.24075000000000002
986,5,0.261,418,164.8,8,0,,0.14158133485881558,0,148.32000000000002,,
986,6,0.261,394,155.4,2,1,0.487,0.15973555585569105,1,139.86,0.0974,0.36524999999999996
986,7,0.261,593,233.8,4,0,,0.06745700402861937,1,210.42000000000002,,
986,8,0.261,204,80.4,5,1,0.561,0.20608410582362235,1,80.4,0.11220000000000002,0.42075000000000007
987,1,0.11,446,219.5,5,0,,0.24304323443788167,1,197.55,,
987,2,0.11,385,189.5,4,0,,0.09794128115265305,1,170.55,,
987,3,0.11,165,81.2,2,1,0.31,0.0,1,81.2,0.062,0.23249999999999998
987,4,0.11,367,180.6,5,0,,0.061432125542495296,1,162.54,,
987,5,0.11,312,153.6,5,1,0.121,0.0,0,138.24,0.0242,
987,6,0.11,378,186.0,3,1,0.235,0.0,0,167.4,0.047,
987,7,0.11,467,229.9,3,0,,0.14888189102637134,1,206.91,,
987,8,0.11,241,118.6,6,1,0.261,0.0,1,118.6,0.0522,0.19575
988,1,0.251,325,129.9,3,1,0.472,0.36226343052033017,1,116.91000000000001,0.0944,0.354
988,2,0.251,535,213.8,2,0,,0.2438879709169664,0,192.42000000000002,,
988,3,0.251,275,109.9,2,1,0.35,0.25955947039445254,1,109.9,0.06999999999999999,0.26249999999999996
988,4,0.251,316,126.3,2,1,0.261,0.22316270323921059,1,113.67,0.0522,0.19575
988,5,0.251,224,89.5,3,1,0.459,0.3282847838543723,1,89.5,0.0918,0.34425
988,6,0.251,298,119.1,4,1,0.601,0.3293159887777011,1,119.1,0.1202,0.45075
988,7,0.251,408,163.0,8,0,,0.2845054351912171,1,146.70000000000002,,
988,8,0.251,565,225.7,2,0,,0.3074789105907648,0,203.13,,
989,1,0.462,513,160.1,6,0,,0.44079103300795747,0,144.09,,
989,2,0.462,418,130.4,4,0,,0.5162203006909049,1,117.36000000000001,,
989,3,0.462,173,54.0,5,1,0.762,0.42821222245261936,1,54.0,0.1524,0.5715
989,4,0.462,460,143.5,8,0,,0.4622231622162402,1,129.15,,
989,5,0.462,335,104.5,4,1,0.546,0.4345356250633703,1,94.05,0.10920000000000002,0.40950000000000003
989,6,0.462,408,127.3,0,0,,0.41627814606808045,0,114.57,,
989,7,0.462,563,175.7,6,0,,0.393088820227821,0,158.13,,
989,8,0.462,241,75.2,3,1,0.569,0.5087690103858886,1,75.2,0.1138,0.42674999999999996
990,1,0.622,375,100.2,5,1,0.74,0.7530605912813464,1,90.18,0.148,0.5549999999999999
990,2,0.622,502,134.2,7,0,,0.7391101971669559,1,120.77999999999999,,
990,3,0.622,213,56.9,5,1,0.514,0.49634346640545646,1,56.9,0.1028,0.3855
990,4,0.622,358,95.7,4,0,,0.7509203051406873,1,86.13000000000001,,
990,5,0.622,411,109.8,7,1,0.896,0.5901841498382071,1,98.82,0.17920000000000003,0.672
990,6,0.622,272,72.7,7,1,0.578,0.6820733015145591,1,72.7,0.1156,0.4335
990,7,0.622,119,31.8,8,1,0.662,0.5313784667952789,1,31.8,0.13240000000000002,0.49650000000000005
990,8,0.622,109,29.1,9,1,0.612,0.6361979913874005,1,29.1,0.12240000000000001,0.45899999999999996
991,1,0.398,380,126.9,4,0,,0.42937231828969075,0,114.21000000000001,,
991,2,0.398,278,92.8,4,1,0.597,0.24953952080803474,1,92.8,0.1194,0.44775
991,3,0.398,460,153.6,9,0,,0.458826716634419,1,138.24,,
991,4,0.398,345,115.2,8,1,0.461,0.5325935007838316,1,103.68,0.0922,0.34575
991,5,0.398,358,119.5,9,1,0.328,0.3805352054318372,1,107.55,0.0656,0.246
991,6,0.398,132,44.1,6,1,0.379,0.5340168130828014,1,44.1,0.0758,0.28425
991,7,0.398,116,38.7,4,1,0.672,0.37903065065475927,1,38.7,0.13440000000000002,0.504
991,8,0.398,101,33.7,9,1,0.427,0.48295845310466173,1,33.7,0.0854,0.32025
992,1,0.059,349,187.4,1,0,,0.0,0,168.66,,
992,2,0.059,271,145.5,2,1,0.217,0.30087777793134635,1,145.5,0.0434,0.16275
992,3,0.059,538,288.9,4,0,,0.2085458245242957,0,260.01,,
992,4,0.059,463,248.6,3,0,,0.030537449574632107,1,223.74,,
992,5,0.059,144,77.3,5,1,0.517,0.0,1,77.3,0.1034,0.38775000000000004
992,6,0.059,460,247.0,3,0,,0.08780283683054892,0,222.3,,
992,7,0.059,374,200.8,3,0,,0.0,0,180.72000000000003,,
992,8,0.059,205,110.1,2,1,0.457,0.1034853537557488,1,110.1,0.09140000000000001,0.34275
993,1,0.1,585,292.7,2,0,,0.1411565719164282,0,263.43,,
993,2,0.1,264,132.1,2,1,0.228,0.005859683099797522,1,132.1,0.0456,0.171
993,3,0.1,560,280.1,3,0,,0.21209670236143777,1,252.09000000000003,,
993,4,0.1,333,166.6,2,1,0.185,0.18055747028061736,0,149.94,0.037,
993,5,0.1,298,149.1,2,1,0.216,0.19758233372885636,1,149.1,0.0432,0.162
993,6,0.1,357,178.6,3,1,0.272,0.10088577036688955,1,160.74,0.054400000000000004,0.20400000000000001
993,7,0.1,362,181.1,3,0,,0.0,0,162.99,,
993,8,0.1,310,155.1,5,1,0.326,0.19778722722111378,1,139.59,0.06520000000000001,0.2445
994,1,0.059,173,92.9,3,1,0.189,0.03196286008642088,1,92.9,0.0378,0.14175
994,2,0.059,133,71.4,1,1,0.179,0.0,1,71.4,0.0358,0.13424999999999998
994,3,0.059,347,186.3,10,1,0.282,0.1942039365974326,0,167.67000000000002,0.0564,
994,4,0.059,290,155.7,4,1,0.181,0.2689407520502509,1,155.7,0.0362,0.13574999999999998
994,5,0.059,123,66.0,1,1,0.153,0.0548751871020797,1,66.0,0.030600000000000002,0.11474999999999999
994,6,0.059,252,135.3,4,1,0.128,0.2749121154603292,1,135.3,0.0256,0.096
994,7,0.059,107,57.5,3,1,0.291,0.06813147286113495,1,57.5,0.0582,0.21825
994,8,0.059,296,158.9,3,1,0.303,0.020954409583364877,1,158.9,0.0606,0.22725
995,1,0.14,286,134.0,7,1,0.434,0.07695415458145226,1,134.0,0.0868,0.3255
995,2,0.14,545,255.3,2,0,,0.3037082407992743,0,229.77,,
995,3,0.14,462,216.4,5,0,,0.061985611861222825,1,194.76000000000002,,
995,4,0.14,289,135.4,4,1,0.318,0.21352693099749875,1,135.4,0.0636,0.2385
995,5,0.14,369,172.8,3,1,0.473,0.08408361649407918,0,155.52,0.0946,
995,6,0.14,193,90.4,3,1,0.391,0.0939693237425637,1,90.4,0.0782,0.29325
995,7,0.14,379,177.5,4,0,,0.24302496939695672,0,159.75,,
995,8,0.14,396,185.5,6,1,0.269,0.10199631537106466,1,166.95000000000002,0.05380000000000001,0.20175
996,1,0.181,592,260.7,3,0,,0.14052046205797067,1,234.63,,
996,2,0.181,221,97.3,1,1,0.397,0.29428046971748073,1,97.3,0.07940000000000001,0.29775
996,3,0.181,257,113.2,1,1,0.314,0.34073972932216234,1,113.2,0.06280000000000001,0.2355
996,4,0.181,274,120.6,7,1,0.324,0.24546898032842335,1,120.6,0.06480000000000001,0.243
996,5,0.181,181,79.7,5,1,0.361,0.11552302243760507,1,79.7,0.0722,0.27075
996,6,0.181,219,96.4,1,1,0.203,0.12993915007024204,1,96.4,0.040600000000000004,0.15225
996,7,0.181,468,206.1,3,1,0.288,0.18899152637400374,1,185.49,0.0576,0.21599999999999997
996,8,0.181,532,234.2,2,0,,0.21309300619256574,1,210.78,,
997,1,0.121,517,249.8,5,0,,0.02221340898602281,0,224.82000000000002,,
997,2,0.121,296,143.0,2,1,0.217,0.1933037939579864,1,143.0,0.0434,0.16275
997,3,0.121,447,216.0,3,1,0.178,0.1295513329639599,0,194.4,0.0356,
997,4,0.121,148,71.5,5,1,0.211,0.0,1,71.5,0.0422,0.15825
997,5,0.121,372,179.8,4,1,0.193,0.02810735175392695,1,161.82000000000002,0.0386,0.14475
997,6,0.121,422,203.9,7,0,,0.07058713263483363,1,183.51000000000002,,
997,7,0.121,149,72.0,3,1,0.213,0.11371423111589449,1,72.0,0.0426,0.15975
997,8,0.121,116,56.1,2,1,0.28,0.3099278795503996,1,56.1,0.05600000000000001,0.21000000000000002
998,1,0.38,289,98.5,5,1,0.616,0.40381713061396285,1,98.5,0.1232,0.46199999999999997
998,2,0.38,540,184.0,5,0,,0.2959228110101375,1,165.6,,
998,3,0.38,178,60.7,8,1,0.626,0.4020630804307163,1,60.7,0.1252,0.46950000000000003
998,4,0.38,500,170.4,5,0,,0.3447912252546119,1,153.36,,
998,5,0.38,467,159.1,8,0,,0.4124758239533542,1,143.19,,
998,6,0.38,550,187.4,0,0,,0.43805676870356147,1,168.66,,
998,7,0.38,398,135.6,4,0,,0.5009230647223938,1,122.03999999999999,,
998,8,0.38,273,93.0,4,1,0.372,0.37757135043299744,1,93.0,0.07440000000000001,0.279
999,1,0.116,212,103.3,4,1,0.262,0.2798960527599833,1,103.3,0.0524,0.1965
999,2,0.116,356,173.5,4,0,,0.20680226625361914,0,156.15,,
999,3,0.116,193,94.1,2,0,,0.04525604551878122,0,94.1,,
999,4,0.116,412,200.8,0,0,,0.3369855665748464,0,180.72000000000003,,
999,5,0.116,319,155.5,3,1,0.258,0.14869945132700976,1,139.95000000000002,0.05160000000000001,0.1935
999,6,0.116,425,207.1,5,1,0.233,0.032487549602776486,0,186.39,0.0466,
999,7,0.116,589,287.1,4,0,,0.2812913051230422,0,258.39000000000004,,
999,8,0.116,384,187.2,4,0,,0.32377775851984447,0,168.48,,
1000,1,0.344,152,54.0,8,1,0.5,0.3406974736280439,1,54.0,0.1,0.375
1000,2,0.344,373,132.5,4,0,,0.2936349739624403,1,119.25,,
1000,3,0.344,205,72.8,7,1,0.465,0.32676250425463377,1,72.8,0.09300000000000001,0.34875
1000,4,0.344,550,195.4,7,0,,0.41547317275177,0,175.86,,
1000,5,0.344,436,154.9,1,1,0.417,0.47178566550305134,0,139.41,0.0834,
1000,6,0.344,332,118.0,9,0,,0.40104873308635736,1,106.2,,
1000,7,0.344,329,116.9,6,1,0.384,0.354172320847177,1,105.21000000000001,0.07680000000000001,0.28800000000000003
1000,8,0.344,496,176.3,2,1,0.551,0.49380117703044274,0,158.67000000000002,0.11020000000000002,
1001,1,0.424,447,145.1,4,0,,0.3927163526948478,1,130.59,,
1001,2,0.424,254,82.5,5,1,0.655,0.5270919338366907,1,82.5,0.131,0.49125
1001,3,0.424,562,182.5,5,0,,0.39519372016487214,0,164.25,,
1001,4,0.424,552,179.2,3,0,,0.4671022958010893,1,161.28,,
1001,5,0.424,437,141.9,6,0,,0.41264374352095484,1,127.71000000000001,,
1001,6,0.424,213,69.2,3,1,0.685,0.4184147817347189,1,69.2,0.137,0.51375
1001,7,0.424,282,91.6,3,1,0.304,0.386261348253779,1,91.6,0.0608,0.22799999999999998
1001,8,0.424,302,98.0,4,1,0.56,0.5584854031180695,1,88.2,0.11200000000000002,0.42000000000000004
1002,1,0.223,169,70.1,4,1,0.534,0.1497073961891465,1,70.1,0.1068,0.4005
1002,2,0.223,408,169.3,2,0,,0.14897677474512916,1,152.37,,
1002,3,0.223,490,203.4,2,0,,0.43509935658451093,0,183.06,,
1002,4,0.223,555,230.3,2,0,,0.32078475646543314,1,207.27,,
1002,5,0.223,385,159.8,5,1,0.357,0.0,1,143.82000000000002,0.0714,0.26775
1002,6,0.223,262,108.7,3,1,0.285,0.16647412607895964,1,108.7,0.056999999999999995,0.21375
1002,7,0.223,322,133.6,3,1,0.347,0.041801066243794566,0,120.24,0.0694,
1002,8,0.223,144,59.8,6,1,0.449,0.1279309306584745,1,59.8,0.0898,0.33675
1003,1,0.497,111,33.4,3,1,0.621,0.18314853337659598,1,33.4,0.1242,0.46575
1003,2,0.497,506,152.3,7,0,,0.48330104223060577,1,137.07000000000002,,
1003,3,0.497,583,175.5,3,0,,0.3828058180838688,1,157.95000000000002,,
1003,4,0.497,210,63.2,1,1,0.639,0.5029905256796439,1,63.2,0.1278,0.47925
1003,5,0.497,405,121.9,5,0,,0.3344878741117475,1,109.71000000000001,,
1003,6,0.497,412,124.0,6,0,,0.505291185317204,1,111.60000000000001,,
1003,7,0.497,413,124.3,2,0,,0.45550837218796725,1,111.87,,
1003,8,0.497,503,151.4,5,0,,0.6471952965188595,1,136.26000000000002,,
1004,1,0.367,279,96.5,8,1,0.408,0.5081356861745625,1,96.5,0.0816,0.306
1004,2,0.367,284,98.2,5,1,0.337,0.4455345603010283,1,98.2,0.0674,0.25275000000000003
1004,3,0.367,306,105.9,8,1,0.603,0.33433862193387875,1,95.31,0.1206,0.45225
1004,4,0.367,109,37.7,4,1,0.583,0.5655380395260293,1,37.7,0.1166,0.43724999999999997
1004,5,0.367,167,57.8,3,1,0.468,0.21169647221601792,1,57.8,0.09360000000000002,0.35100000000000003
1004,6,0.367,513,177.5,5,1,0.546,0.22664413704363373,0,159.75,0.10920000000000002,
1004,7,0.367,209,72.3,7,1,0.547,0.3586216900110935,1,72.3,0.10940000000000001,0.41025
1004,8,0.367,175,60.5,3,1,0.544,0.5924038108921119,1,60.5,0.10880000000000001,0.40800000000000003
1005,1,0.177,330,146.3,2,1,0.206,0.15676610931299123,0,131.67000000000002,0.0412,
1005,2,0.177,237,105.1,6,1,0.368,0.1586754756790718,1,105.1,0.0736,0.276
1005,3,0.177,487,215.9,7,0,,0.032808964388819056,0,194.31,,
1005,4,0.177,590,261.6,8,0,,0.27159295852703785,1,235.44000000000003,,
1005,5,0.177,360,159.6,3,1,0.295,0.27231762543293536,1,143.64,0.059,0.22125
1005,6,0.177,521,231.0,5,0,,0.25590752013999096,1,207.9,,
1005,7,0.177,210,93.1,3,1,0.448,0.11407793271526374,1,93.1,0.08960000000000001,0.336
1005,8,0.177,500,221.7,3,0,,0.10632932316269941,1,199.53,,
1006,1,0.258,243,96.2,2,1,0.494,0.12868777495950295,1,96.2,0.0988,0.3705
1006,2,0.258,508,201.0,4,0,,0.2663872501760934,0,180.9,,
1006,3,0.258,329,130.2,2,1,0.45,0.14995926707214985,1,117.17999999999999,0.09000000000000001,0.3375
1006,4,0.258,576,227.9,3,0,,0.14025834947507115,0,205.11,,
1006,5,0.258,181,71.6,5,1,0.645,0.2156309283089324,1,71.6,0.129,0.48375
1006,6,0.258,577,228.3,6,0,,0.2090843824815784,1,205.47000000000003,,
1006,7,0.258,421,166.6,8,1,0.581,0.2042021471178045,1,149.94,0.1162,0.43574999999999997
1006,8,0.258,290,114.8,5,1,0.548,0.30464445968402615,1,114.8,0.10960000000000002,0.41100000000000003
1007,1,0.189,177,77.0,4,1,0.524,0.1969047802150279,1,77.0,0.1048,0.393
1007,2,0.189,214,93.1,5,1,0.289,0.16018439694888822,1,93.1,0.0578,0.21675
1007,3,0.189,385,167.5,3,0,,0.2073012928311482,0,150.75,,
1007,4,0.189,139,60.5,2,1,0.197,0.08984729588953677,1,60.5,0.039400000000000004,0.14775
1007,5,0.189,328,142.7,6,1,0.442,0.1995278623909678,1,128.43,0.0884,0.3315
1007,6,0.189,546,237.6,1,1,0.177,0.20406024928446337,1,213.84,0.0354,0.13274999999999998
1007,7,0.189,421,183.2,2,0,,0.03869531406425192,1,164.88,,
1007,8,0.189,402,174.9,4,1,0.262,0.2885693754370362,1,157.41,0.0524,0.1965
1008,1,0.416,465,152.4,4,0,,0.32785662947730043,1,137.16,,
1008,2,0.416,401,131.4,2,1,0.627,0.4250309799206435,1,118.26,0.1254,0.47025
1008,3,0.416,579,189.7,4,0,,0.532441174053527,1,170.73,,
1008,4,0.416,280,91.7,3,1,0.563,0.508567675771387,1,91.7,0.11259999999999999,0.42224999999999996
1008,5,0.416,577,189.1,4,0,,0.41943333885688355,1,170.19,,
1008,6,0.416,584,191.4,5,0,,0.37975009971179313,0,172.26000000000002,,
1008,7,0.416,276,90.4,4,1,0.425,0.5107511908575567,1,90.4,0.085,0.31875
1008,8,0.416,240,78.6,6,1,0.57,0.48346949778086196,1,78.6,0.11399999999999999,0.4275
1009,1,0.374,347,119.2,4,0,,0.312163497995587,1,107.28,,
1009,2,0.374,574,197.1,3,0,,0.29451063529983096,1,177.39,,
1009,3,0.374,209,71.8,8,1,0.459,0.16676448183040016,1,71.8,0.0918,0.34425
1009,4,0.374,227,77.9,7,1,0.634,0.38940318416835873,1,77.9,0.1268,0.47550000000000003
1009,5,0.374,276,94.8,3,1,0.295,0.36573022549816014,1,94.8,0.059,0.22125
1009,6,0.374,224,76.9,8,1,0.532,0.4876191374642542,1,76.9,0.10640000000000001,0.399
1009,7,0.374,321,110.2,3,0,,0.40990550934803666,1,99.18,,
1009,8,0.374,340,116.7,6,1,0.503,0.507422919417269,1,105.03,0.10060000000000001,0.37725
1010,1,0.316,353,129.8,5,1,0.436,0.24626357720838293,1,116.82000000000001,0.0872,0.327
1010,2,0.316,408,150.0,5,0,,0.42981503309676183,1,135.0,,
1010,3,0.316,544,200.1,5,0,,0.2631083620895345,1,180.09,,
1010,4,0.316,420,154.5,5,0,,0.39375960617922723,1,139.05,,
1010,5,0.316,492,180.9,1,0,,0.17012416074693065,1,162.81,,
1010,6,0.316,276,101.5,8,1,0.374,0.3395135299366189,1,101.5,0.0748,0.28049999999999997
1010,7,0.316,556,204.5,3,0,,0.117531205855409,0,184.05,,
1010,8,0.316,471,173.2,0,0,,0.28928625140582453,0,155.88,,
1011,1,0.084,576,295.9,1,0,,0.12803539938779135,1,266.31,,
1011,2,0.084,250,128.4,1,1,0.271,0.03190314487689043,1,128.4,0.054200000000000005,0.20325000000000001
1011,3,0.084,226,116.1,5,1,0.183,0.0,1,116.1,0.0366,0.13724999999999998
1011,4,0.084,296,152.1,3,1,0.256,0.16861184692959338,1,152.1,0.0512,0.192
1011,5,0.084,104,53.4,6,1,0.418,0.07365372101530766,1,53.4,0.08360000000000001,0.3135
1011,6,0.084,502,257.9,3,0,,0.035042935296932844,1,232.10999999999999,,
1011,7,0.084,488,250.7,3,0,,0.08818959211542765,0,225.63,,
1011,8,0.084,520,267.1,2,0,,0.34766691419455886,0,240.39000000000001,,
1012,1,0.17,467,209.0,2,0,,0.2853502849781544,1,188.1,,
1012,2,0.17,384,171.8,3,0,,0.28625736681878405,0,154.62,,
1012,3,0.17,599,268.0,1,0,,0.2135546318992364,1,241.20000000000002,,
1012,4,0.17,433,193.8,2,0,,0.18664852725771472,1,174.42000000000002,,
1012,5,0.17,267,119.5,5,1,0.43,0.0,1,119.5,0.08600000000000001,0.3225
1012,6,0.17,553,247.5,3,0,,0.1021019653536868,0,222.75,,
1012,7,0.17,560,250.6,4,0,,0.12194255867975257,0,225.54,,
1012,8,0.17,133,59.5,8,1,0.379,0.0,1,59.5,0.0758,0.28425
1013,1,0.148,128,59.3,3,1,0.263,0.03225842097845663,1,59.3,0.05260000000000001,0.19725
1013,2,0.148,258,119.5,3,1,0.311,0.0,1,119.5,0.062200000000000005,0.23325
1013,3,0.148,443,205.2,1,0,,0.14416761643026274,0,184.68,,
1013,4,0.148,110,50.9,3,0,,0.22987659708488162,0,50.9,,
1013,5,0.148,430,199.1,2,0,,0.25867745186243285,1,179.19,,
1013,6,0.148,418,193.6,0,1,0.253,0.18947844620792412,0,174.24,0.050600000000000006,
1013,7,0.148,521,241.3,2,0,,0.05166036588014308,0,217.17000000000002,,
1013,8,0.148,391,181.1,3,0,,0.0,1,162.99,,
1014,1,0.04,147,81.7,3,1,0.273,0.0,1,81.7,0.05460000000000001,0.20475000000000002
1014,2,0.04,227,126.1,3,1,0.184,0.0,1,126.1,0.0368,0.138
1014,3,0.04,561,311.7,0,1,0.17,0.0,0,280.53,0.034,
1014,4,0.04,406,225.6,3,0,,0.024025150200841335,1,203.04,,
1014,5,0.04,367,203.9,4,0,,0.0,1,183.51000000000002,,
1014,6,0.04,401,222.8,2,1,0.296,0.07389758936682615,1,200.52,0.0592,0.22199999999999998
1014,7,0.04,281,156.1,5,1,0.204,0.01677264972005272,1,156.1,0.0408,0.153
1014,8,0.04,431,239.5,2,0,,0.041054571174102564,0,215.55,,
1015,1,0.103,370,184.0,3,1,0.382,0.21702505526712046,0,165.6,0.07640000000000001,
1015,2,0.103,165,82.0,4,1,0.42,0.0,1,82.0,0.084,0.315
1015,3,0.103,557,277.0,3,0,,0.14487045782923683,1,249.3,,
1015,4,0.103,108,53.7,3,1,0.187,0.10160267715239266,1,53.7,0.0374,0.14024999999999999
1015,5,0.103,144,71.6,3,1,0.48,0.06965137190303047,1,71.6,0.096,0.36
1015,6,0.103,228,113.4,2,1,0.241,0.191525632086596,1,113.4,0.0482,0.18075
1015,7,0.103,406,201.9,1,0,,0.19090141545570072,0,181.71,,
1015,8,0.103,477,237.2,3,0,,0.008350920401157175,1,213.48,,
1016,1,0.105,520,257.8,2,0,,0.08678394161420758,0,232.02,,
1016,2,0.105,237,117.5,0,1,0.224,0.13312116825840653,1,117.5,0.044800000000000006,0.168
1016,3,0.105,473,234.5,3,0,,0.07769932519774155,0,211.05,,
1016,4,0.105,368,182.4,5,0,,0.16350213322877982,0,164.16,,
1016,5,0.105,169,83.8,3,1,0.337,0.13311920179102754,1,83.8,0.0674,0.25275000000000003
1016,6,0.105,178,88.2,2,1,0.376,0.28825612403560125,1,88.2,0.0752,0.28200000000000003
1016,7,0.105,567,281.1,3,0,,0.0,0,252.99000000000004,,
1016,8,0.105,179,88.7,3,1,0.336,0.09275640102526025,1,88.7,0.06720000000000001,0.252
1017,1,0.228,411,169.4,3,1,0.435,0.1371497488487809,1,152.46,0.08700000000000001,0.32625
1017,2,0.228,475,195.8,6,0,,0.28841074554390445,1,176.22000000000003,,
1017,3,0.228,547,225.5,5,0,,0.06628281099544556,0,202.95000000000002,,
1017,4,0.228,333,137.3,5,1,0.44,0.2626312710224887,1,123.57000000000001,0.08800000000000001,0.33
1017,5,0.228,217,89.4,4,1,0.287,0.16499515686516592,1,89.4,0.0574,0.21525
1017,6,0.228,196,80.8,4,1,0.393,0.15458381338789862,1,80.8,0.0786,0.29475
1017,7,0.228,176,72.5,1,1,0.349,0.08335017964593128,1,72.5,0.0698,0.26175
1017,8,0.228,253,104.3,8,1,0.374,0.1814924053798994,1,104.3,0.0748,0.28049999999999997
1018,1,0.404,531,176.3,4,0,,0.5124500530290926,1,158.67000000000002,,
1018,2,0.404,371,123.2,4,0,,0.40148113164705207,0,110.88000000000001,,
1018,3,0.404,411,136.4,6,1,0.37,0.46676804178744746,1,122.76,0.074,0.27749999999999997
1018,4,0.404,436,144.7,7,1,0.542,0.5704641821966275,0,130.23,0.10840000000000001,
1018,5,0.404,445,147.7,4,1,0.678,0.4303755584822576,0,132.93,0.13560000000000003,
1018,6,0.404,358,118.8,5,1,0.595,0.34812004279376596,1,106.92,0.119,0.44625
1018,7,0.404,236,78.3,2,1,0.469,0.450725221518279,1,78.3,0.0938,0.35175
1018,8,0.404,509,169.0,7,0,,0.3495703853685708,1,152.1,,
1019,1,0.185,178,77.9,5,1,0.432,0.13455773167028307,1,77.9,0.0864,0.324
1019,2,0.185,256,112.0,4,1,0.348,0.033010720038101515,1,112.0,0.0696,0.261
1019,3,0.185,217,95.0,3,1,0.256,0.27762574910843923,1,95.0,0.0512,0.192
1019,4,0.185,183,80.1,3,1,0.297,0.14639974243505607,1,80.1,0.0594,0.22275
1019,5,0.185,593,259.6,6,0,,0.2032098245815862,1,233.64000000000001,,
1019,6,0.185,524,229.4,7,0,,0.08140380713933604,1,206.46,,
1019,7,0.185,212,92.8,3,1,0.37,0.22859476297154724,1,92.8,0.074,0.27749999999999997
1019,8,0.185,269,117.7,4,1,0.338,0.10880587618649162,1,117.7,0.06760000000000001,0.2535
1020,1,0.236,326,132.9,3,1,0.462,0.22182912782981756,0,119.61000000000001,0.09240000000000001,
1020,2,0.236,308,125.6,5,1,0.383,0.3237826031239126,0,113.03999999999999,0.0766,
1020,3,0.236,164,66.9,2,1,0.508,0.31507593122325295,1,66.9,0.10160000000000001,0.381
1020,4,0.236,165,67.3,3,1,0.238,0.23379699274830595,1,67.3,0.0476,0.1785
1020,5,0.236,538,219.4,2,0,,0.05918689672932814,1,197.46,,
1020,6,0.236,390,159.0,4,1,0.573,0.5352810570060642,1,143.1,0.1146,0.42974999999999997
1020,7,0.236,598,243.9,3,0,,0.41058589702731363,1,219.51000000000002,,
1020,8,0.236,406,165.6,3,0,,0.30826748248882985,0,149.04,,
1021,1,0.236,201,82.0,4,1,0.497,0.1606796218409029,1,82.0,0.0994,0.37275
1021,2,0.236,490,199.8,6,0,,0.22464078382980351,0,179.82000000000002,,
1021,3,0.236,365,148.8,5,0,,0.1816579570223483,0,133.92000000000002,,
1021,4,0.236,451,183.9,7,0,,0.36238559390963887,0,165.51000000000002,,
1021,5,0.236,105,42.8,5,1,0.345,0.2622502890851834,1,42.8,0.06899999999999999,0.25875
1021,6,0.236,245,99.9,3,1,0.485,0.1575836141640167,1,99.9,0.097,0.36375
1021,7,0.236,341,139.1,4,0,,0.1889244900875218,0,125.19,,
1021,8,0.236,304,124.0,3,1,0.432,0.3481188142569904,0,111.60000000000001,0.0864,
1022,1,0.256,483,191.7,2,1,0.252,0.41600978468204786,1,172.53,0.0504,0.189
1022,2,0.256,275,109.2,5,1,0.37,0.4088331563486246,1,109.2,0.074,0.27749999999999997
1022,3,0.256,270,107.2,3,1,0.435,0.33170320650539775,1,107.2,0.08700000000000001,0.32625
1022,4,0.256,211,83.8,6,1,0.422,0.23073751311973634,1,83.8,0.0844,0.3165
1022,5,0.256,555,220.3,6,0,,0.0,1,198.27,,
1022,6,0.256,154,61.1,1,1,0.252,0.2857160023808222,1,61.1,0.0504,0.189
1022,7,0.256,499,198.1,9,0,,0.25581712411559,0,178.29,,
1022,8,0.256,376,149.3,7,0,,0.2699982096321354,1,134.37,,
1023,1,0.277,597,230.4,7,0,,0.2823897347033207,1,207.36,,
1023,2,0.277,549,211.9,4,0,,0.1443737838050843,1,190.71,,
1023,3,0.277,542,209.2,3,0,,0.3327408556851186,1,188.28,,
1023,4,0.277,146,56.3,3,1,0.474,0.34022163140318507,1,56.3,0.0948,0.3555
1023,5,0.277,240,92.6,1,1,0.427,0.34523387820596596,1,92.6,0.0854,0.32025
1023,6,0.277,213,82.2,7,1,0.49,0.3716577003573387,1,82.2,0.098,0.3675
1023,7,0.277,344,132.8,2,1,0.432,0.33740516449216235,1,119.52000000000001,0.0864,0.324
1023,8,0.277,298,115.0,4,1,0.343,0.23599705884610894,1,115.0,0.06860000000000001,0.25725000000000003
1024,1,0.493,248,74.9,6,1,0.527,0.48591631520839096,1,74.9,0.10540000000000001,0.39525
1024,2,0.493,224,67.7,6,1,0.522,0.5021124867253377,1,67.7,0.1044,0.3915
1024,3,0.493,459,138.7,7,0,,0.5037699449106618,1,124.83,,
1024,4,0.493,265,80.1,6,1,0.522,0.592821765597173,1,80.1,0.1044,0.3915
1024,5,0.493,435,131.4,4,1,0.614,0.557366875302249,1,118.26,0.1228,0.4605
1024,6,0.493,159,48.0,6,1,0.495,0.7007343439569953,1,48.0,0.099,0.37124999999999997
1024,7,0.493,507,153.2,4,0,,0.7136468979884673,1,137.88,,
1024,8,0.493,167,50.5,7,1,0.608,0.5009649582613925,1,50.5,0.1216,0.45599999999999996
1025,1,0.225,330,136.6,7,1,0.314,0.0,1,122.94,0.06280000000000001,0.2355
1025,2,0.225,126,52.2,3,1,0.25,0.34868324661272665,1,52.2,0.05,0.1875
1025,3,0.225,476,197.1,1,1,0.26,0.17096236610129456,0,177.39,0.052000000000000005,
1025,4,0.225,476,197.1,3,0,,0.14485160781689932,1,177.39,,
1025,5,0.225,434,179.7,4,1,0.471,0.18515547250106332,1,161.73,0.0942,0.35324999999999995
1025,6,0.225,488,202.0,4,0,,0.18033569531853935,1,181.8,,
1025,7,0.225,134,55.5,3,1,0.188,0.2862269810105393,1,55.5,0.0376,0.14100000000000001
1025,8,0.225,578,239.3,5,0,,0.06905642208737744,1,215.37,,
1026,1,0.498,303,91.1,5,1,0.643,0.39022792542083984,1,81.99,0.12860000000000002,0.48225
1026,2,0.498,271,81.5,7,1,0.697,0.5323158554197417,1,81.5,0.1394,0.5227499999999999
1026,3,0.498,361,108.5,4,1,0.669,0.5602944030413308,1,97.65,0.1338,0.50175
1026,4,0.498,479,144.0,2,0,,0.5621541644936012,1,129.6,,
1026,5,0.498,365,109.7,5,1,0.691,0.4192963721066701,1,98.73,0.1382,0.51825
1026,6,0.498,346,104.0,9,1,0.647,0.400173435073376,1,93.60000000000001,0.12940000000000002,0.48525
1026,7,0.498,126,37.9,3,1,0.603,0.44733651662120805,1,37.9,0.1206,0.45225
1026,8,0.498,299,89.9,6,1,0.67,0.5219872752284725,1,89.9,0.134,0.5025000000000001
1027,1,0.271,291,113.3,8,1,0.225,0.419547736927255,1,113.3,0.045000000000000005,0.16875
1027,2,0.271,577,224.6,1,0,,0.06625628142292497,1,202.14,,
1027,3,0.271,153,59.5,3,1,0.448,0.24892712430416336,1,59.5,0.08960000000000001,0.336
1027,4,0.271,576,224.2,5,0,,0.13773215589747964,0,201.78,,
1027,5,0.271,110,42.8,3,1,0.444,0.10577573226465103,1,42.8,0.0888,0.333
1027,6,0.271,549,213.7,4,0,,0.36769566453448166,0,192.32999999999998,,
1027,7,0.271,386,150.2,6,1,0.624,0.3254624574499339,1,135.18,0.12480000000000001,0.46799999999999997
1027,8,0.271,529,205.9,8,0,,0.31594335159472625,0,185.31,,
1028,1,0.245,202,81.4,5,1,0.53,0.33710258397309933,1,81.4,0.10600000000000001,0.3975
1028,2,0.245,350,141.0,2,0,,0.19702811032338638,0,126.9,,
1028,3,0.245,388,156.3,8,0,,0.20173624836664716,0,140.67000000000002,,
1028,4,0.245,248,99.9,3,1,0.143,0.4635730616722574,1,99.9,0.0286,0.10724999999999998
1028,5,0.245,289,116.4,2,1,0.273,0.22034289457404255,1,116.4,0.05460000000000001,0.20475000000000002
1028,6,0.245,339,136.5,4,0,,0.3185132113054091,0,122.85000000000001,,
1028,7,0.245,101,40.7,3,1,0.499,0.2456381540963315,1,40.7,0.0998,0.37424999999999997
1028,8,0.245,158,63.6,4,1,0.443,0.06017414699215848,1,63.6,0.08860000000000001,0.33225
1029,1,0.707,332,82.5,6,1,0.807,0.5025370996198731,0,74.25,0.16140000000000002,
1029,2,0.707,440,109.4,4,1,0.705,0.6491015780060094,1,98.46000000000001,0.141,0.5287499999999999
1029,3,0.707,171,42.5,9,1,0.597,0.8126101251669988,1,12.75,0.1194,0.44775
1029,4,0.707,305,75.8,7,1,0.633,0.7858291656636003,1,68.22,0.12660000000000002,0.47475
1029,5,0.707,579,143.9,4,0,,0.7984077164224033,1,129.51000000000002,,
1029,6,0.707,252,62.6,11,1,0.909,0.6082953821063685,1,62.6,0.18180000000000002,0.6817500000000001
1029,7,0.707,390,96.9,7,0,,0.8685872490122313,1,29.07,,
1029,8,0.707,232,57.7,3,1,0.685,0.6105106699813615,1,57.7,0.137,0.51375
1030,1,0.441,472,150.6,8,0,,0.46228243986699685,1,135.54,,
1030,2,0.441,193,61.6,3,1,0.59,0.4399647710092263,1,61.6,0.118,0.4425
1030,3,0.441,581,185.3,3,1,0.656,0.4236126179685414,1,166.77,0.1312,0.492
1030,4,0.441,508,162.0,5,0,,0.5748592138295607,1,145.8,,
1030,5,0.441,385,122.8,8,1,0.744,0.3704889479834039,1,110.52,0.14880000000000002,0.558
1030,6,0.441,482,153.7,5,0,,0.3060394744288072,1,138.32999999999998,,
1030,7,0.441,250,79.7,7,1,0.639,0.44299954862064195,1,79.7,0.1278,0.47925
1030,8,0.441,140,44.7,2,1,0.64,0.40101732657134737,1,44.7,0.128,0.48
1031,1,0.043,116,64.1,8,1,0.222,0.3807382919082646,1,64.1,0.0444,0.1665
1031,2,0.043,335,185.1,3,0,,0.1106507476439975,0,166.59,,
1031,3,0.043,433,239.3,2,0,,0.0020659424781375585,0,215.37,,
1031,4,0.043,380,210.0,3,1,0.207,0.0,0,189.0,0.0414,
1031,5,0.043,186,102.8,5,1,0.328,0.0,1,102.8,0.0656,0.246
1031,6,0.043,424,234.3,3,0,,0.0,1,210.87,,
1031,7,0.043,117,64.7,3,1,0.098,0.05449417717591317,1,64.7,0.019600000000000003,0.07350000000000001
1031,8,0.043,120,66.3,3,1,0.014,0.18573286515947696,1,66.3,0.0028000000000000004,0.0105
1032,1,0.338,430,153.9,4,1,0.683,0.4501689142387919,0,138.51000000000002,0.13660000000000003,
1032,2,0.338,557,199.3,5,0,,0.36090948316463795,1,179.37,,
1032,3,0.338,109,39.0,4,1,0.694,0.30568323342975157,1,39.0,0.1388,0.5205
1032,4,0.338,241,86.2,5,1,0.421,0.36488123564121544,1,86.2,0.0842,0.31575
1032,5,0.338,174,62.3,1,1,0.567,0.2861362002515424,1,62.3,0.1134,0.42524999999999996
1032,6,0.338,466,166.8,2,1,0.613,0.5098363995763876,1,150.12,0.1226,0.45975
1032,7,0.338,448,160.3,7,0,,0.319080981872492,1,144.27,,
1032,8,0.338,454,162.5,3,1,0.344,0.32936621417532735,1,146.25,0.0688,0.258
1033,1,0.109,124,61.1,6,0,,0.0,0,61.1,,
1033,2,0.109,124,61.1,3,1,0.429,0.08945651534772361,1,61.1,0.0858,0.32175
1033,3,0.109,199,98.0,4,1,0.29,0.1926484137964941,1,98.0,0.057999999999999996,0.21749999999999997
1033,4,0.109,582,286.6,2,0,,0.002227742296145474,0,257.94000000000005,,
1033,5,0.109,308,151.6,5,1,0.344,0.03392796655071871,0,136.44,0.0688,
1033,6,0.109,236,116.2,5,1,0.217,0.18827110177336648,1,116.2,0.0434,0.16275
1033,7,0.109,535,263.4,4,0,,0.0,0,237.05999999999997,,
1033,8,0.109,497,244.7,3,1,0.213,0.21478010075419185,0,220.23,0.0426,
1034,1,0.279,501,192.9,0,1,0.409,0.22578561098268982,0,173.61,0.0818,
1034,2,0.279,538,207.2,8,0,,0.24014317795087972,1,186.48,,
1034,3,0.279,520,200.2,7,0,,0.16661215948744063,0,180.18,,
1034,4,0.279,167,64.3,6,1,0.585,0.31680462604278836,1,64.3,0.11699999999999999,0.43875
1034,5,0.279,276,106.3,3,1,0.365,0.5249871985029381,1,106.3,0.073,0.27375
1034,6,0.279,499,192.2,4,0,,0.35714972394606326,0,172.98,,
1034,7,0.279,296,114.0,2,0,,0.19257147380594644,0,114.0,,
1034,8,0.279,465,179.1,5,1,0.416,0.3925620585491476,1,161.19,0.0832,0.312
1035,1,0.123,477,229.6,3,0,,0.09133204540657505,1,206.64,,
1035,2,0.123,590,284.0,5,0,,0.26044849814275595,1,255.6,,
1035,3,0.123,325,156.5,4,0,,0.2036676402164363,1,140.85,,
1035,4,0.123,135,65.0,2,0,,0.0,0,65.0,,
1035,5,0.123,545,262.4,0,0,,0.022592036704497248,1,236.16,,
1035,6,0.123,364,175.2,1,0,,0.217438522283539,1,157.68,,
1035,7,0.123,288,138.6,6,1,0.346,0.13816572721450177,1,138.6,0.0692,0.25949999999999995
1035,8,0.123,362,174.3,3,1,0.448,0.020624405229214937,0,156.87,0.08960000000000001,
1036,1,0.311,539,199.4,5,0,,0.24764104845061874,1,179.46,,
1036,2,0.311,303,112.1,3,0,,0.12037633799106193,1,100.89,,
1036,3,0.311,437,161.7,5,0,,0.3021626712473604,0,145.53,,
1036,4,0.311,139,51.4,8,1,0.413,0.5320689726015764,1,51.4,0.0826,0.30974999999999997
1036,5,0.311,100,37.0,6,1,0.511,0.3914933390732326,1,37.0,0.10220000000000001,0.38325
1036,6,0.311,335,123.9,4,1,0.543,0.5300417001188423,0,111.51,0.10860000000000002,
1036,7,0.311,432,159.8,5,0,,0.399239708978998,0,143.82000000000002,,
1036,8,0.311,599,221.6,7,0,,0.4137479343352692,1,199.44,,
1037,1,0.581,109,30.3,7,1,0.61,0.7784078687745024,1,30.3,0.122,0.4575
1037,2,0.581,369,102.4,6,1,0.719,0.6187263259342226,1,92.16000000000001,0.1438,0.53925
1037,3,0.581,125,34.7,12,1,0.619,0.562277267849312,1,34.7,0.12380000000000001,0.46425
1037,4,0.581,330,91.6,8,1,0.746,0.6842657516622012,1,82.44,0.1492,0.5595
1037,5,0.581,355,98.5,7,1,0.633,0.7263840237121885,1,88.65,0.12660000000000002,0.47475
1037,6,0.581,479,133.0,4,0,,0.533003535728779,1,119.7,,
1037,7,0.581,348,96.6,2,1,0.83,0.5088430917659971,1,86.94,0.166,0.6224999999999999
1037,8,0.581,250,69.4,5,1,0.65,0.594885603243088,1,69.4,0.13,0.48750000000000004
1038,1,0.352,287,101.1,0,1,0.458,0.4351498866931662,1,101.1,0.09160000000000001,0.3435
1038,2,0.352,415,146.1,0,0,,0.43180910486615615,0,131.49,,
1038,3,0.352,578,203.5,10,0,,0.20958323998124007,1,183.15,,
1038,4,0.352,183,64.4,8,1,0.585,0.5431606067063321,1,64.4,0.11699999999999999,0.43875
1038,5,0.352,409,144.0,8,1,0.505,0.28788350706031496,1,129.6,0.101,0.37875000000000003
1038,6,0.352,208,73.2,8,1,0.474,0.32549350031114205,1,73.2,0.0948,0.3555
1038,7,0.352,224,78.9,1,1,0.362,0.261734564001218,1,78.9,0.0724,0.27149999999999996
1038,8,0.352,249,87.7,3,1,0.736,0.6218328835937088,1,87.7,0.1472,0.552
1039,1,0.212,253,106.7,2,1,0.243,0.23620706702879674,1,106.7,0.048600000000000004,0.18225
1039,2,0.212,394,166.1,4,0,,0.1269024919318435,1,149.49,,
1039,3,0.212,517,218.0,3,0,,0.2983923549962446,0,196.20000000000002,,
1039,4,0.212,298,125.6,4,1,0.328,0.2889135779310033,1,125.6,0.0656,0.246
1039,5,0.212,291,122.7,5,1,0.361,0.1932272976420116,1,122.7,0.0722,0.27075
1039,6,0.212,185,78.0,3,1,0.373,0.29606067127833835,1,78.0,0.0746,0.27975
1039,7,0.212,202,85.2,3,1,0.379,0.12947080391691354,1,85.2,0.0758,0.28425
1039,8,0.212,301,126.9,5,0,,0.16270817250507477,1,114.21000000000001,,
1040,1,0.191,268,116.4,6,1,0.205,0.0,1,116.4,0.041,0.15375
1040,2,0.191,214,93.0,6,1,0.58,0.058604891578043716,1,93.0,0.11599999999999999,0.43499999999999994
1040,3,0.191,486,211.1,2,0,,0.3717630805670686,1,189.99,,
1040,4,0.191,401,174.2,10,0,,0.35514286277223145,1,156.78,,
1040,5,0.191,163,70.8,6,1,0.367,0.19757886486489626,1,70.8,0.0734,0.27525
1040,6,0.191,374,162.5,4,1,0.326,0.35729314471898377,1,146.25,0.06520000000000001,0.2445
1040,7,0.191,260,112.9,4,1,0.249,0.17499255133916952,1,112.9,0.049800000000000004,0.18675
1040,8,0.191,593,257.6,3,0,,0.1666589697432092,1,231.84000000000003,,
1041,1,0.529,312,91.0,4,1,0.643,0.5346510648465557,1,81.9,0.12860000000000002,0.48225
1041,2,0.529,387,112.9,11,0,,0.5165078404676435,1,101.61000000000001,,
1041,3,0.529,391,114.0,5,1,0.795,0.507480367643982,1,102.60000000000001,0.15900000000000003,0.5962500000000001
1041,4,0.529,256,74.7,7,1,0.694,0.6433398107149553,1,74.7,0.1388,0.5205
1041,5,0.529,279,81.4,2,1,0.698,0.5440135653956203,1,81.4,0.1396,0.5235
1041,6,0.529,446,130.1,5,1,0.517,0.6002481764433805,1,117.09,0.1034,0.38775000000000004
1041,7,0.529,573,167.1,9,0,,0.6321380525277331,1,150.39,,
1041,8,0.529,473,137.9,5,0,,0.5678185795654733,1,124.11000000000001,,
1042,1,0.344,424,150.7,8,0,,0.24697286740917607,1,135.63,,
1042,2,0.344,508,180.5,2,0,,0.2087134111035961,1,162.45000000000002,,
1042,3,0.344,298,105.9,4,1,0.437,0.3588780634807305,1,105.9,0.0874,0.32775
1042,4,0.344,460,163.5,9,0,,0.32687436951750654,1,147.15,,
1042,5,0.344,395,140.4,4,0,,0.35273914289201214,1,126.36000000000001,,
1042,6,0.344,298,105.9,3,1,0.405,0.34239459607514133,1,105.9,0.08100000000000002,0.30375
1042,7,0.344,329,116.9,4,1,0.557,0.6023573660166567,1,105.21000000000001,0.11140000000000001,0.41775000000000007
1042,8,0.344,129,45.8,6,1,0.482,0.21097737443586617,1,45.8,0.0964,0.3615
1043,1,0.509,162,48.1,7,1,0.568,0.31000537301788755,1,48.1,0.11359999999999999,0.42599999999999993
1043,2,0.509,112,33.3,4,1,0.88,0.542237683351961,1,33.3,0.17600000000000002,0.66
1043,3,0.509,491,145.9,7,0,,0.47135774454118046,1,131.31,,
1043,4,0.509,515,153.0,5,0,,0.5406067869729951,1,137.70000000000002,,
1043,5,0.509,373,110.8,6,1,0.75,0.5673883022284001,1,99.72,0.15000000000000002,0.5625
1043,6,0.509,202,60.0,5,1,0.614,0.6374104695178897,1,60.0,0.1228,0.4605
1043,7,0.509,382,113.5,13,0,,0.35827741796160617,1,102.15,,
1043,8,0.509,492,146.2,10,0,,0.4533282102142837,1,131.57999999999998,,
1044,1,0.389,537,181.2,1,0,,0.4318761258880764,1,163.07999999999998,,
1044,2,0.389,572,193.1,2,0,,0.46604635956872265,1,173.79,,
1044,3,0.389,322,108.7,8,0,,0.6083449550288386,1,97.83,,
1044,4,0.389,397,134.0,3,1,0.574,0.4845703971113867,1,120.60000000000001,0.1148,0.4305
1044,5,0.389,489,165.0,6,0,,0.3833211404113723,0,148.5,,
1044,6,0.389,339,114.4,4,1,0.514,0.29995642470573386,1,102.96000000000001,0.1028,0.3855
1044,7,0.389,174,58.7,7,1,0.595,0.3325710147280981,1,58.7,0.119,0.44625
1044,8,0.389,268,90.5,7,1,0.529,0.3297297177042894,1,90.5,0.1058,0.39675000000000005
1045,1,0.249,154,61.7,5,1,0.349,0.31452336285137605,1,61.7,0.0698,0.26175
1045,2,0.249,237,95.0,5,1,0.505,0.27469974455858304,1,95.0,0.101,0.37875000000000003
1045,3,0.249,199,79.7,4,1,0.468,0.11663504291578211,1,79.7,0.09360000000000002,0.35100000000000003
1045,4,0.249,204,81.8,2,1,0.395,0.2054098530909567,1,81.8,0.07900000000000001,0.29625
1045,5,0.249,212,85.0,5,1,0.329,0.3367547553451421,1,85.0,0.06580000000000001,0.24675000000000002
1045,6,0.249,456,182.7,5,1,0.355,0.2841662354974059,1,164.43,0.071,0.26625
1045,7,0.249,194,77.7,3,1,0.269,0.30586446160127706,1,77.7,0.05380000000000001,0.20175
1045,8,0.249,270,108.2,3,1,0.571,0.2872921710057263,1,108.2,0.1142,0.42824999999999996
1046,1,0.326,145,52.7,5,1,0.431,0.488643073460886,1,52.7,0.0862,0.32325
1046,2,0.326,559,203.1,6,0,,0.349604306382437,1,182.79,,
1046,3,0.326,457,166.0,5,0,,0.2873977202129302,1,149.4,,
1046,4,0.326,342,124.2,5,0,,0.23442449588664394,0,111.78,,
1046,5,0.326,512,186.0,5,0,,0.3509609458209712,1,167.4,,
1046,6,0.326,153,55.6,9,1,0.563,0.0819295985224916,1,55.6,0.11259999999999999,0.42224999999999996
1046,7,0.326,163,59.2,6,0,,0.3075710998167288,0,59.2,,
1046,8,0.326,312,113.3,4,0,,0.3054160140078656,0,101.97,,
1047,1,0.616,599,161.0,5,1,0.572,0.4795529146382719,1,144.9,0.1144,0.42899999999999994
1047,2,0.616,517,139.0,6,1,0.609,0.5231734161344004,1,125.10000000000001,0.1218,0.45675
1047,3,0.616,581,156.2,5,0,,0.6969657530148241,1,140.57999999999998,,
1047,4,0.616,335,90.0,1,1,0.596,0.6390711749074962,1,81.0,0.1192,0.44699999999999995
1047,5,0.616,412,110.7,4,1,0.516,0.6261788333707328,1,99.63000000000001,0.10320000000000001,0.387
1047,6,0.616,541,145.4,1,0,,0.6466347533932022,1,130.86,,
1047,7,0.616,148,39.8,6,1,0.579,0.6252627587948923,1,39.8,0.1158,0.43424999999999997
1047,8,0.616,186,50.0,6,1,0.653,0.7402862562858314,1,50.0,0.13060000000000002,0.48975
1048,1,0.264,299,117.4,4,1,0.232,0.2763429181703649,1,117.4,0.046400000000000004,0.17400000000000002
1048,2,0.264,344,135.1,7,1,0.45,0.11817868861812497,1,121.59,0.09000000000000001,0.3375
1048,3,0.264,102,40.1,8,1,0.386,0.42701299648744107,1,40.1,0.0772,0.2895
1048,4,0.264,531,208.6,6,0,,0.3010340267328846,0,187.74,,
1048,5,0.264,388,152.4,6,0,,0.20507462692049325,0,137.16,,
1048,6,0.264,361,141.8,4,1,0.299,0.13865982817049816,0,127.62000000000002,0.0598,
1048,7,0.264,150,58.9,4,1,0.179,0.3035914220958046,1,58.9,0.0358,0.13424999999999998
1048,8,0.264,253,99.4,1,1,0.359,0.2522827995025625,1,99.4,0.0718,0.26925
1049,1,0.182,165,72.6,7,1,0.297,0.33941467860324087,1,72.6,0.0594,0.22275
1049,2,0.182,445,195.7,4,1,0.406,0.1474092719333172,0,176.13,0.08120000000000001,
1049,3,0.182,482,212.0,0,0,,0.0982619210317533,1,190.8,,
1049,4,0.182,196,86.2,2,1,0.15,0.27157962182359285,1,86.2,0.03,0.11249999999999999
1049,5,0.182,126,55.4,3,1,0.373,0.27452818927168315,1,55.4,0.0746,0.27975
1049,6,0.182,224,98.5,4,1,0.242,0.19886513676101955,1,98.5,0.0484,0.1815
1049,7,0.182,451,198.3,3,0,,0.24963570476749083,1,178.47000000000003,,
1049,8,0.182,552,242.7,2,1,0.267,0.1782312879257762,0,218.43,0.0534,
1050,1,0.172,133,59.4,4,1,0.399,0.19538651010092467,1,59.4,0.07980000000000001,0.29925
1050,2,0.172,188,83.9,2,1,0.309,0.2884990882563923,1,83.9,0.0618,0.23175
1050,3,0.172,571,255.0,2,0,,0.23453183340215028,0,229.5,,
1050,4,0.172,539,240.7,4,0,,0.1550725561667375,1,216.63,,
1050,5,0.172,471,210.3,3,0,,0.30723625459261505,1,189.27,,
1050,6,0.172,523,233.5,5,0,,0.0,1,210.15,,
1050,7,0.172,357,159.4,5,0,,0.3772073311421935,1,143.46,,
1050,8,0.172,225,100.5,1,1,0.398,0.0014040905109264368,1,100.5,0.0796,0.2985
1051,1,0.397,252,84.3,3,1,0.67,0.3342907175227704,1,84.3,0.134,0.5025000000000001
1051,2,0.397,332,111.1,4,1,0.4,0.3929082464804931,1,99.99,0.08000000000000002,0.30000000000000004
1051,3,0.397,342,114.4,10,1,0.396,0.3823519329271839,1,102.96000000000001,0.0792,0.29700000000000004
1051,4,0.397,241,80.6,2,1,0.521,0.4976411040026555,1,80.6,0.10420000000000001,0.39075000000000004
1051,5,0.397,193,64.6,5,1,0.313,0.29121633813897657,1,64.6,0.0626,0.23475000000000001
1051,6,0.397,588,196.7,5,0,,0.4230766817483063,1,177.03,,
1051,7,0.397,298,99.7,6,1,0.506,0.3391787901780246,1,99.7,0.10120000000000001,0.3795
1051,8,0.397,468,156.6,1,0,,0.4265140979337417,1,140.94,,
1052,1,0.202,432,184.5,4,0,,0.19552277402021237,0,166.05,,
1052,2,0.202,386,164.9,0,1,0.683,0.2112935652682978,0,148.41,0.13660000000000003,
1052,3,0.202,114,48.7,3,1,0.272,0.14700751675356544,1,48.7,0.054400000000000004,0.20400000000000001
1052,4,0.202,209,89.3,4,0,,0.15099360499039177,0,89.3,,
1052,5,0.202,383,163.6,8,0,,0.2307272514027427,1,147.24,,
1052,6,0.202,150,64.1,3,1,0.36,0.29637155057560444,1,64.1,0.072,0.27
1052,7,0.202,528,225.5,4,0,,0.14217206658021525,1,202.95000000000002,,
1052,8,0.202,123,52.5,3,1,0.144,0.11512324554270903,1,52.5,0.0288,0.10799999999999998
1053,1,0.229,538,221.5,2,1,0.343,0.29034601656718373,1,199.35,0.06860000000000001,0.25725000000000003
1053,2,0.229,595,245.0,0,0,,0.22574961069423108,1,220.5,,
1053,3,0.229,159,65.5,4,1,0.516,0.3120498133985952,1,65.5,0.10320000000000001,0.387
1053,4,0.229,537,221.1,1,0,,0.13842027866288525,1,198.99,,
1053,5,0.229,580,238.8,6,0,,0.0510561074576569,0,214.92000000000002,,
1053,6,0.229,109,44.9,2,1,0.163,0.17569959181736658,1,44.9,0.032600000000000004,0.12225
1053,7,0.229,515,212.0,2,0,,0.1523647390734984,1,190.8,,
1053,8,0.229,457,188.2,3,0,,0.22112115999197002,0,169.38,,
1054,1,0.463,567,176.5,8,0,,0.39931547857296107,1,158.85,,
1054,2,0.463,426,132.6,6,0,,0.5371016951336449,1,119.34,,
1054,3,0.463,123,38.3,4,1,0.789,0.4341849737577484,1,38.3,0.15780000000000002,0.59175
1054,4,0.463,474,147.6,2,0,,0.4780474498773901,1,132.84,,
1054,5,0.463,145,45.1,11,1,0.653,0.4787634558440944,1,45.1,0.13060000000000002,0.48975
1054,6,0.463,109,33.9,7,1,0.664,0.48249550924121876,1,33.9,0.1328,0.498
1054,7,0.463,543,169.1,1,0,,0.4605870889545027,1,152.19,,
1054,8,0.463,586,182.5,7,0,,0.5140600690410314,1,164.25,,
1055,1,0.101,507,253.0,2,0,,0.021434486617419243,1,227.70000000000002,,
1055,2,0.101,342,170.7,4,1,0.388,0.24094179266538832,0,153.63,0.0776,
1055,3,0.101,373,186.1,4,0,,0.07734626166314648,1,167.49,,
1055,4,0.101,380,189.6,4,0,,0.0,1,170.64,,
1055,5,0.101,422,210.6,3,0,,0.11980733569917731,0,189.54,,
1055,6,0.101,353,176.2,3,0,,0.015881951755251505,1,158.57999999999998,,
1055,7,0.101,220,109.8,5,1,0.232,0.1675334534508875,1,109.8,0.046400000000000004,0.17400000000000002
1055,8,0.101,531,265.0,2,0,,0.3219605576042378,1,238.5,,
1056,1,0.28,336,129.2,8,1,0.457,0.20134279084421502,1,116.27999999999999,0.09140000000000001,0.34275
1056,2,0.28,300,115.4,3,1,0.306,0.3132372333223985,1,115.4,0.061200000000000004,0.22949999999999998
1056,3,0.28,522,200.8,3,0,,0.10444944112953725,0,180.72000000000003,,
1056,4,0.28,436,167.7,5,0,,0.32539052294413473,1,150.93,,
1056,5,0.28,379,145.8,4,0,,0.19142862002003103,1,131.22000000000003,,
1056,6,0.28,549,211.2,4,0,,0.21751653815655178,1,190.07999999999998,,
1056,7,0.28,188,72.3,3,1,0.34,0.16987135101601722,1,72.3,0.068,0.255
1056,8,0.28,310,119.2,8,0,,0.3532151226054736,1,107.28,,
1057,1,0.491,438,132.5,3,1,0.748,0.5917304357473263,1,119.25,0.1496,0.5609999999999999
1057,2,0.491,406,122.8,4,0,,0.4933385214658508,1,110.52,,
1057,3,0.491,368,111.4,6,1,0.524,0.40455732946642803,1,100.26,0.1048,0.393
1057,4,0.491,248,75.0,7,1,0.551,0.6499523036103863,1,75.0,0.11020000000000002,0.41325
1057,5,0.491,308,93.2,10,1,0.546,0.4159589872245344,1,83.88000000000001,0.10920000000000002,0.40950000000000003
1057,6,0.491,430,130.1,14,0,,0.2747967700072561,1,117.09,,
1057,7,0.491,260,78.7,5,1,0.663,0.5368389009957069,1,78.7,0.13260000000000002,0.49725
1057,8,0.491,403,121.9,9,0,,0.38052253263584834,1,109.71000000000001,,
1058,1,0.316,510,187.5,7,0,,0.4148608793499175,1,168.75,,
1058,2,0.316,570,209.6,5,1,0.605,0.27788623033265814,0,188.64,0.121,
1058,3,0.316,320,117.6,2,1,0.594,0.37637132405441964,1,105.84,0.1188,0.4455
1058,4,0.316,124,45.6,1,1,0.489,0.4561500346552158,1,45.6,0.0978,0.36675
1058,5,0.316,519,190.8,7,0,,0.1951141135379278,1,171.72000000000003,,
1058,6,0.316,512,188.2,9,0,,0.25940628691075945,1,169.38,,
1058,7,0.316,564,207.4,5,0,,0.30843289273429364,1,186.66,,
1058,8,0.316,391,143.8,2,0,,0.4697551319034344,0,129.42000000000002,,
1059,1,0.282,289,110.9,2,1,0.432,0.21616172820595542,1,110.9,0.0864,0.324
1059,2,0.282,174,66.8,10,1,0.388,0.22254963040509926,1,66.8,0.0776,0.29100000000000004
1059,3,0.282,553,212.2,5,0,,0.3298140575555808,1,190.98,,
1059,4,0.282,124,47.6,5,1,0.464,0.22427712742894287,1,47.6,0.09280000000000001,0.34800000000000003
1059,5,0.282,388,148.9,5,0,,0.29725258828976164,1,134.01000000000002,,
1059,6,0.282,356,136.6,2,1,0.475,0.1268462579031873,0,122.94,0.095,
1059,7,0.282,262,100.5,5,1,0.32,0.5034329942556597,1,100.5,0.064,0.24
1059,8,0.282,210,80.6,2,1,0.492,0.14722907696905962,1,80.6,0.0984,0.369
1060,1,0.377,273,93.3,5,1,0.457,0.34482472960097915,1,93.3,0.09140000000000001,0.34275
1060,2,0.377,346,118.3,4,1,0.498,0.37375189641579054,1,106.47,0.09960000000000001,0.3735
1060,3,0.377,416,142.2,7,1,0.359,0.5682688134356796,0,127.97999999999999,0.0718,
1060,4,0.377,523,178.8,3,0,,0.24451542190672598,1,160.92000000000002,,
1060,5,0.377,281,96.1,3,1,0.583,0.5753704135478751,1,96.1,0.1166,0.43724999999999997
1060,6,0.377,100,34.2,9,1,0.503,0.45271768211020225,1,34.2,0.10060000000000001,0.37725
1060,7,0.377,430,147.0,6,0,,0.4187095324423246,1,132.3,,
1060,8,0.377,411,140.5,4,0,,0.27853663129820444,0,126.45,,
1061,1,0.323,322,117.4,5,1,0.373,0.3801141242038074,0,105.66000000000001,0.0746,
1061,2,0.323,127,46.3,6,1,0.527,0.25065133775802,1,46.3,0.10540000000000001,0.39525
1061,3,0.323,461,168.0,1,0,,0.44966612531984124,1,151.20000000000002,,
1061,4,0.323,289,105.3,1,1,0.569,0.2258937970892267,1,105.3,0.1138,0.42674999999999996
1061,5,0.323,411,149.8,4,1,0.637,0.31168415055439164,0,134.82000000000002,0.1274,
1061,6,0.323,192,70.0,2,1,0.462,0.26747269119868283,1,70.0,0.09240000000000001,0.34650000000000003
1061,7,0.323,464,169.1,6,0,,0.22424770375730052,1,152.19,,
1061,8,0.323,171,62.3,4,1,0.441,0.39713198169079145,1,62.3,0.0882,0.33075
1062,1,0.245,127,51.1,3,1,0.285,0.29854587474096334,1,51.1,0.056999999999999995,0.21375
1062,2,0.245,196,78.9,2,1,0.508,0.3659010198900997,1,78.9,0.10160000000000001,0.381
1062,3,0.245,249,100.2,3,1,0.601,0.06701248917918323,1,100.2,0.1202,0.45075
1062,4,0.245,583,234.6,3,0,,0.3514170702341044,1,211.14,,
1062,5,0.245,527,212.1,3,0,,0.4955448905356894,1,190.89,,
1062,6,0.245,434,174.7,7,0,,0.19983589108230532,1,157.23,,
1062,7,0.245,284,114.3,1,1,0.461,0.434514861210897,1,114.3,0.0922,0.34575
1062,8,0.245,439,176.7,4,0,,0.21868387279401733,0,159.03,,
1063,1,0.051,147,80.1,3,1,0.247,0.0,1,80.1,0.0494,0.18525
1063,2,0.051,107,58.3,3,1,0.322,0.020436755759320434,1,58.3,0.0644,0.2415
1063,3,0.051,329,179.2,4,1,0.21,0.1558203967675276,1,161.28,0.042,0.1575
1063,4,0.051,523,284.9,3,0,,0.0,1,256.40999999999997,,
1063,5,0.051,326,177.6,3,0,,0.0,0,159.84,,
1063,6,0.051,599,326.3,3,0,,0.11035394322931907,1,293.67,,
1063,7,0.051,328,178.6,3,1,0.229,0.05130601167385728,1,160.74,0.04580000000000001,0.17175
1063,8,0.051,371,202.1,2,1,0.156,0.10946229524867407,0,181.89,0.031200000000000002,
1064,1,0.389,246,83.0,3,1,0.736,0.4127829540758336,1,83.0,0.1472,0.552
1064,2,0.389,286,96.5,4,0,,0.43696253195515733,0,96.5,,
1064,3,0.389,324,109.3,4,1,0.517,0.3457698814190459,1,98.37,0.1034,0.38775000000000004
1064,4,0.389,516,174.1,3,0,,0.41217309420303927,1,156.69,,
1064,5,0.389,145,48.9,5,1,0.762,0.2962626994304066,1,48.9,0.1524,0.5715
1064,6,0.389,364,122.8,0,1,0.443,0.5178433622503389,1,110.52,0.08860000000000001,0.33225
1064,7,0.389,524,176.8,6,0,,0.32557252831826866,1,159.12,,
1064,8,0.389,121,40.8,4,1,0.601,0.5018847487549389,1,40.8,0.1202,0.45075
1065,1,0.091,383,194.4,4,1,0.234,0.06763930390171345,0,174.96,0.04680000000000001,
1065,2,0.091,218,110.7,3,1,0.254,0.11119990107573212,1,110.7,0.050800000000000005,0.1905
1065,3,0.091,154,78.2,0,1,0.284,0.041503544910929925,1,78.2,0.056799999999999996,0.21299999999999997
1065,4,0.091,507,257.4,6,0,,0.0,0,231.66,,
1065,5,0.091,430,218.3,1,0,,0.0,0,196.47000000000003,,
1065,6,0.091,322,163.5,1,0,,0.0,0,147.15,,
1065,7,0.091,406,206.1,1,0,,0.05860911467840781,1,185.49,,
1065,8,0.091,507,257.4,2,0,,0.1121879178828884,1,231.66,,
1066,1,0.407,373,123.4,5,1,0.593,0.5080379313283263,1,111.06,0.1186,0.44475
1066,2,0.407,429,142.0,5,1,0.462,0.3624242540203151,1,127.8,0.09240000000000001,0.34650000000000003
1066,3,0.407,406,134.3,8,1,0.548,0.3188039235732826,1,120.87000000000002,0.10960000000000002,0.41100000000000003
1066,4,0.407,506,167.4,7,0,,0.2627285213997287,1,150.66,,
1066,5,0.407,360,119.1,2,1,0.543,0.4550063617904104,1,107.19,0.10860000000000002,0.40725
1066,6,0.407,271,89.7,8,1,0.416,0.5453194515329343,1,89.7,0.0832,0.312
1066,7,0.407,465,153.9,5,1,0.683,0.5336330267956289,1,138.51000000000002,0.13660000000000003,0.5122500000000001
1066,8,0.407,135,44.7,4,1,0.566,0.4779932748147237,1,44.7,0.1132,0.4245
1067,1,0.049,364,198.9,6,0,,0.1128543317267599,1,179.01000000000002,,
1067,2,0.049,256,139.9,4,1,0.144,0.21876237797093412,1,139.9,0.0288,0.10799999999999998
1067,3,0.049,136,74.3,2,1,0.166,0.08220814614168105,1,74.3,0.0332,0.1245
1067,4,0.049,178,97.2,2,1,0.247,0.11361296760241717,1,97.2,0.0494,0.18525
1067,5,0.049,172,94.0,2,1,0.028,0.01692161381480009,1,94.0,0.005600000000000001,0.021
1067,6,0.049,252,137.7,3,1,0.239,0.0,1,137.7,0.0478,0.17925
1067,7,0.049,112,61.2,0,1,0.26,0.0,1,61.2,0.052000000000000005,0.195
1067,8,0.049,535,292.3,4,1,0.225,0.04808409614653447,0,263.07,0.045000000000000005,
1068,1,0.134,143,67.7,3,1,0.379,0.14007853725013028,1,67.7,0.0758,0.28425
1068,2,0.134,164,77.6,7,1,0.407,0.3266285854855393,1,77.6,0.0814,0.30524999999999997
1068,3,0.134,195,92.3,3,1,0.259,0.14212771675910688,1,92.3,0.051800000000000006,0.19425
1068,4,0.134,485,229.5,3,0,,0.25188434440256435,1,206.55,,
1068,5,0.134,198,93.7,3,1,0.104,0.09049227584236841,1,93.7,0.0208,0.078
1068,6,0.134,349,165.1,7,1,0.286,0.1028324114234766,0,148.59,0.0572,
1068,7,0.134,542,256.4,6,1,0.417,0.00109923627765518,0,230.76,0.0834,
1068,8,0.134,473,223.8,5,0,,0.05976719871234283,1,201.42000000000002,,
1069,1,0.311,484,179.0,5,0,,0.36369813913637533,0,161.1,,
1069,2,0.311,319,118.0,2,0,,0.31175601803941333,1,106.2,,
1069,3,0.311,222,82.1,7,1,0.247,0.4052938619897234,1,82.1,0.0494,0.18525
1069,4,0.311,453,167.5,4,0,,0.32912539483450504,0,150.75,,
1069,5,0.311,457,169.0,6,1,0.417,0.2757546268362258,1,152.1,0.0834,0.31275
1069,6,0.311,220,81.3,4,1,0.638,0.525829686378696,1,81.3,0.12760000000000002,0.47850000000000004
1069,7,0.311,578,213.7,2,0,,0.30160964312869526,1,192.32999999999998,,
1069,8,0.311,222,82.1,3,1,0.474,0.4273000969705304,1,82.1,0.0948,0.3555
1070,1,0.235,465,189.9,0,0,,0.19487907934553222,1,170.91,,
1070,2,0.235,295,120.4,2,1,0.294,0.3059599479383566,1,120.4,0.0588,0.22049999999999997
1070,3,0.235,458,187.0,5,0,,0.3278015659151687,1,168.3,,
1070,4,0.235,344,140.5,3,0,,0.25584919705755804,0,126.45,,
1070,5,0.235,188,76.8,5,1,0.382,0.0,1,76.8,0.07640000000000001,0.2865
1070,6,0.235,545,222.5,4,0,,0.23682524608561129,0,200.25,,
1070,7,0.235,343,140.0,4,0,,0.3580460047759975,0,126.0,,
1070,8,0.235,513,209.5,4,0,,0.287748083302773,1,188.55,,
1071,1,0.207,206,87.5,5,1,0.175,0.25158388752292465,1,87.5,0.034999999999999996,0.13124999999999998
1071,2,0.207,413,175.4,4,1,0.319,0.03477430660424807,1,157.86,0.06380000000000001,0.23925000000000002
1071,3,0.207,487,206.8,2,0,,0.13495449293249412,0,186.12,,
1071,4,0.207,494,209.8,2,0,,0.2481357631151439,1,188.82000000000002,,
1071,5,0.207,425,180.5,2,0,,0.2480383276786892,0,162.45000000000002,,
1071,6,0.207,171,72.6,6,1,0.258,0.3284666780132902,1,72.6,0.05160000000000001,0.1935
1071,7,0.207,525,222.9,3,0,,0.19251332448539055,0,200.61,,
1071,8,0.207,386,163.9,1,1,0.455,0.2475824086673814,1,147.51000000000002,0.09100000000000001,0.34125
1072,1,0.682,434,110.2,8,0,,0.6836374241931295,1,99.18,,
1072,2,0.682,339,86.1,16,1,0.685,0.5833057263498443,1,77.49,0.137,0.51375
1072,3,0.682,505,128.2,5,0,,0.4564208668905253,1,115.38,,
1072,4,0.682,509,129.2,7,0,,0.7251009692130077,1,116.27999999999999,,
1072,5,0.682,249,63.2,6,1,0.57,0.6993947208412812,1,63.2,0.11399999999999999,0.4275
1072,6,0.682,580,147.3,14,0,,0.6201824957899832,1,132.57000000000002,,
1072,7,0.682,334,84.8,7,1,0.625,0.5200826943484136,1,76.32,0.125,0.46875
1072,8,0.682,581,147.5,8,0,,0.7449739514408739,1,132.75,,
1073,1,0.413,559,183.8,4,0,,0.3864079925804448,1,165.42000000000002,,
1073,2,0.413,229,75.3,5,1,0.759,0.46868747223681456,1,75.3,0.15180000000000002,0.56925
1073,3,0.413,117,38.5,8,1,0.502,0.5994048530411759,1,38.5,0.1004,0.3765
1073,4,0.413,566,186.1,8,0,,0.1988569119680295,1,167.49,,
1073,5,0.413,547,179.8,6,1,0.543,0.3430399191297636,1,161.82000000000002,0.10860000000000002,0.40725
1073,6,0.413,422,138.7,2,0,,0.39206243866880863,1,124.83,,
1073,7,0.413,428,140.7,6,0,,0.5584826174146651,1,126.63,,
1073,8,0.413,126,41.4,7,1,0.702,0.2493596980793515,1,41.4,0.1404,0.5265
1074,1,0.053,377,204.5,4,1,0.0,0.24658610256806046,0,184.05,0.0,
1074,2,0.053,122,66.2,3,1,0.153,0.06658559015662904,1,66.2,0.030600000000000002,0.11474999999999999
1074,3,0.053,204,110.6,4,1,0.179,0.043399933826614175,1,110.6,0.0358,0.13424999999999998
1074,4,0.053,433,234.8,3,0,,0.033194023678109356,1,211.32000000000002,,
1074,5,0.053,568,308.1,3,0,,0.009373696781997114,0,277.29,,
1074,6,0.053,412,223.5,2,1,0.147,0.15781167592691547,0,201.15,0.0294,
1074,7,0.053,564,305.9,2,0,,0.0,0,275.31,,
1074,8,0.053,178,96.5,1,1,0.151,0.08754141816438536,1,96.5,0.0302,0.11324999999999999
1075,1,0.491,218,66.0,5,1,0.534,0.4525818334293024,1,66.0,0.1068,0.4005
1075,2,0.491,149,45.1,6,1,0.658,0.4147866551485902,1,45.1,0.13160000000000002,0.49350000000000005
1075,3,0.491,530,160.5,2,0,,0.7495975175683895,0,144.45000000000002,,
1075,4,0.491,576,174.4,6,0,,0.532905073475346,1,156.96,,
1075,5,0.491,143,43.3,6,1,0.5,0.5523265544661143,1,43.3,0.1,0.375
1075,6,0.491,159,48.2,4,0,,0.6047776780668662,0,48.2,,
1075,7,0.491,161,48.8,6,1,0.335,0.34886500546814525,1,48.8,0.067,0.25125000000000003
1075,8,0.491,155,46.9,7,1,0.671,0.6662291909122031,1,46.9,0.1342,0.50325
1076,1,0.455,506,159.0,6,0,,0.20410428215049242,1,143.1,,
1076,2,0.455,517,162.4,5,0,,0.37812335899614796,1,146.16,,
1076,3,0.455,335,105.3,6,1,0.644,0.40909683268210995,1,94.77,0.1288,0.483
1076,4,0.455,570,179.1,4,0,,0.5131723364970506,1,161.19,,
1076,5,0.455,368,115.6,3,1,0.627,0.4768718266141488,1,104.03999999999999,0.1254,0.47025
1076,6,0.455,142,44.6,6,1,0.674,0.4383185259301607,1,44.6,0.1348,0.5055000000000001
1076,7,0.455,591,185.7,4,0,,0.45380026553722763,1,167.13,,
1076,8,0.455,160,50.3,6,1,0.468,0.3571976976477432,1,50.3,0.09360000000000002,0.35100000000000003
1077,1,0.361,539,187.8,7,0,,0.21127676055158265,0,169.02,,
1077,2,0.361,356,124.1,5,1,0.665,0.433651162233606,1,111.69,0.133,0.49875
1077,3,0.361,122,42.5,3,1,0.562,0.43037061125361853,1,42.5,0.11240000000000001,0.42150000000000004
1077,4,0.361,302,105.2,4,0,,0.5194494375157058,1,94.68,,
1077,5,0.361,484,168.7,8,0,,0.2819982903184792,0,151.82999999999998,,
1077,6,0.361,410,142.9,3,1,0.513,0.43028152103009226,1,128.61,0.10260000000000001,0.38475000000000004
1077,7,0.361,491,171.1,6,1,0.503,0.33262932716352683,1,153.99,0.10060000000000001,0.37725
1077,8,0.361,182,63.4,6,1,0.564,0.4800474985193482,1,63.4,0.1128,0.42299999999999993
1078,1,0.188,136,59.3,4,1,0.398,0.2901962776678142,1,59.3,0.0796,0.2985
1078,2,0.188,104,45.3,3,1,0.265,0.20912093992244568,1,45.3,0.053000000000000005,0.19875
1078,3,0.188,392,170.9,2,1,0.312,0.15404698433340133,0,153.81,0.062400000000000004,
1078,4,0.188,462,201.4,2,0,,0.28409321786082614,1,181.26000000000002,,
1078,5,0.188,309,134.7,2,1,0.254,0.25269045232565657,1,121.22999999999999,0.050800000000000005,0.1905
1078,6,0.188,467,203.6,3,0,,0.11955595979138174,1,183.24,,
1078,7,0.188,277,120.8,1,1,0.292,0.055220132652056914,1,120.8,0.0584,0.21899999999999997
1078,8,0.188,400,174.4,3,1,0.341,0.15914670993182037,0,156.96,0.06820000000000001,
1079,1,0.396,218,73.0,4,1,0.352,0.5475413815348209,1,73.0,0.0704,0.264
1079,2,0.396,339,113.5,7,1,0.555,0.5106487158733038,1,102.15,0.11100000000000002,0.41625
1079,3,0.396,233,78.0,5,1,0.703,0.2847672530329419,1,78.0,0.1406,0.52725
1079,4,0.396,529,177.1,3,0,,0.2792242584100079,1,159.39,,
1079,5,0.396,369,123.5,10,1,0.528,0.5234683849679487,1,111.15,0.10560000000000001,0.396
1079,6,0.396,250,83.7,3,1,0.49,0.2824364095242171,1,83.7,0.098,0.3675
1079,7,0.396,432,144.6,4,0,,0.4469295323642008,1,130.14,,
1079,8,0.396,542,181.4,4,0,,0.33439287846636767,1,163.26000000000002,,
1080,1,0.284,244,93.3,3,1,0.541,0.44570449245216825,1,93.3,0.10820000000000002,0.40575000000000006
1080,2,0.284,234,89.5,6,1,0.263,0.2069575200862121,1,89.5,0.05260000000000001,0.19725
1080,3,0.284,409,156.5,4,1,0.442,0.3983361530205828,0,140.85,0.0884,
1080,4,0.284,541,207.0,3,0,,0.30248586540603645,0,186.3,,
1080,5,0.284,519,198.6,4,0,,0.30921948542342864,0,178.74,,
1080,6,0.284,533,203.9,7,0,,0.08696914186485988,1,183.51000000000002,,
1080,7,0.284,505,193.2,2,0,,0.0637086646794281,0,173.88,,
1080,8,0.284,167,63.9,5,1,0.436,0.2619434059732686,1,63.9,0.0872,0.327
1081,1,0.437,136,43.6,7,1,0.517,0.46169060634166115,1,43.6,0.1034,0.38775000000000004
1081,2,0.437,488,156.3,9,0,,0.32448021722622766,1,140.67000000000002,,
1081,3,0.437,248,79.4,5,1,0.701,0.32813065895236576,1,79.4,0.1402,0.5257499999999999
1081,4,0.437,224,71.8,4,1,0.482,0.4931472629826133,1,71.8,0.0964,0.3615
1081,5,0.437,187,59.9,5,1,0.633,0.49328544804571306,1,59.9,0.12660000000000002,0.47475
1081,6,0.437,579,185.5,9,0,,0.4232258939612073,1,166.95000000000002,,
1081,7,0.437,219,70.2,2,1,0.554,0.5150201721186075,1,70.2,0.11080000000000001,0.41550000000000004
1081,8,0.437,528,169.1,6,0,,0.31957977042798535,1,152.19,,
1082,1,0.142,362,169.2,2,1,0.39,0.10640650829130291,0,152.28,0.07800000000000001,
1082,2,0.142,448,209.4,0,1,0.333,0.3067877605783673,0,188.46,0.0666,
1082,3,0.142,234,109.4,0,0,,0.14883221299398175,0,109.4,,
1082,4,0.142,283,132.3,4,1,0.448,0.15463125145869994,1,132.3,0.08960000000000001,0.336
1082,5,0.142,196,91.6,6,1,0.442,0.372594658596774,1,91.6,0.0884,0.3315
1082,6,0.142,492,229.9,2,0,,0.002065783415122896,0,206.91,,
1082,7,0.142,342,159.8,4,1,0.382,0.22164303666421104,1,143.82000000000002,0.07640000000000001,0.2865
1082,8,0.142,441,206.1,2,0,,0.30839862798080997,0,185.49,,
1083,1,0.175,517,229.7,5,0,,0.14251420735014536,0,206.73,,
1083,2,0.175,533,236.8,3,0,,0.26096307868548463,0,213.12,,
1083,3,0.175,326,144.9,6,1,0.516,0.07679805027890951,1,130.41,0.10320000000000001,0.387
1083,4,0.175,273,121.3,4,1,0.269,0.10632676044326483,1,121.3,0.05380000000000001,0.20175
1083,5,0.175,114,50.7,8,1,0.476,0.21349664160476342,1,50.7,0.0952,0.357
1083,6,0.175,323,143.5,4,0,,0.254856667311059,1,129.15,,
1083,7,0.175,208,92.4,5,1,0.316,0.2870936512406246,1,92.4,0.0632,0.237
1083,8,0.175,360,160.0,2,1,0.197,0.3319628586939493,1,144.0,0.039400000000000004,0.14775
1084,1,0.109,108,53.2,3,1,0.085,0.10225534414448179,1,53.2,0.017,0.06375
1084,2,0.109,212,104.4,5,1,0.072,0.22836117551725882,1,104.4,0.0144,0.05399999999999999
1084,3,0.109,448,220.5,1,1,0.443,0.0747695156550851,1,198.45000000000002,0.08860000000000001,0.33225
1084,4,0.109,146,71.9,2,1,0.292,0.19920913115882682,1,71.9,0.0584,0.21899999999999997
1084,5,0.109,240,118.1,2,1,0.343,0.12974887978521818,1,118.1,0.06860000000000001,0.25725000000000003
1084,6,0.109,148,72.9,2,1,0.357,0.15356779070819238,1,72.9,0.0714,0.26775
1084,7,0.109,553,272.2,2,0,,0.15135078740220376,1,244.98,,
1084,8,0.109,554,272.7,2,0,,0.0,1,245.43,,
1085,1,0.151,362,166.8,4,1,0.335,0.03858781411392266,1,150.12,0.067,0.25125000000000003
1085,2,0.151,460,212.0,6,1,0.415,0.16125414398175225,1,190.8,0.083,0.31124999999999997
1085,3,0.151,145,66.8,5,1,0.383,0.0,1,66.8,0.0766,0.28725
1085,4,0.151,241,111.1,2,1,0.321,0.23412111031997557,1,111.1,0.06420000000000001,0.24075000000000002
1085,5,0.151,280,129.0,3,1,0.092,0.2381555966288142,1,129.0,0.0184,0.069
1085,6,0.151,226,104.2,3,1,0.251,0.183717055287779,1,104.2,0.0502,0.18825
1085,7,0.151,224,103.2,4,0,,0.03888659872420777,0,103.2,,
1085,8,0.151,312,143.8,6,1,0.219,0.2890138938868515,1,129.42000000000002,0.043800000000000006,0.16425
1086,1,0.2,174,74.6,8,1,0.228,0.4037210639718358,1,74.6,0.0456,0.171
1086,2,0.2,216,92.6,5,1,0.389,0.2147076827445974,1,92.6,0.07780000000000001,0.29175
1086,3,0.2,205,87.9,4,1,0.422,0.25105353784512363,1,87.9,0.0844,0.3165
1086,4,0.2,470,201.5,5,1,0.275,0.2201738654796044,0,181.35,0.05500000000000001,
1086,5,0.2,453,194.2,4,0,,0.25303691889987995,1,174.78,,
1086,6,0.2,372,159.5,6,0,,0.1880441243373604,1,143.55,,
1086,7,0.2,445,190.8,5,1,0.307,0.19654357601561967,1,171.72000000000003,0.0614,0.23025
1086,8,0.2,487,208.8,0,0,,0.29057176004973656,0,187.92000000000002,,
1087,1,0.324,482,175.5,5,0,,0.5585624161896441,0,157.95000000000002,,
1087,2,0.324,107,39.0,8,1,0.33,0.18399287655982613,1,39.0,0.066,0.2475
1087,3,0.324,101,36.8,2,1,0.411,0.3136187515597033,1,36.8,0.0822,0.30824999999999997
1087,4,0.324,536,195.2,7,0,,0.2059539514767918,1,175.68,,
1087,5,0.324,451,164.3,8,1,0.4,0.4832024898576084,1,147.87,0.08000000000000002,0.30000000000000004
1087,6,0.324,199,72.5,4,1,0.404,0.26522620306801015,1,72.5,0.08080000000000001,0.30300000000000005
1087,7,0.324,447,162.8,5,0,,0.1796799206214206,0,146.52,,
1087,8,0.324,278,101.2,7,0,,0.38781869988485734,0,101.2,,
1088,1,0.152,591,271.8,4,0,,0.32643111147431114,1,244.62,,
1088,2,0.152,223,102.6,4,1,0.404,0.21835978685607627,1,102.6,0.08080000000000001,0.30300000000000005
1088,3,0.152,136,62.5,5,1,0.331,0.17247978772819172,1,62.5,0.06620000000000001,0.24825000000000003
1088,4,0.152,388,178.4,5,0,,0.1929140922775994,1,160.56,,
1088,5,0.152,329,151.3,2,1,0.33,0.29348406628255547,1,136.17000000000002,0.066,0.2475
1088,6,0.152,128,58.9,5,1,0.33,0.06458007299858501,1,58.9,0.066,0.2475
1088,7,0.152,364,167.4,5,0,,0.1408152895913687,1,150.66,,
1088,8,0.152,417,191.8,4,1,0.298,0.10673098514904666,0,172.62,0.0596,
1089,1,0.272,237,92.2,7,1,0.496,0.155213469270829,1,92.2,0.09920000000000001,0.372
1089,2,0.272,234,91.0,4,1,0.441,0.23916247405831978,1,91.0,0.0882,0.33075
1089,3,0.272,349,135.7,3,1,0.227,0.38277210959824487,1,122.13,0.0454,0.17025
1089,4,0.272,310,120.5,5,1,0.356,0.32866021483927255,0,108.45,0.0712,
1089,5,0.272,212,82.4,3,1,0.271,0.3364310500108201,1,82.4,0.054200000000000005,0.20325000000000001
1089,6,0.272,451,175.4,2,0,,0.28664756116533185,0,157.86,,
1089,7,0.272,514,199.9,3,0,,0.3243323782728589,1,179.91,,
1089,8,0.272,141,54.8,5,1,0.53,0.1919409657651895,1,54.8,0.10600000000000001,0.3975
1090,1,0.485,432,131.6,7,1,0.913,0.45404901140727705,1,118.44,0.1826,0.68475
1090,2,0.485,540,164.5,3,0,,0.5042004236968677,1,148.05,,
1090,3,0.485,113,34.4,5,1,0.572,0.512751585888189,1,34.4,0.1144,0.42899999999999994
1090,4,0.485,444,135.2,11,0,,0.5170187854921873,1,121.67999999999999,,
1090,5,0.485,168,51.2,6,1,0.486,0.4711664717983622,1,51.2,0.09720000000000001,0.3645
1090,6,0.485,534,162.6,5,1,0.534,0.44725765988696703,1,146.34,0.1068,0.4005
1090,7,0.485,150,45.7,4,1,0.377,0.8007771283044298,1,13.71,0.07540000000000001,0.28275
1090,8,0.485,188,57.3,6,1,0.461,0.5756787272932399,1,57.3,0.0922,0.34575
1091,1,0.36,590,205.9,12,0,,0.4013147475952622,1,185.31,,
1091,2,0.36,348,121.4,6,1,0.374,0.33667915017936056,0,109.26,0.0748,
1091,3,0.36,343,119.7,3,1,0.528,0.3148781173056123,1,107.73,0.10560000000000001,0.396
1091,4,0.36,380,132.6,0,1,0.355,0.3469199406273044,1,119.34,0.071,0.26625
1091,5,0.36,381,133.0,1,1,0.646,0.3892828843586683,0,119.7,0.1292,
1091,6,0.36,567,197.9,6,0,,0.17195644559369183,1,178.11,,
1091,7,0.36,225,78.5,7,1,0.613,0.2030610404625316,1,78.5,0.1226,0.45975
1091,8,0.36,436,152.1,7,0,,0.29631176110610424,1,136.89,,
1092,1,0.197,155,66.7,3,1,0.341,0.21771394367785685,1,66.7,0.06820000000000001,0.25575000000000003
1092,2,0.197,491,211.4,7,0,,0.17307268528481487,1,190.26000000000002,,
1092,3,0.197,544,234.3,6,0,,0.3448121226099484,1,210.87,,
1092,4,0.197,464,199.8,4,0,,0.048760321300423126,1,179.82000000000002,,
1092,5,0.197,300,129.2,7,1,0.481,0.12186545303966297,1,129.2,0.09620000000000001,0.36075
1092,6,0.197,338,145.5,4,1,0.279,0.34900917409911014,1,130.95000000000002,0.05580000000000001,0.20925000000000002
1092,7,0.197,386,166.2,4,1,0.48,0.2101119324675147,1,149.57999999999998,0.096,0.36
1092,8,0.197,469,202.0,4,0,,0.28548425828011587,0,181.8,,
1093,1,0.016,512,297.9,1,1,0.127,0.22112469432694637,1,268.11,0.025400000000000002,0.09525
1093,2,0.016,520,302.6,2,0,,0.0,0,272.34000000000003,,
1093,3,0.016,361,210.1,2,1,0.08,0.006068566220796793,1,189.09,0.016,0.06
1093,4,0.016,496,288.6,7,1,0.036,0.0,1,259.74,0.0072,0.026999999999999996
1093,5,0.016,195,113.5,5,1,0.156,0.0,1,113.5,0.031200000000000002,0.11699999999999999
1093,6,0.016,344,200.2,2,0,,0.0,0,180.18,,
1093,7,0.016,270,157.1,4,1,0.265,0.10410621873806655,1,157.1,0.053000000000000005,0.19875
1093,8,0.016,421,245.0,3,0,,0.07005895418122408,0,220.5,,
1094,1,0.28,104,40.0,1,1,0.378,0.341908316938801,1,40.0,0.0756,0.2835
1094,2,0.28,425,163.5,11,1,0.292,0.24244910193605007,1,147.15,0.0584,0.21899999999999997
1094,3,0.28,270,103.8,5,1,0.274,0.21439027639943586,1,103.8,0.05480000000000001,0.20550000000000002
1094,4,0.28,257,98.8,5,1,0.317,0.40692556718986206,1,98.8,0.0634,0.23775000000000002
1094,5,0.28,288,110.8,2,1,0.27,0.23026828536423308,1,110.8,0.054000000000000006,0.2025
1094,6,0.28,507,195.0,7,1,0.388,0.30940820387932144,1,175.5,0.0776,0.29100000000000004
1094,7,0.28,223,85.8,4,1,0.604,0.29633346806775385,1,85.8,0.1208,0.45299999999999996
1094,8,0.28,175,67.3,3,1,0.417,0.42617170162571183,1,67.3,0.0834,0.31275
1095,1,0.186,438,191.5,4,0,,0.283141235767236,1,172.35,,
1095,2,0.186,547,239.2,4,0,,0.0564741379332879,1,215.28,,
1095,3,0.186,431,188.5,5,0,,0.06724468332249599,1,169.65,,
1095,4,0.186,106,46.4,1,1,0.318,0.24389098180691343,1,46.4,0.0636,0.2385
1095,5,0.186,590,258.0,4,0,,0.17956623526208335,0,232.20000000000002,,
1095,6,0.186,365,159.6,3,1,0.313,0.1404828216046236,1,143.64,0.0626,0.23475000000000001
1095,7,0.186,211,92.3,0,1,0.418,0.2875627883994471,1,92.3,0.08360000000000001,0.3135
1095,8,0.186,155,67.8,5,1,0.33,0.2047459382088911,1,67.8,0.066,0.2475
1096,1,0.117,596,289.8,2,0,,0.12224573868894441,1,260.82,,
1096,2,0.117,563,273.8,8,0,,0.19498286407550497,0,246.42000000000002,,
1096,3,0.117,309,150.3,4,1,0.379,0.07948910050564356,1,135.27,0.0758,0.28425
1096,4,0.117,146,71.0,6,1,0.349,0.27385189854725545,1,71.0,0.0698,0.26175
1096,5,0.117,145,70.5,3,1,0.156,0.038195237676699204,1,70.5,0.031200000000000002,0.11699999999999999
1096,6,0.117,256,124.5,3,1,0.162,0.18269290663420884,1,124.5,0.032400000000000005,0.1215
1096,7,0.117,526,255.8,2,0,,0.26038328386598447,1,230.22000000000003,,
1096,8,0.117,144,70.0,3,1,0.257,0.0,1,70.0,0.0514,0.19275
1097,1,0.287,299,114.0,4,1,0.498,0.25266648241475503,1,114.0,0.09960000000000001,0.3735
1097,2,0.287,193,73.6,4,1,0.556,0.4012207392885558,1,73.6,0.11120000000000002,0.41700000000000004
1097,3,0.287,119,45.4,6,1,0.323,0.4027244547731025,1,45.4,0.0646,0.24225000000000002
1097,4,0.287,319,121.6,4,1,0.532,0.269850439961176,0,109.44,0.10640000000000001,
1097,5,0.287,548,209.0,7,0,,0.213532890632314,1,188.1,,
1097,6,0.287,270,103.0,3,1,0.454,0.3825935822330762,1,103.0,0.0908,0.3405
1097,7,0.287,175,66.7,7,1,0.319,0.40535491025816045,1,66.7,0.06380000000000001,0.23925000000000002
1097,8,0.287,222,84.7,2,1,0.323,0.1705336651487605,1,84.7,0.0646,0.24225000000000002
1098,1,0.452,267,84.1,8,1,0.649,0.33160863510336197,1,84.1,0.1298,0.48675
1098,2,0.452,220,69.3,5,1,0.69,0.47452566819835995,1,69.3,0.13799999999999998,0.5175
1098,3,0.452,145,45.7,5,1,0.475,0.5149360633428892,1,45.7,0.095,0.35624999999999996
1098,4,0.452,147,46.3,5,1,0.489,0.42209309147699453,1,46.3,0.0978,0.36675
1098,5,0.452,171,53.9,9,1,0.632,0.5199293819982349,1,53.9,0.1264,0.474
1098,6,0.452,130,40.9,6,1,0.478,0.3809863393162618,1,40.9,0.0956,0.3585
1098,7,0.452,278,87.6,9,1,0.6,0.24053064009262645,1,87.6,0.12,0.44999999999999996
1098,8,0.452,373,117.5,5,0,,0.4096098927667404,1,105.75,,
1099,1,0.172,564,251.9,5,0,,0.1783232146513101,1,226.71,,
1099,2,0.172,477,213.0,5,0,,0.14441600401035432,1,191.70000000000002,,
1099,3,0.172,168,75.0,7,1,0.485,0.056139673634051465,1,75.0,0.097,0.36375
1099,4,0.172,391,174.6,5,1,0.416,0.0,1,157.14,0.0832,0.312
1099,5,0.172,208,92.9,2,1,0.278,0.1205911195632102,1,92.9,0.05560000000000001,0.20850000000000002
1099,6,0.172,541,241.6,6,0,,0.26176557716497434,1,217.44,,
1099,7,0.172,318,142.0,6,1,0.502,0.29761974394136825,1,127.8,0.1004,0.3765
1099,8,0.172,258,115.2,7,1,0.36,0.2907713384138455,1,115.2,0.072,0.27
1100,1,0.42,265,86.4,3,1,0.645,0.3384090464851447,1,86.4,0.129,0.48375
1100,2,0.42,181,59.0,8,1,0.557,0.3046293676369636,1,59.0,0.11140000000000001,0.41775000000000007
1100,3,0.42,218,71.1,5,1,0.467,0.46966346149798954,1,71.1,0.09340000000000001,0.35025
1100,4,0.42,112,36.5,4,0,,0.48351000115979254,0,36.5,,
1100,5,0.42,217,70.8,10,1,0.538,0.4600169605200497,1,70.8,0.10760000000000002,0.4035
1100,6,0.42,197,64.3,4,1,0.643,0.21859367257622364,1,64.3,0.12860000000000002,0.48225
1100,7,0.42,364,118.7,5,1,0.55,0.3333115415116533,1,106.83,0.11000000000000001,0.41250000000000003
1100,8,0.42,437,142.5,5,0,,0.41703112097140216,0,128.25,,
1101,1,0.233,424,173.4,7,0,,0.28172181946304276,0,156.06,,
1101,2,0.233,226,92.4,6,1,0.375,0.3097307362602487,1,92.4,0.07500000000000001,0.28125
1101,3,0.233,464,189.8,3,1,0.606,0.24742535222820403,1,170.82000000000002,0.1212,0.4545
1101,4,0.233,524,214.3,7,0,,0.2660783806538236,1,192.87,,
1101,5,0.233,403,164.8,2,0,,0.24148654583611043,0,148.32000000000002,,
1101,6,0.233,526,215.1,3,0,,0.30156193742184834,0,193.59,,
1101,7,0.233,280,114.5,3,1,0.268,0.2642865651490911,1,114.5,0.05360000000000001,0.201
1101,8,0.233,178,72.8,4,1,0.379,0.23957376600472874,1,72.8,0.0758,0.28425
1102,1,0.343,453,161.2,6,0,,0.31616312008626196,1,145.07999999999998,,
1102,2,0.343,581,206.7,4,1,0.516,0.35112914250424815,0,186.03,0.10320000000000001,
1102,3,0.343,339,120.6,7,0,,0.3914591378839275,1,108.53999999999999,,
1102,4,0.343,334,118.8,9,1,0.487,0.36974753888980616,1,106.92,0.0974,0.36524999999999996
1102,5,0.343,587,208.9,4,0,,0.3810826418345254,1,188.01000000000002,,
1102,6,0.343,484,172.2,2,0,,0.47727218613511857,0,154.98,,
1102,7,0.343,276,98.2,5,1,0.507,0.36951639227465877,1,98.2,0.1014,0.38025
1102,8,0.343,259,92.2,4,0,,0.27810014795268423,0,92.2,,
1103,1,0.48,345,105.6,4,1,0.614,0.5683606785994169,0,95.03999999999999,0.1228,
1103,2,0.48,412,126.1,7,0,,0.3433801662331082,0,113.49,,
1103,3,0.48,515,157.7,2,0,,0.37185866192607125,1,141.93,,
1103,4,0.48,140,42.9,7,0,,0.5135847264720069,0,42.9,,
1103,5,0.48,276,84.5,7,1,0.74,0.5316396667786578,1,84.5,0.148,0.5549999999999999
1103,6,0.48,289,88.5,3,1,0.673,0.35549487764960047,1,88.5,0.13460000000000003,0.50475
1103,7,0.48,222,68.0,10,1,0.513,0.44171825190132497,1,68.0,0.10260000000000001,0.38475000000000004
1103,8,0.48,558,170.8,3,0,,0.4193916167780341,0,153.72000000000003,,
1104,1,0.016,164,95.4,1,1,0.082,0.0,1,95.4,0.0164,0.0615
1104,2,0.016,146,84.9,2,1,0.064,0.11035977762729458,1,84.9,0.0128,0.048
1104,3,0.016,532,309.3,1,0,,0.08665054635472527,1,278.37,,
1104,4,0.016,571,332.0,8,0,,0.014087782014629253,1,298.8,,
1104,5,0.016,152,88.4,2,1,0.156,0.0,1,88.4,0.031200000000000002,0.11699999999999999
1104,6,0.016,360,209.3,3,1,0.175,0.0,0,188.37,0.034999999999999996,
1104,7,0.016,416,241.9,4,0,,0.1580184938781949,0,217.71,,
1104,8,0.016,314,182.6,6,1,0.335,0.07521139002849184,0,164.34,0.067,
1105,1,0.352,480,168.9,6,1,0.555,0.28133308959268594,1,152.01000000000002,0.11100000000000002,0.41625
1105,2,0.352,411,144.6,4,1,0.607,0.42395994976248913,0,130.14,0.12140000000000001,
1105,3,0.352,414,145.7,7,0,,0.34497763794253744,1,131.13,,
1105,4,0.352,580,204.1,7,0,,0.3232890495137657,1,183.69,,
1105,5,0.352,172,60.5,1,1,0.507,0.3955211528289602,1,60.5,0.1014,0.38025
1105,6,0.352,375,132.0,4,0,,0.2778501750087275,0,118.8,,
1105,7,0.352,197,69.3,4,1,0.569,0.317624348048989,1,69.3,0.1138,0.42674999999999996
1105,8,0.352,557,196.0,7,0,,0.3641461064199546,1,176.4,,
1106,1,0.658,119,30.8,5,1,0.88,0.6080548807114787,1,30.8,0.17600000000000002,0.66
1106,2,0.658,575,149.0,5,0,,0.7249085210267524,1,134.1,,
1106,3,0.658,463,120.0,3,0,,0.8449066503678261,1,36.0,,
1106,4,0.658,314,81.4,6,1,0.63,0.5825701867392857,1,73.26,0.126,0.47250000000000003
1106,5,0.658,179,46.4,4,1,0.747,0.4914874703695956,1,46.4,0.1494,0.56025
1106,6,0.658,527,136.6,5,0,,0.4578259832523739,1,122.94,,
1106,7,0.658,590,152.9,7,0,,0.6429531858505018,1,137.61,,
1106,8,0.658,461,119.5,7,1,0.708,0.5916835409873817,1,107.55,0.1416,0.5309999999999999
1107,1,0.538,186,53.8,5,1,0.767,0.5587860501067081,1,53.8,0.1534,0.57525
1107,2,0.538,135,39.0,5,1,0.62,0.5512597672026102,1,39.0,0.124,0.46499999999999997
1107,3,0.538,565,163.3,4,0,,0.3776783153385904,1,146.97000000000003,,
1107,4,0.538,182,52.6,12,1,0.609,0.3565116170518594,1,52.6,0.1218,0.45675
1107,5,0.538,404,116.8,6,0,,0.5675933240346096,1,105.12,,
1107,6,0.538,180,52.0,6,1,0.554,0.5515428834719958,1,52.0,0.11080000000000001,0.41550000000000004
1107,7,0.538,239,69.1,4,1,0.597,0.4954182001633449,1,69.1,0.1194,0.44775
1107,8,0.538,232,67.1,6,1,0.562,0.37228564148676957,1,67.1,0.11240000000000001,0.42150000000000004
1108,1,0.123,214,103.1,3,1,0.169,0.17013912627649908,1,103.1,0.033800000000000004,0.12675
1108,2,0.123,105,50.6,2,1,0.414,0.25018995454239434,1,50.6,0.0828,0.3105
1108,3,0.123,400,192.7,4,0,,0.15079824402189224,1,173.43,,
1108,4,0.123,402,193.7,1,0,,0.038252610943493526,0,174.32999999999998,,
1108,5,0.123,470,226.4,3,0,,0.12745521655711514,0,203.76000000000002,,
1108,6,0.123,384,185.0,3,0,,0.0,0,166.5,,
1108,7,0.123,597,287.6,3,0,,0.22879607138387925,0,258.84000000000003,,
1108,8,0.123,271,130.5,6,1,0.411,0.13118443345295389,1,130.5,0.0822,0.30824999999999997
1109,1,0.316,354,130.1,0,0,,0.1391843088246768,1,117.09,,
1109,2,0.316,294,108.0,4,0,,0.2859325639556317,0,108.0,,
1109,3,0.316,209,76.8,3,1,0.332,0.3623301510234231,1,76.8,0.0664,0.249
1109,4,0.316,278,102.2,4,1,0.512,0.28269523790244777,1,102.2,0.1024,0.384
1109,5,0.316,515,189.3,5,0,,0.2884104278559826,0,170.37,,
1109,6,0.316,106,39.0,6,1,0.411,0.19355977929527282,1,39.0,0.0822,0.30824999999999997
1109,7,0.316,104,38.2,4,1,0.408,0.3726540987081656,1,38.2,0.0816,0.306
1109,8,0.316,258,94.8,4,1,0.386,0.2511530799980862,1,94.8,0.0772,0.2895
1110,1,0.718,387,95.3,8,1,0.651,0.5023554622994967,1,85.77,0.1302,0.48825
1110,2,0.718,388,95.5,5,1,0.798,0.6808742629329606,1,85.95,0.15960000000000002,0.5985
1110,3,0.718,426,104.9,10,1,0.797,0.8161149715570353,1,31.47,0.15940000000000001,0.59775
1110,4,0.718,505,124.4,4,0,,0.6793070553400052,1,111.96000000000001,,
1110,5,0.718,376,92.6,4,0,,0.891798498512352,1,27.779999999999998,,
1110,6,0.718,332,81.8,7,1,0.605,0.7608967948548517,1,73.62,0.121,0.45375
1110,7,0.718,506,124.6,6,0,,0.7518758162280366,1,112.14,,
1110,8,0.718,570,140.4,10,0,,0.7051601734082391,1,126.36000000000001,,
1111,1,0.21,146,61.7,1,1,0.284,0.20317137922357092,1,61.7,0.056799999999999996,0.21299999999999997
1111,2,0.21,576,243.5,6,0,,0.18365763648804959,0,219.15,,
1111,3,0.21,188,79.5,4,1,0.4,0.17977306079174735,1,79.5,0.08000000000000002,0.30000000000000004
1111,4,0.21,248,104.8,3,1,0.289,0.26308671620671487,1,104.8,0.0578,0.21675
1111,5,0.21,594,251.1,2,0,,0.11641687702094343,0,225.99,,
1111,6,0.21,116,49.0,4,1,0.23,0.10241061712757402,1,49.0,0.046000000000000006,0.17250000000000001
1111,7,0.21,357,150.9,4,1,0.41,0.09768049491246222,1,135.81,0.082,0.3075
1111,8,0.21,219,92.6,4,1,0.4,0.41456545476771545,1,92.6,0.08000000000000002,0.30000000000000004
1112,1,0.48,313,95.8,8,1,0.51,0.533034290167058,1,86.22,0.10200000000000001,0.3825
1112,2,0.48,391,119.7,4,0,,0.5104492201680144,1,107.73,,
1112,3,0.48,590,180.6,9,0,,0.37424853297065686,1,162.54,,
1112,4,0.48,258,79.0,6,1,0.531,0.5423342300674828,1,79.0,0.10620000000000002,0.39825
1112,5,0.48,172,52.7,7,1,0.601,0.4683428653546671,1,52.7,0.1202,0.45075
1112,6,0.48,142,43.5,6,1,0.639,0.5014168941131749,1,43.5,0.1278,0.47925
1112,7,0.48,264,80.8,3,1,0.606,0.38233796841364437,1,80.8,0.1212,0.4545
1112,8,0.48,546,167.2,6,0,,0.49602688574175763,0,150.48,,
1113,1,0.301,307,115.0,3,1,0.467,0.25861664617935165,0,103.5,0.09340000000000001,
1113,2,0.301,342,128.1,4,1,0.321,0.22443888429698122,0,115.28999999999999,0.06420000000000001,
1113,3,0.301,599,224.4,4,0,,0.37441063358072485,1,201.96,,
1113,4,0.301,597,223.6,2,0,,0.14722921914699974,0,201.24,,
1113,5,0.301,184,68.9,3,1,0.407,0.35747762643141506,1,68.9,0.0814,0.30524999999999997
1113,6,0.301,340,127.3,3,1,0.553,0.3694486133552996,0,114.57,0.11060000000000002,
1113,7,0.301,450,168.5,4,0,,0.21303563244487592,1,151.65,,
1113,8,0.301,350,131.1,5,1,0.378,0.21896715388675325,1,117.99,0.0756,0.2835
1114,1,0.22,418,174.2,8,0,,0.19769743187335978,0,156.78,,
1114,2,0.22,466,194.2,7,1,0.425,0.24820362104622207,1,174.78,0.085,0.31875
1114,3,0.22,297,123.8,10,1,0.436,0.20471450081857745,1,123.8,0.0872,0.327
1114,4,0.22,377,157.1,2,0,,0.26335624601918795,0,141.39,,
1114,5,0.22,277,115.4,4,1,0.463,0.39629796525373995,1,115.4,0.09260000000000002,0.34725
1114,6,0.22,568,236.7,5,0,,0.1692283230850286,1,213.03,,
1114,7,0.22,360,150.0,5,0,,0.04848200292965793,0,135.0,,
1114,8,0.22,195,81.3,3,1,0.256,0.3025923583030653,1,81.3,0.0512,0.192
1115,1,0.478,337,103.4,3,1,0.879,0.646331457592753,1,93.06,0.1758,0.65925
1115,2,0.478,542,166.3,4,0,,0.5172768363051125,1,149.67000000000002,,
1115,3,0.478,468,143.6,5,0,,0.3692251324646332,1,129.24,,
1115,4,0.478,473,145.1,6,0,,0.4656107636764799,1,130.59,,
1115,5,0.478,315,96.7,5,1,0.551,0.3661476515788368,1,87.03,0.11020000000000002,0.41325
1115,6,0.478,305,93.6,2,1,0.66,0.5422855493962947,1,84.24,0.132,0.495
1115,7,0.478,443,135.9,1,0,,0.3428709597301565,1,122.31,,
1115,8,0.478,367,112.6,9,0,,0.44798712131718,1,101.34,,
1116,1,0.477,463,142.2,8,0,,0.37656621737060936,0,127.97999999999999,,
1116,2,0.477,466,143.1,9,1,0.745,0.48968246851349617,1,128.79,0.149,0.55875
1116,3,0.477,427,131.1,5,0,,0.4403658322862242,1,117.99,,
1116,4,0.477,261,80.1,5,1,0.597,0.49467621032502634,1,80.1,0.1194,0.44775
1116,5,0.477,479,147.1,3,0,,0.47923505549663653,1,132.39,,
1116,6,0.477,107,32.9,7,1,0.469,0.37833409722758893,1,32.9,0.0938,0.35175
1116,7,0.477,596,183.0,2,0,,0.5396877063529022,1,164.70000000000002,,
1116,8,0.477,341,104.7,7,1,0.667,0.47212343481568847,0,94.23,0.13340000000000002,
1117,1,0.13,413,196.6,5,0,,0.031147099213409954,0,176.94,,
1117,2,0.13,366,174.2,2,1,0.191,0.35409265562057923,0,156.78,0.038200000000000005,
1117,3,0.13,108,51.4,3,1,0.33,0.17764301667171248,1,51.4,0.066,0.2475
1117,4,0.13,300,142.8,2,0,,0.11467394466006946,0,142.8,,
1117,5,0.13,262,124.7,4,1,0.287,0.2715204526701823,1,124.7,0.0574,0.21525
1117,6,0.13,422,200.9,4,1,0.205,0.31418156093866073,0,180.81,0.041,
1117,7,0.13,294,140.0,5,1,0.264,0.11546505776861149,1,140.0,0.05280000000000001,0.198
1117,8,0.13,265,126.2,5,1,0.475,0.1647397486434762,1,126.2,0.095,0.35624999999999996
1118,1,0.53,241,70.2,6,1,0.58,0.43119971819970593,1,70.2,0.11599999999999999,0.43499999999999994
1118,2,0.53,350,101.9,12,0,,0.5152807249231989,1,91.71000000000001,,
1118,3,0.53,561,163.3,5,0,,0.510093744624013,1,146.97000000000003,,
1118,4,0.53,504,146.7,6,0,,0.5484827033621654,1,132.03,,
1118,5,0.53,567,165.1,6,0,,0.5632760478637011,1,148.59,,
1118,6,0.53,349,101.6,6,1,0.511,0.585982844882806,1,91.44,0.10220000000000001,0.38325
1118,7,0.53,588,171.2,8,0,,0.5537642656299959,1,154.07999999999998,,
1118,8,0.53,180,52.4,7,1,0.58,0.4089257373370836,1,52.4,0.11599999999999999,0.43499999999999994
1119,1,0.005,370,219.6,7,1,0.13,0.0,0,197.64,0.026000000000000002,
1119,2,0.005,256,152.0,3,1,0.048,0.0,1,152.0,0.009600000000000001,0.036000000000000004
1119,3,0.005,189,112.2,1,1,0.26,0.0,1,112.2,0.052000000000000005,0.195
1119,4,0.005,266,157.9,1,1,0.253,0.11007742904721135,1,157.9,0.050600000000000006,0.18975
1119,5,0.005,277,164.4,3,0,,0.0,0,164.4,,
1119,6,0.005,563,334.2,1,1,0.269,0.0,0,300.78,0.05380000000000001,
1119,7,0.005,480,284.9,3,0,,0.10030094982140499,0,256.40999999999997,,
1119,8,0.005,258,153.2,6,1,0.239,0.0,1,153.2,0.0478,0.17925
1120,1,0.214,587,246.6,4,0,,0.26004156498428244,1,221.94,,
1120,2,0.214,447,187.8,5,0,,0.20004579570720965,1,169.02,,
1120,3,0.214,595,249.9,3,0,,0.23967832573247227,1,224.91,,
1120,4,0.214,503,211.3,4,0,,0.19115274561904594,0,190.17000000000002,,
1120,5,0.214,513,215.5,3,0,,0.2807065472728354,1,193.95000000000002,,
1120,6,0.214,202,84.8,2,1,0.275,0.05949435925935645,1,84.8,0.05500000000000001,0.20625000000000002
1120,7,0.214,357,150.0,3,1,0.324,0.17766879916114547,1,135.0,0.06480000000000001,0.243
1120,8,0.214,427,179.4,3,0,,0.2436572676694308,1,161.46,,
1121,1,0.291,544,206.4,6,0,,0.3443695248006193,0,185.76000000000002,,
1121,2,0.291,316,119.9,5,1,0.442,0.44029526227538274,1,107.91000000000001,0.0884,0.3315
1121,3,0.291,293,111.2,5,1,0.376,0.25189753331344233,1,111.2,0.0752,0.28200000000000003
1121,4,0.291,536,203.3,4,0,,0.4389481761860873,1,182.97000000000003,,
1121,5,0.291,495,187.8,2,0,,0.22509761733403294,1,169.02,,
1121,6,0.291,329,124.8,3,1,0.57,0.4238646411544643,0,112.32,0.11399999999999999,
1121,7,0.291,144,54.6,4,1,0.342,0.3727467126698372,1,54.6,0.0684,0.2565
1121,8,0.291,450,170.7,5,0,,0.1996541420367777,1,153.63,,
1122,1,0.211,192,81.1,1,0,,0.24170392372518218,0,81.1,,
1122,2,0.211,528,222.9,3,1,0.387,0.20587641644678084,1,200.61,0.07740000000000001,0.29025
1122,3,0.211,586,247.4,7,0,,0.27355845936750006,0,222.66,,
1122,4,0.211,120,50.7,3,1,0.167,0.18867284115666905,1,50.7,0.033400000000000006,0.12525
1122,5,0.211,445,187.9,1,0,,0.18027537743382685,1,169.11,,
1122,6,0.211,108,45.6,2,1,0.32,0.34790945827628517,1,45.6,0.064,0.24
1122,7,0.211,316,133.4,4,1,0.317,0.2011279105544327,1,120.06,0.0634,0.23775000000000002
1122,8,0.211,511,215.7,4,0,,0.29364223241917664,0,194.13,,
1123,1,0.28,294,113.1,8,1,0.344,0.25746485149558007,1,113.1,0.0688,0.258
1123,2,0.28,557,214.3,3,0,,0.44666632592275235,1,192.87,,
1123,3,0.28,153,58.9,6,1,0.269,0.21216653706645067,1,58.9,0.05380000000000001,0.20175
1123,4,0.28,328,126.2,8,1,0.606,0.21858564687528156,0,113.58,0.1212,
1123,5,0.28,184,70.8,2,1,0.694,0.43245171811159033,1,70.8,0.1388,0.5205
1123,6,0.28,199,76.6,3,1,0.547,0.23550536091047475,1,76.6,0.10940000000000001,0.41025
1123,7,0.28,360,138.5,5,1,0.28,0.4401074306164393,1,124.65,0.05600000000000001,0.21000000000000002
1123,8,0.28,365,140.4,5,0,,0.3691840579594813,1,126.36000000000001,,
1124,1,0.184,545,239.2,7,0,,0.16853502934391665,0,215.28,,
1124,2,0.184,229,100.5,7,1,0.421,0.002670652798284129,1,100.5,0.0842,0.31575
1124,3,0.184,252,110.6,5,1,0.197,0.18206816957281644,1,110.6,0.039400000000000004,0.14775
1124,4,0.184,262,115.0,1,1,0.33,0.19416300535334247,1,115.0,0.066,0.2475
1124,5,0.184,178,78.1,3,1,0.377,0.3007217733304373,1,78.1,0.07540000000000001,0.28275
1124,6,0.184,160,70.2,7,1,0.331,0.3428447176240112,1,70.2,0.06620000000000001,0.24825000000000003
1124,7,0.184,536,235.3,4,0,,0.11550128208562523,0,211.77,,
1124,8,0.184,507,222.5,2,0,,0.2641181763988183,1,200.25,,
1125,1,0.263,285,112.0,6,0,,0.33954021560133496,0,112.0,,
1125,2,0.263,295,116.0,6,1,0.295,0.3703412702410445,1,116.0,0.059,0.22125
1125,3,0.263,379,149.0,0,1,0.107,0.3128689912135545,1,134.1,0.021400000000000002,0.08025
1125,4,0.263,367,144.3,3,1,0.394,0.06875023090382301,0,129.87,0.07880000000000001,
1125,5,0.263,157,61.7,4,1,0.356,0.24745775674722403,1,61.7,0.0712,0.267
1125,6,0.263,343,134.8,5,1,0.426,0.14742924250830847,0,121.32000000000001,0.0852,
1125,7,0.263,300,117.9,5,1,0.484,0.24273942270819263,1,117.9,0.0968,0.363
1125,8,0.263,247,97.1,4,1,0.271,0.3610004236133894,1,97.1,0.054200000000000005,0.20325000000000001
1126,1,0.42,236,77.0,5,1,0.568,0.45051508358749726,1,77.0,0.11359999999999999,0.42599999999999993
1126,2,0.42,458,149.3,4,1,0.324,0.5348090866397432,1,134.37,0.06480000000000001,0.243
1126,3,0.42,544,177.4,3,0,,0.45417539207135393,1,159.66,,
1126,4,0.42,378,123.3,6,1,0.474,0.29016740603310975,1,110.97,0.0948,0.3555
1126,5,0.42,169,55.1,6,1,0.463,0.16791529934272653,1,55.1,0.09260000000000002,0.34725
1126,6,0.42,237,77.3,7,1,0.462,0.434880876167959,1,77.3,0.09240000000000001,0.34650000000000003
1126,7,0.42,244,79.6,5,1,0.582,0.39860735336488345,1,79.6,0.1164,0.4365
1126,8,0.42,110,35.9,5,1,0.601,0.3223054260618118,1,35.9,0.1202,0.45075
1127,1,0.278,342,132.0,6,0,,0.10793727503486222,1,118.8,,
1127,2,0.278,422,162.8,2,0,,0.20452567865272908,1,146.52,,
1127,3,0.278,576,222.2,2,0,,0.2585508515135224,1,199.98,,
1127,4,0.278,519,200.2,5,0,,0.34458778237063903,1,180.18,,
1127,5,0.278,130,50.2,2,1,0.714,0.29686310815679806,1,50.2,0.1428,0.5355
1127,6,0.278,503,194.1,4,0,,0.4388067247172729,1,174.69,,
1127,7,0.278,236,91.1,7,1,0.521,0.17443959439546058,1,91.1,0.10420000000000001,0.39075000000000004
1127,8,0.278,393,151.6,7,1,0.397,0.3661058892057434,1,136.44,0.07940000000000001,0.29775
1128,1,0.624,588,157.0,4,0,,0.6287298743128727,1,141.3,,
1128,2,0.624,460,122.8,6,1,0.641,0.6934669124118584,1,110.52,0.1282,0.48075
1128,3,0.624,283,75.6,5,1,0.681,0.5803485136734456,1,75.6,0.13620000000000002,0.51075
1128,4,0.624,133,35.5,0,0,,0.731168037389059,0,35.5,,
1128,5,0.624,185,49.4,3,1,0.821,0.6535224758345243,1,49.4,0.1642,0.61575
1128,6,0.624,293,78.2,5,1,0.749,0.556055501508225,1,78.2,0.14980000000000002,0.56175
1128,7,0.624,208,55.5,11,1,0.825,0.6227975971086812,1,55.5,0.165,0.6187499999999999
1128,8,0.624,358,95.6,4,1,0.52,0.6000444141062901,1,86.03999999999999,0.10400000000000001,0.39
1129,1,0.275,325,125.9,2,1,0.315,0.3239178350637794,0,113.31,0.063,
1129,2,0.275,424,164.2,3,0,,0.15702232506254915,1,147.78,,
1129,3,0.275,351,135.9,5,1,0.491,0.27206482978843055,0,122.31,0.09820000000000001,
1129,4,0.275,178,68.9,6,1,0.412,0.3145307252649331,1,68.9,0.0824,0.309
1129,5,0.275,540,209.1,6,0,,0.2783023307193033,1,188.19,,
1129,6,0.275,347,134.4,3,1,0.275,0.40969412443889963,1,120.96000000000001,0.05500000000000001,0.20625000000000002
1129,7,0.275,543,210.3,6,0,,0.3524022774071053,1,189.27,,
1129,8,0.275,245,94.9,8,1,0.296,0.2742519203259254,1,94.9,0.0592,0.22199999999999998
1130,1,0.231,533,218.7,7,0,,0.2526689097497673,0,196.82999999999998,,
1130,2,0.231,209,85.8,7,1,0.462,0.2605665551482,1,85.8,0.09240000000000001,0.34650000000000003
1130,3,0.231,451,185.0,3,0,,0.27132996041668245,1,166.5,,
1130,4,0.231,179,73.4,3,1,0.344,0.048434200433539215,1,73.4,0.0688,0.258
1130,5,0.231,320,131.3,3,1,0.348,0.2008473704230653,1,118.17000000000002,0.0696,0.261
1130,6,0.231,552,226.5,7,1,0.389,0.08255609318065738,1,203.85,0.07780000000000001,0.29175
1130,7,0.231,197,80.8,3,1,0.268,0.3588280947459487,1,80.8,0.05360000000000001,0.201
1130,8,0.231,223,91.5,3,1,0.405,0.22491504799970724,1,91.5,0.08100000000000002,0.30375
1131,1,0.75,174,41.8,10,1,0.735,0.7306659050320378,1,41.8,0.147,0.55125
1131,2,0.75,184,44.2,8,1,0.715,0.8396797332033236,1,13.26,0.143,0.53625
1131,3,0.75,298,71.5,7,1,0.817,0.7922324797449875,1,71.5,0.1634,0.6127499999999999
1131,4,0.75,427,102.5,8,1,0.67,0.6371365485620792,0,92.25,0.134,
1131,5,0.75,467,112.1,4,1,0.821,0.7429094637472631,1,100.89,0.1642,0.61575
1131,6,0.75,573,137.5,8,0,,0.7164833026773615,1,123.75,,
1131,7,0.75,374,89.8,6,0,,0.5755467111393946,1,80.82,,
1131,8,0.75,270,64.8,4,1,0.655,0.6809723766762795,1,64.8,0.131,0.49125
1132,1,0.488,140,42.5,5,1,0.603,0.46964596779835344,1,42.5,0.1206,0.45225
1132,2,0.488,541,164.3,3,0,,0.4765049068508157,1,147.87,,
1132,3,0.488,377,114.5,7,1,0.592,0.3397768576322691,1,103.05,0.1184,0.44399999999999995
1132,4,0.488,578,175.6,4,0,,0.6031665583047475,1,158.04,,
1132,5,0.488,598,181.6,6,1,0.513,0.4777896941108561,1,163.44,0.10260000000000001,0.38475000000000004
1132,6,0.488,425,129.1,5,0,,0.4917553076660563,1,116.19,,
1132,7,0.488,330,100.2,4,1,0.539,0.5280641638339837,1,90.18,0.1078,0.40425
1132,8,0.488,338,102.7,4,1,0.498,0.40919237460963287,1,92.43,0.09960000000000001,0.3735
1133,1,0.386,206,69.8,3,1,0.49,0.4316355973132696,1,69.8,0.098,0.3675
1133,2,0.386,545,184.6,3,0,,0.3492925353981817,1,166.14,,
1133,3,0.386,267,90.4,7,1,0.626,0.29634144593528083,1,90.4,0.1252,0.46950000000000003
1133,4,0.386,447,151.4,4,0,,0.4433447493355399,1,136.26000000000002,,
1133,5,0.386,467,158.2,6,0,,0.5351673858801808,1,142.38,,
1133,6,0.386,240,81.3,3,1,0.502,0.4584829373485832,1,81.3,0.1004,0.3765
1133,7,0.386,360,121.9,6,1,0.607,0.4782977565140431,1,109.71000000000001,0.12140000000000001,0.45525
1133,8,0.386,199,67.4,4,1,0.475,0.3339369393437701,1,67.4,0.095,0.35624999999999996
1134,1,0.068,304,160.7,1,1,0.196,0.0,0,144.63,0.039200000000000006,
1134,2,0.068,220,116.3,4,1,0.308,0.21701375220998412,1,116.3,0.0616,0.23099999999999998
1134,3,0.068,134,70.8,3,1,0.248,0.273451488940476,1,70.8,0.049600000000000005,0.186
1134,4,0.068,454,240.0,5,0,,0.22228067737696822,0,216.0,,
1134,5,0.068,382,201.9,4,0,,0.034421406102025036,1,181.71,,
1134,6,0.068,276,145.9,3,1,0.28,0.0,1,145.9,0.05600000000000001,0.21000000000000002
1134,7,0.068,421,222.5,4,1,0.225,0.0,0,200.25,0.045000000000000005,
1134,8,0.068,528,279.1,5,0,,0.0,1,251.19000000000003,,
1135,1,0.58,106,29.5,7,1,0.698,0.5692621381589954,1,29.5,0.1396,0.5235
1135,2,0.58,184,51.1,8,1,0.596,0.7405677958082454,1,51.1,0.1192,0.44699999999999995
1135,3,0.58,334,92.8,1,1,0.553,0.5658337368127756,1,83.52,0.11060000000000002,0.41475000000000006
1135,4,0.58,514,142.8,6,0,,0.6102322900348275,0,128.52,,
1135,5,0.58,120,33.3,7,1,0.614,0.7175596964304208,1,33.3,0.1228,0.4605
1135,6,0.58,517,143.7,5,0,,0.53959046881676,1,129.32999999999998,,
1135,7,0.58,475,132.0,8,0,,0.7835531456719594,1,118.8,,
1135,8,0.58,449,124.8,10,0,,0.7792094407497453,1,112.32,,
1136,1,0.422,335,109.0,3,1,0.509,0.40888886613195174,1,98.10000000000001,0.1018,0.38175000000000003
1136,2,0.422,171,55.6,4,1,0.689,0.3642465735980787,1,55.6,0.1378,0.5167499999999999
1136,3,0.422,357,116.2,7,1,0.434,0.4917238046390313,0,104.58,0.0868,
1136,4,0.422,295,96.0,4,1,0.435,0.3872475057481142,1,96.0,0.08700000000000001,0.32625
1136,5,0.422,299,97.3,5,1,0.543,0.30634447829326633,1,97.3,0.10860000000000002,0.40725
1136,6,0.422,318,103.5,0,1,0.51,0.550123865352298,1,93.15,0.10200000000000001,0.3825
1136,7,0.422,328,106.7,3,1,0.514,0.543644738727708,1,96.03,0.1028,0.3855
1136,8,0.422,257,83.6,3,0,,0.43755116037635605,0,83.6,,
1137,1,0.108,451,222.7,5,0,,0.0,0,200.43,,
1137,2,0.108,407,201.0,7,1,0.405,0.0,0,180.9,0.08100000000000002,
1137,3,0.108,574,283.4,6,0,,0.11872292884191528,1,255.05999999999997,,
1137,4,0.108,440,217.2,6,1,0.083,0.058012896549496776,0,195.48,0.0166,
1137,5,0.108,273,134.8,1,1,0.156,0.07389070678583917,1,134.8,0.031200000000000002,0.11699999999999999
1137,6,0.108,307,151.6,3,1,0.179,0.21019631550600035,1,136.44,0.0358,0.13424999999999998
1137,7,0.108,416,205.4,1,0,,0.18131793174225577,0,184.86,,
1137,8,0.108,394,194.5,3,1,0.287,0.2458142680497613,1,175.05,0.0574,0.21525
1138,1,0.374,198,68.0,7,1,0.474,0.2749376776622742,1,68.0,0.0948,0.3555
1138,2,0.374,564,193.7,5,0,,0.3396808431313288,0,174.32999999999998,,
1138,3,0.374,514,176.5,6,0,,0.44989816954601125,1,158.85,,
1138,4,0.374,521,178.9,4,0,,0.4188078341012892,1,161.01000000000002,,
1138,5,0.374,156,53.6,7,1,0.636,0.5272380382587623,1,53.6,0.1272,0.477
1138,6,0.374,318,109.2,10,1,0.532,0.41605367059040693,0,98.28,0.10640000000000001,
1138,7,0.374,573,196.7,1,0,,0.5588109104105552,0,177.03,,
1138,8,0.374,573,196.7,3,0,,0.42800178017231405,1,177.03,,
1139,1,0.137,587,276.3,7,0,,0.24321674475886604,1,248.67000000000002,,
1139,2,0.137,311,146.4,2,1,0.309,0.10464850532155429,1,131.76000000000002,0.0618,0.23175
1139,3,0.137,209,98.4,5,1,0.345,0.1384287211883989,1,98.4,0.06899999999999999,0.25875
1139,4,0.137,385,181.2,2,0,,0.22809444038394755,1,163.07999999999998,,
1139,5,0.137,416,195.8,0,0,,0.29829781705930547,1,176.22000000000003,,
1139,6,0.137,187,88.0,3,1,0.251,0.20992369493107532,1,88.0,0.0502,0.18825
1139,7,0.137,276,129.9,0,1,0.297,0.12868282280653806,1,129.9,0.0594,0.22275
1139,8,0.137,456,214.6,4,1,0.246,0.27473350295283416,0,193.14,0.0492,
1140,1,0.533,317,92.1,6,1,0.651,0.31380213437201193,1,82.89,0.1302,0.48825
1140,2,0.533,483,140.3,6,0,,0.39077654984931265,1,126.27000000000001,,
1140,3,0.533,131,38.1,3,1,0.502,0.601163422366839,1,38.1,0.1004,0.3765
1140,4,0.533,465,135.1,9,0,,0.5344108356253126,1,121.59,,
1140,5,0.533,446,129.6,8,1,0.712,0.5935513651124166,1,116.64,0.1424,0.534
1140,6,0.533,481,139.7,4,0,,0.5394407522431942,1,125.72999999999999,,
1140,7,0.533,169,49.1,9,1,0.429,0.5900945694603873,1,49.1,0.0858,0.32175
1140,8,0.533,173,50.3,6,1,0.667,0.45155971790068095,1,50.3,0.13340000000000002,0.5002500000000001
1141,1,0.55,345,98.5,5,0,,0.6070486086079692,1,88.65,,
1141,2,0.55,532,152.0,9,0,,0.6494414528207585,1,136.8,,
1141,3,0.55,407,116.3,8,0,,0.6720550603931233,1,104.67,,
1141,4,0.55,530,151.4,4,0,,0.75135542946487,1,136.26000000000002,,
1141,5,0.55,207,59.1,5,1,0.538,0.5744098443502387,1,59.1,0.10760000000000002,0.4035
1141,6,0.55,285,81.4,5,1,0.446,0.5773911086847179,1,81.4,0.0892,0.3345
1141,7,0.55,283,80.8,5,0,,0.3976827535826153,0,80.8,,
1141,8,0.55,431,123.1,4,0,,0.4968588598861575,1,110.78999999999999,,
1142,1,0.453,525,165.3,4,0,,0.43369179259933877,1,148.77,,
1142,2,0.453,594,187.0,4,0,,0.5580319552276355,1,168.3,,
1142,3,0.453,392,123.4,2,1,0.449,0.3918998875910371,1,111.06,0.0898,0.33675
1142,4,0.453,531,167.2,5,0,,0.5326340019748832,1,150.48,,
1142,5,0.453,544,171.3,2,0,,0.452837828303662,1,154.17000000000002,,
1142,6,0.453,197,62.0,5,1,0.543,0.4352831884885238,1,62.0,0.10860000000000002,0.40725
1142,7,0.453,580,182.6,3,0,,0.47788939691332566,0,164.34,,
1142,8,0.453,431,135.7,4,0,,0.41388436277471574,1,122.13,,
1143,1,0.186,595,260.3,5,0,,0.14309627519073345,0,234.27,,
1143,2,0.186,223,97.5,3,1,0.301,0.015521409420988536,1,97.5,0.060200000000000004,0.22575
1143,3,0.186,332,145.2,3,0,,0.16120457926721105,0,130.68,,
1143,4,0.186,440,192.5,4,0,,0.13800318538512735,0,173.25,,
1143,5,0.186,552,241.5,6,0,,0.13440190106509203,1,217.35,,
1143,6,0.186,172,75.2,3,1,0.342,0.22768730625900405,1,75.2,0.0684,0.2565
1143,7,0.186,393,171.9,7,0,,0.251863195279051,1,154.71,,
1143,8,0.186,204,89.2,6,1,0.177,0.20921945046423276,1,89.2,0.0354,0.13274999999999998
1144,1,0.439,159,50.8,9,1,0.45,0.5385415190449474,1,50.8,0.09000000000000001,0.3375
1144,2,0.439,555,177.3,4,0,,0.4965561925830365,0,159.57000000000002,,
1144,3,0.439,562,179.5,6,0,,0.4094943810194358,1,161.55,,
1144,4,0.439,120,38.3,3,1,0.701,0.392714371428562,1,38.3,0.1402,0.5257499999999999
1144,5,0.439,139,44.4,9,1,0.525,0.47028222367668465,1,44.4,0.10500000000000001,0.39375000000000004
1144,6,0.439,435,139.0,9,0,,0.4963767109901901,1,125.10000000000001,,
1144,7,0.439,585,186.9,5,0,,0.5787844307031498,1,168.21,,
1144,8,0.439,310,99.0,6,1,0.537,0.5581173044940095,1,89.10000000000001,0.10740000000000001,0.40275000000000005
1145,1,0.088,503,256.8,5,0,,0.03385269934928309,0,231.12,,
1145,2,0.088,177,90.4,4,1,0.372,0.07779937198727382,1,90.4,0.07440000000000001,0.279
1145,3,0.088,435,222.1,2,0,,0.15510178049177697,0,199.89,,
1145,4,0.088,254,129.7,2,1,0.261,0.1947997778058972,1,129.7,0.0522,0.19575
1145,5,0.088,549,280.3,7,0,,0.18189694687047922,0,252.27,,
1145,6,0.088,306,156.2,2,1,0.218,0.08161221671686533,0,140.57999999999998,0.0436,
1145,7,0.088,379,193.5,3,1,0.241,0.0,1,174.15,0.0482,0.18075
1145,8,0.088,103,52.6,6,1,0.229,0.0,1,52.6,0.04580000000000001,0.17175
1146,1,0.303,385,143.9,3,0,,0.3302633514319414,1,129.51000000000002,,
1146,2,0.303,549,205.2,2,1,0.321,0.33722255794243455,0,184.68,0.06420000000000001,
1146,3,0.303,477,178.3,7,0,,0.1931320626565615,1,160.47000000000003,,
1146,4,0.303,239,89.3,6,1,0.512,0.30745696108892717,1,89.3,0.1024,0.384
1146,5,0.303,208,77.8,3,1,0.377,0.3661224356971783,1,77.8,0.07540000000000001,0.28275
1146,6,0.303,496,185.4,5,0,,0.18787733424928557,0,166.86,,
1146,7,0.303,406,151.8,4,0,,0.41349972018044145,0,136.62,,
1146,8,0.303,301,112.5,6,1,0.189,0.26524688514401745,1,101.25,0.0378,0.14175
1147,1,0.227,100,41.3,4,1,0.303,0.3527613112576651,1,41.3,0.0606,0.22725
1147,2,0.227,348,143.6,2,0,,0.17365475542240996,0,129.24,,
1147,3,0.227,355,146.5,5,1,0.397,0.1243374517115821,1,131.85,0.07940000000000001,0.29775
1147,4,0.227,378,156.0,5,1,0.601,0.18118630101582806,1,140.4,0.1202,0.45075
1147,5,0.227,558,230.3,3,0,,0.217485187692268,0,207.27,,
1147,6,0.227,505,208.4,6,0,,0.18815200932285192,0,187.56,,
1147,7,0.227,586,241.8,5,0,,0.20539985784268866,1,217.62,,
1147,8,0.227,305,125.9,3,1,0.413,0.26039651496761906,1,113.31,0.0826,0.30974999999999997
1148,1,0.221,126,52.4,3,1,0.518,0.20388206302036005,1,52.4,0.10360000000000001,0.3885
1148,2,0.221,229,95.3,3,1,0.316,0.2143887606047993,1,95.3,0.0632,0.237
1148,3,0.221,191,79.5,1,1,0.298,0.050077360079740396,1,79.5,0.0596,0.22349999999999998
1148,4,0.221,533,221.8,3,0,,0.2601698016010473,1,199.62,,
1148,5,0.221,342,142.3,3,1,0.595,0.2120796702308332,1,128.07000000000002,0.119,0.44625
1148,6,0.221,527,219.3,10,0,,0.3820292980482871,1,197.37,,
1148,7,0.221,355,147.8,3,0,,0.12704348327460419,1,133.02,,
1148,8,0.221,197,82.0,4,1,0.439,0.040170467150048544,1,82.0,0.0878,0.32925
1149,1,0.093,466,235.7,3,0,,0.1548068493930042,0,212.13,,
1149,2,0.093,542,274.1,3,0,,0.12765270183130004,0,246.69000000000003,,
1149,3,0.093,408,206.3,0,0,,0.0,1,185.67000000000002,,
1149,4,0.093,293,148.2,4,1,0.301,0.0,1,148.2,0.060200000000000004,0.22575
1149,5,0.093,291,147.2,2,1,0.101,0.246739673068429,1,147.2,0.020200000000000003,0.07575000000000001
1149,6,0.093,448,226.6,2,0,,0.23441103906067817,1,203.94,,
1149,7,0.093,463,234.1,3,0,,0.0,0,210.69,,
1149,8,0.093,135,68.3,2,1,0.209,0.047177697074349906,1,68.3,0.041800000000000004,0.15675
1150,1,0.292,273,103.4,5,1,0.357,0.45841920547838994,1,103.4,0.0714,0.26775
1150,2,0.292,309,117.1,6,1,0.474,0.24439374422221327,0,105.39,0.0948,
1150,3,0.292,198,75.0,7,1,0.546,0.2429387765973347,1,75.0,0.10920000000000002,0.40950000000000003
1150,4,0.292,190,72.0,6,1,0.257,0.26372406723706315,1,72.0,0.0514,0.19275
1150,5,0.292,115,43.6,5,1,0.508,0.17991030262318403,1,43.6,0.10160000000000001,0.381
1150,6,0.292,181,68.6,5,1,0.174,0.12152242557719556,1,68.6,0.0348,0.1305
1150,7,0.292,329,124.6,3,1,0.235,0.39725473107347486,0,112.14,0.047,
1150,8,0.292,329,124.6,5,1,0.367,0.1077063093752324,1,112.14,0.0734,0.27525
1151,1,0.129,122,58.2,4,1,0.263,0.1537271452108756,1,58.2,0.05260000000000001,0.19725
1151,2,0.129,262,124.9,3,1,0.149,0.21765794927576498,1,124.9,0.0298,0.11174999999999999
1151,3,0.129,234,111.5,4,1,0.284,0.0,1,111.5,0.056799999999999996,0.21299999999999997
1151,4,0.129,150,71.5,1,1,0.263,0.03657315974049284,1,71.5,0.05260000000000001,0.19725
1151,5,0.129,565,269.3,5,0,,0.250317918839159,1,242.37,,
1151,6,0.129,181,86.3,5,1,0.231,0.182289172022704,1,86.3,0.046200000000000005,0.17325000000000002
1151,7,0.129,422,201.2,5,0,,0.06727142931211127,0,181.07999999999998,,
1151,8,0.129,372,177.3,4,0,,0.2492249003361171,0,159.57000000000002,,
1152,1,0.193,339,146.7,2,0,,0.31365357234543023,1,132.03,,
1152,2,0.193,276,119.5,3,0,,0.21990526930157073,0,119.5,,
1152,3,0.193,229,99.1,1,1,0.47,0.1029839772126337,1,99.1,0.094,0.3525
1152,4,0.193,398,172.3,4,0,,0.15165512965282046,0,155.07000000000002,,
1152,5,0.193,410,177.5,3,0,,0.22163867439553903,1,159.75,,
1152,6,0.193,124,53.7,4,0,,0.1741405170852512,0,53.7,,
1152,7,0.193,293,126.8,4,1,0.346,0.28689571782348516,1,126.8,0.0692,0.25949999999999995
1152,8,0.193,544,235.5,0,0,,0.04002259198906638,1,211.95000000000002,,
1153,1,0.384,370,125.5,5,1,0.574,0.23457364709337614,1,112.95,0.1148,0.4305
1153,2,0.384,309,104.8,5,1,0.42,0.40208711114824325,1,94.32,0.084,0.315
1153,3,0.384,333,113.0,4,1,0.52,0.33484555861930954,1,101.7,0.10400000000000001,0.39
1153,4,0.384,484,164.2,4,1,0.489,0.3212951385302259,1,147.78,0.0978,0.36675
1153,5,0.384,445,151.0,6,0,,0.20719432808256028,1,135.9,,
1153,6,0.384,433,146.9,7,0,,0.3859545844798182,1,132.21,,
1153,7,0.384,492,166.9,6,0,,0.37872448919992346,1,150.21,,
1153,8,0.384,237,80.4,5,1,0.49,0.44934789819517407,1,80.4,0.098,0.3675
1154,1,0.29,526,199.7,5,0,,0.2968906133120972,1,179.73,,
1154,2,0.29,249,94.6,5,1,0.624,0.2767395921759503,1,94.6,0.12480000000000001,0.46799999999999997
1154,3,0.29,382,145.1,6,0,,0.4077000636790337,1,130.59,,
1154,4,0.29,219,83.2,4,1,0.425,0.158753269655145,1,83.2,0.085,0.31875
1154,5,0.29,154,58.5,2,1,0.527,0.3436389218847576,1,58.5,0.10540000000000001,0.39525
1154,6,0.29,270,102.5,4,1,0.355,0.12288528352046507,1,102.5,0.071,0.26625
1154,7,0.29,117,44.4,4,1,0.453,0.2061638119999192,1,44.4,0.09060000000000001,0.33975
1154,8,0.29,460,174.7,5,0,,0.1687342867376686,0,157.23,,
1155,1,0.197,246,105.9,3,1,0.399,0.27519425354519184,1,105.9,0.07980000000000001,0.29925
1155,2,0.197,309,133.0,1,1,0.444,0.1904589766404606,1,119.7,0.0888,0.333
1155,3,0.197,370,159.3,6,1,0.352,0.19564967554070234,1,143.37,0.0704,0.264
1155,4,0.197,374,161.0,4,1,0.365,0.08632670122705491,0,144.9,0.073,
1155,5,0.197,454,195.4,3,0,,0.16703065040671108,1,175.86,,
1155,6,0.197,186,80.1,4,1,0.401,0.12065346966908884,1,80.1,0.08020000000000001,0.30075
1155,7,0.197,537,231.2,4,0,,0.2353455014854216,1,208.07999999999998,,
1155,8,0.197,406,174.8,3,1,0.322,0.09789088646683863,1,157.32000000000002,0.0644,0.2415
1156,1,0.132,416,197.6,5,0,,0.2649794365205076,0,177.84,,
1156,2,0.132,271,128.7,3,1,0.153,0.0,1,128.7,0.030600000000000002,0.11474999999999999
1156,3,0.132,239,113.5,2,0,,0.05134801675434386,0,113.5,,
1156,4,0.132,239,113.5,5,1,0.118,0.29972005099660964,1,113.5,0.0236,0.0885
1156,5,0.132,245,116.4,2,1,0.511,0.08848612520379656,1,116.4,0.10220000000000001,0.38325
1156,6,0.132,545,258.8,3,0,,0.0005121335595588139,1,232.92000000000002,,
1156,7,0.132,539,256.0,4,0,,0.15390715625376689,0,230.4,,
1156,8,0.132,220,104.5,3,1,0.3,0.08446077577854577,1,104.5,0.06,0.22499999999999998
1157,1,0.346,497,176.3,3,0,,0.26241297443816936,1,158.67000000000002,,
1157,2,0.346,110,39.0,2,1,0.47,0.23641291892012822,1,39.0,0.094,0.3525
1157,3,0.346,308,109.3,4,1,0.372,0.6228373605625943,1,98.37,0.07440000000000001,0.279
1157,4,0.346,506,179.5,2,0,,0.3208448099815863,1,161.55,,
1157,5,0.346,153,54.3,5,1,0.43,0.15344326396671226,1,54.3,0.08600000000000001,0.3225
1157,6,0.346,383,135.9,4,0,,0.4953709759005534,1,122.31,,
1157,7,0.346,567,201.1,5,0,,0.40710709051105703,1,180.99,,
1157,8,0.346,490,173.8,4,1,0.524,0.2693533568980212,1,156.42000000000002,0.1048,0.393
1158,1,0.36,203,70.8,2,1,0.4,0.2666880911313858,1,70.8,0.08000000000000002,0.30000000000000004
1158,2,0.36,429,149.7,5,0,,0.4273472796158231,1,134.73,,
1158,3,0.36,203,70.8,4,1,0.526,0.3353081672510545,1,70.8,0.10520000000000002,0.3945
1158,4,0.36,482,168.2,9,0,,0.16740221815548983,1,151.38,,
1158,5,0.36,304,106.1,5,1,0.32,0.5387239964604669,0,95.49,0.064,
1158,6,0.36,340,118.6,4,1,0.63,0.3166009537784043,1,106.74,0.126,0.47250000000000003
1158,7,0.36,234,81.6,7,1,0.446,0.5095571736482426,1,81.6,0.0892,0.3345
1158,8,0.36,227,79.2,4,1,0.529,0.4878434957965715,1,79.2,0.1058,0.39675000000000005
1159,1,0.17,596,267.0,2,0,,0.06989904555171858,0,240.3,,
1159,2,0.17,426,190.8,7,1,0.244,0.2733189864363148,1,171.72000000000003,0.0488,0.183
1159,3,0.17,340,152.3,5,1,0.489,0.10485574501363189,1,137.07000000000002,0.0978,0.36675
1159,4,0.17,115,51.5,1,1,0.206,0.0,1,51.5,0.0412,0.1545
1159,5,0.17,539,241.4,3,0,,0.12754018339778575,1,217.26000000000002,,
1159,6,0.17,293,131.2,6,1,0.345,0.2097637501776279,1,131.2,0.06899999999999999,0.25875
1159,7,0.17,260,116.5,2,1,0.221,0.12372633520036622,1,116.5,0.0442,0.16575
1159,8,0.17,330,147.8,7,0,,0.13929516590748986,0,133.02,,
1160,1,0.207,431,182.8,5,0,,0.3213566044928613,1,164.52,,
1160,2,0.207,302,128.1,5,1,0.394,0.21764939802900918,0,115.28999999999999,0.07880000000000001,
1160,3,0.207,322,136.6,3,1,0.443,0.12267016887150474,0,122.94,0.08860000000000001,
1160,4,0.207,368,156.1,3,1,0.335,0.27720303236673266,0,140.49,0.067,
1160,5,0.207,242,102.7,6,1,0.43,0.2267675566954245,1,102.7,0.08600000000000001,0.3225
1160,6,0.207,187,79.3,4,1,0.388,0.0,1,79.3,0.0776,0.29100000000000004
1160,7,0.207,162,68.7,6,1,0.24,0.24983529137714486,1,68.7,0.048,0.18
1160,8,0.207,385,163.3,5,1,0.402,0.24618287077161016,1,146.97000000000003,0.08040000000000001,0.3015
1161,1,0.298,597,224.5,3,0,,0.300012112958086,1,202.05,,
1161,2,0.298,489,183.9,5,0,,0.3871700581069575,0,165.51000000000002,,
1161,3,0.298,459,172.6,5,0,,0.23076064156734977,0,155.34,,
1161,4,0.298,263,98.9,4,1,0.561,0.3316499788820901,1,98.9,0.11220000000000002,0.42075000000000007
1161,5,0.298,277,104.1,7,1,0.559,0.1413040628832647,1,104.1,0.11180000000000001,0.41925
1161,6,0.298,359,135.0,4,0,,0.3387090383398832,0,121.5,,
1161,7,0.298,342,128.6,3,1,0.377,0.49330596955398964,1,115.74,0.07540000000000001,0.28275
1161,8,0.298,266,100.0,3,1,0.505,0.19851436475324585,1,100.0,0.101,0.37875000000000003
1162,1,0.129,122,58.2,5,1,0.358,0.05301978680122248,1,58.2,0.0716,0.26849999999999996
1162,2,0.129,213,101.6,2,1,0.371,0.057998455710844776,1,101.6,0.0742,0.27825
1162,3,0.129,513,244.7,5,0,,0.14199982258015953,1,220.23,,
1162,4,0.129,413,197.0,5,0,,0.022696372714628182,0,177.3,,
1162,5,0.129,462,220.4,8,0,,0.17112473786909801,1,198.36,,
1162,6,0.129,222,105.9,2,1,0.372,0.21368399454691653,1,105.9,0.07440000000000001,0.279
1162,7,0.129,473,225.6,3,0,,0.18243472134537844,0,203.04,,
1162,8,0.129,248,118.3,4,1,0.284,0.0,1,118.3,0.056799999999999996,0.21299999999999997
1163,1,0.326,272,98.8,5,1,0.476,0.4255167665158606,1,98.8,0.0952,0.357
1163,2,0.326,266,96.6,4,1,0.368,0.419736741425368,1,96.6,0.0736,0.276
1163,3,0.326,188,68.3,3,1,0.494,0.4090161372346305,1,68.3,0.0988,0.3705
1163,4,0.326,361,131.2,5,1,0.509,0.36328422486558254,1,118.08,0.1018,0.38175000000000003
1163,5,0.326,325,118.1,4,1,0.504,0.3480189314205133,1,106.28999999999999,0.1008,0.378
1163,6,0.326,261,94.8,5,1,0.44,0.4292389398126397,1,94.8,0.08800000000000001,0.33
1163,7,0.326,261,94.8,7,1,0.308,0.5183513487603455,1,94.8,0.0616,0.23099999999999998
1163,8,0.326,172,62.5,4,1,0.581,0.23069595366351503,1,62.5,0.1162,0.43574999999999997
1164,1,0.112,514,252.0,5,0,,0.2198125395794772,1,226.8,,
1164,2,0.112,490,240.3,3,1,0.383,0.10337829019925472,1,216.27,0.0766,0.28725
1164,3,0.112,272,133.4,4,1,0.275,0.09903269479713993,1,133.4,0.05500000000000001,0.20625000000000002
1164,4,0.112,204,100.0,1,1,0.373,0.0,1,100.0,0.0746,0.27975
1164,5,0.112,432,211.8,2,1,0.419,0.0835210590484605,1,190.62,0.0838,0.31425
1164,6,0.112,103,50.5,1,1,0.171,0.012273504203158453,1,50.5,0.0342,0.12825
1164,7,0.112,109,53.4,5,1,0.373,0.06561455704940543,1,53.4,0.0746,0.27975
1164,8,0.112,575,281.9,2,0,,0.0021813616221850185,0,253.70999999999998,,
1165,1,0.144,496,230.9,5,0,,0.09910916126869934,1,207.81,,
1165,2,0.144,415,193.2,1,0,,0.10338896429765966,1,173.88,,
1165,3,0.144,150,69.8,3,1,0.354,0.15367549184388002,1,69.8,0.0708,0.26549999999999996
1165,4,0.144,277,129.0,6,1,0.323,0.0,1,129.0,0.0646,0.24225000000000002
1165,5,0.144,225,104.7,6,1,0.372,0.0,1,104.7,0.07440000000000001,0.279
1165,6,0.144,464,216.0,2,0,,0.18019142707305263,0,194.4,,
1165,7,0.144,154,71.7,9,1,0.332,0.0642561882929901,1,71.7,0.0664,0.249
1165,8,0.144,585,272.3,3,0,,0.25145297902299313,1,245.07000000000002,,
1166,1,0.007,106,62.7,2,1,0.295,0.02952697220150467,1,62.7,0.059,0.22125
1166,2,0.007,354,209.4,3,0,,0.06767621502064074,1,188.46,,
1166,3,0.007,555,328.2,6,0,,0.1480692320420895,0,295.38,,
1166,4,0.007,597,353.1,4,0,,0.0,0,317.79,,
1166,5,0.007,537,317.6,2,0,,0.0,1,285.84000000000003,,
1166,6,0.007,194,114.7,2,1,0.209,0.09417025855988136,1,114.7,0.041800000000000004,0.15675
1166,7,0.007,573,338.9,5,0,,0.0579513563929686,0,305.01,,
1166,8,0.007,487,288.0,3,0,,0.0,0,259.2,,
1167,1,0.139,491,230.6,6,0,,0.27814579669559425,1,207.54,,
1167,2,0.139,108,50.7,7,1,0.408,0.11777556901600696,1,50.7,0.0816,0.306
1167,3,0.139,116,54.5,9,1,0.396,0.14227736375557815,1,54.5,0.0792,0.29700000000000004
1167,4,0.139,266,125.0,4,1,0.28,0.14112226508342585,1,125.0,0.05600000000000001,0.21000000000000002
1167,5,0.139,228,107.1,4,1,0.25,0.0455406105101529,1,107.1,0.05,0.1875
1167,6,0.139,499,234.4,1,0,,0.1467585389486391,0,210.96,,
1167,7,0.139,417,195.9,6,1,0.215,0.2786760177398492,0,176.31,0.043000000000000003,
1167,8,0.139,306,143.7,4,1,0.368,0.1834968315376176,0,129.32999999999998,0.0736,
1168,1,0.047,203,111.4,3,1,0.144,0.050106342639893144,1,111.4,0.0288,0.10799999999999998
1168,2,0.047,480,263.3,2,0,,0.030823271883433097,1,236.97000000000003,,
1168,3,0.047,415,227.7,2,0,,0.08008670284063513,1,204.93,,
1168,4,0.047,290,159.1,3,1,0.282,0.1219766628489185,1,159.1,0.0564,0.21149999999999997
1168,5,0.047,360,197.5,5,1,0.033,0.1079238830889753,0,177.75,0.006600000000000001,
1168,6,0.047,364,199.7,4,1,0.356,0.013813513817802082,0,179.73,0.0712,
1168,7,0.047,314,172.3,2,0,,0.07947815941101145,1,155.07000000000002,,
1168,8,0.047,208,114.1,5,1,0.26,0.09499397411482786,1,114.1,0.052000000000000005,0.195
1169,1,0.201,310,132.7,5,1,0.355,0.10028050124730217,0,119.42999999999999,0.071,
1169,2,0.201,166,71.1,4,1,0.377,0.21782305411836944,1,71.1,0.07540000000000001,0.28275
1169,3,0.201,180,77.1,4,1,0.364,0.0,1,77.1,0.0728,0.273
1169,4,0.201,404,172.9,2,0,,0.24925337098211853,1,155.61,,
1169,5,0.201,290,124.1,5,1,0.217,0.26703430545626816,1,124.1,0.0434,0.16275
1169,6,0.201,417,178.5,3,1,0.385,0.275754612578646,1,160.65,0.07700000000000001,0.28875
1169,7,0.201,184,78.8,6,1,0.288,0.16149531478304327,1,78.8,0.0576,0.21599999999999997
1169,8,0.201,243,104.0,0,1,0.486,0.2319046835024035,1,104.0,0.09720000000000001,0.3645
1170,1,0.172,388,173.3,4,0,,0.31439538455411664,0,155.97000000000003,,
1170,2,0.172,526,235.0,4,0,,0.31337696482912586,1,211.5,,
1170,3,0.172,530,236.8,4,0,,0.16908273007734392,1,213.12,,
1170,4,0.172,127,56.7,4,1,0.331,0.18593196307295598,1,56.7,0.06620000000000001,0.24825000000000003
1170,5,0.172,298,133.1,7,1,0.4,0.2830911144734433,1,133.1,0.08000000000000002,0.30000000000000004
1170,6,0.172,314,140.3,9,1,0.312,0.021919798473782504,1,126.27000000000001,0.062400000000000004,0.23399999999999999
1170,7,0.172,210,93.8,3,1,0.36,0.13969242573229754,1,93.8,0.072,0.27
1170,8,0.172,321,143.4,2,0,,0.30555704555367563,0,129.06,,
1171,1,0.052,432,234.9,7,0,,0.1495200541684766,1,211.41,,
1171,2,0.052,253,137.6,2,1,0.305,0.08892637776499046,1,137.6,0.061,0.22875
1171,3,0.052,598,325.1,5,0,,0.0,0,292.59000000000003,,
1171,4,0.052,169,91.9,5,1,0.243,0.047008976695883796,1,91.9,0.048600000000000004,0.18225
1171,5,0.052,304,165.3,4,0,,0.0,0,148.77,,
1171,6,0.052,244,132.7,2,1,0.359,0.08510389028172136,1,132.7,0.0718,0.26925
1171,7,0.052,381,207.2,4,1,0.173,0.0,0,186.48,0.0346,
1171,8,0.052,122,66.3,3,1,0.187,0.0,1,66.3,0.0374,0.14024999999999999
1172,1,0.27,342,133.2,3,1,0.512,0.06351347223163584,1,119.88,0.1024,0.384
1172,2,0.27,187,72.8,6,1,0.345,0.3921804684976702,1,72.8,0.06899999999999999,0.25875
1172,3,0.27,423,164.7,12,0,,0.23002294885569427,0,148.23,,
1172,4,0.27,223,86.8,4,1,0.373,0.2857145783702535,1,86.8,0.0746,0.27975
1172,5,0.27,567,220.8,5,0,,0.26977618835258194,1,198.72000000000003,,
1172,6,0.27,333,129.7,11,1,0.582,0.1632566067039501,0,116.72999999999999,0.1164,
1172,7,0.27,110,42.8,8,1,0.46,0.14409350885518069,1,42.8,0.09200000000000001,0.34500000000000003
1172,8,0.27,553,215.4,6,0,,0.16946848740027648,1,193.86,,
1173,1,0.528,252,73.5,7,1,0.439,0.45568315611706073,1,73.5,0.0878,0.32925
1173,2,0.528,182,53.1,6,1,0.622,0.5646606247013806,1,53.1,0.12440000000000001,0.4665
1173,3,0.528,496,144.8,4,1,0.585,0.4484282336479389,1,130.32000000000002,0.11699999999999999,0.43875
1173,4,0.528,290,84.6,3,1,0.593,0.7026490631594622,1,84.6,0.1186,0.44475
1173,5,0.528,250,73.0,4,1,0.718,0.6307151035893152,1,73.0,0.1436,0.5385
1173,6,0.528,182,53.1,1,1,0.55,0.6088359549665708,1,53.1,0.11000000000000001,0.41250000000000003
1173,7,0.528,218,63.6,10,0,,0.516034109752685,0,63.6,,
1173,8,0.528,444,129.6,5,0,,0.6794280735720484,1,116.64,,
1174,1,0.668,210,53.9,3,1,0.774,0.6461994368878876,1,53.9,0.15480000000000002,0.5805
1174,2,0.668,597,153.4,5,0,,0.6648738585845755,1,138.06,,
1174,3,0.668,106,27.2,5,1,0.851,0.684997453974927,1,27.2,0.17020000000000002,0.63825
1174,4,0.668,350,89.9,7,1,0.739,0.7381823040543345,1,80.91000000000001,0.14780000000000001,0.55425
1174,5,0.668,544,139.7,10,0,,0.7316908079002986,1,125.72999999999999,,
1174,6,0.668,460,118.2,6,0,,0.6204874721555397,1,106.38000000000001,,
1174,7,0.668,157,40.3,6,1,0.722,0.6147006280574047,1,40.3,0.1444,0.5415
1174,8,0.668,468,120.2,8,0,,0.7319902957152085,1,108.18,,
1175,1,0.061,348,185.9,4,1,0.178,0.13252365838912328,1,167.31,0.0356,0.1335
1175,2,0.061,390,208.4,4,1,0.153,0.021664887517712714,1,187.56,0.030600000000000002,0.11474999999999999
1175,3,0.061,378,202.0,3,0,,0.0,0,181.8,,
1175,4,0.061,422,225.5,0,0,,0.04026839039917554,1,202.95000000000002,,
1175,5,0.061,188,100.5,2,1,0.0,0.12335257988258587,1,100.5,0.0,0.0
1175,6,0.061,438,234.0,3,0,,0.24154168464197806,1,210.6,,
1175,7,0.061,330,176.3,3,1,0.141,0.0,1,158.67000000000002,0.0282,0.10574999999999998
1175,8,0.061,346,184.9,1,0,,0.01834287471694264,1,166.41,,
1176,1,0.309,530,196.5,7,0,,0.27005964384746234,0,176.85,,
1176,2,0.309,230,85.3,0,1,0.478,0.4445805339431501,1,85.3,0.0956,0.3585
1176,3,0.309,585,216.9,4,0,,0.3055058499541367,0,195.21,,
1176,4,0.309,209,77.5,4,1,0.391,0.21826734406277343,1,77.5,0.0782,0.29325
1176,5,0.309,539,199.9,3,0,,0.3648695282921819,0,179.91,,
1176,6,0.309,503,186.5,5,0,,0.26853614799590536,1,167.85,,
1176,7,0.309,268,99.4,6,1,0.643,0.18656127266420455,1,99.4,0.12860000000000002,0.48225
1176,8,0.309,414,153.5,3,0,,0.21972266927238493,0,138.15,,
1177,1,0.353,308,108.4,5,1,0.526,0.5264041954422619,1,97.56,0.10520000000000002,0.3945
1177,2,0.353,242,85.1,7,1,0.42,0.39142092216494623,1,85.1,0.084,0.315
1177,3,0.353,200,70.4,7,1,0.424,0.3637760055452543,1,70.4,0.0848,0.318
1177,4,0.353,399,140.4,6,1,0.442,0.32801062641879536,0,126.36000000000001,0.0884,
1177,5,0.353,589,207.2,1,0,,0.3822148842118799,1,186.48,,
1177,6,0.353,335,117.9,4,0,,0.3810235946002494,1,106.11000000000001,,
1177,7,0.353,127,44.7,3,1,0.726,0.3822168828207326,1,44.7,0.1452,0.5445
1177,8,0.353,309,108.7,3,1,0.382,0.3644845090277753,1,97.83,0.07640000000000001,0.2865
1178,1,0.404,124,41.2,6,1,0.413,0.49087983383055495,1,41.2,0.0826,0.30974999999999997
1178,2,0.404,477,158.4,2,0,,0.40631043460007316,1,142.56,,
1178,3,0.404,271,90.0,10,1,0.382,0.30620611644473616,1,90.0,0.07640000000000001,0.2865
1178,4,0.404,510,169.3,5,0,,0.3427577109099132,0,152.37,,
1178,5,0.404,350,116.2,6,0,,0.20609813065102878,1,104.58,,
1178,6,0.404,513,170.3,5,0,,0.6066817116042393,0,153.27,,
1178,7,0.404,325,107.9,2,0,,0.4902754591952687,1,97.11000000000001,,
1178,8,0.404,158,52.5,4,1,0.509,0.3209929504870763,1,52.5,0.1018,0.38175000000000003
1179,1,0.214,507,212.9,4,0,,0.18581551506029,1,191.61,,
1179,2,0.214,462,194.0,3,0,,0.15031235257935666,1,174.6,,
1179,3,0.214,548,230.1,4,0,,0.3682547211374117,0,207.09,,
1179,4,0.214,486,204.1,2,0,,0.0720122835729071,1,183.69,,
1179,5,0.214,200,84.0,5,1,0.204,0.22544760588187793,1,84.0,0.0408,0.153
1179,6,0.214,502,210.8,1,1,0.404,0.2031472157435152,0,189.72000000000003,0.08080000000000001,
1179,7,0.214,283,118.8,7,1,0.215,0.29668386307091144,1,118.8,0.043000000000000003,0.16125
1179,8,0.214,326,136.9,4,1,0.241,0.20359907722753048,1,123.21000000000001,0.0482,0.18075
1180,1,0.341,269,96.0,0,1,0.42,0.1651791123344565,1,96.0,0.084,0.315
1180,2,0.341,173,61.7,7,1,0.601,0.31588821653575594,1,61.7,0.1202,0.45075
1180,3,0.341,457,163.1,1,0,,0.24378377820566752,1,146.79,,
1180,4,0.341,392,139.9,1,1,0.459,0.3489579546556561,0,125.91000000000001,0.0918,
1180,5,0.341,173,61.7,4,1,0.457,0.4844177036520327,1,61.7,0.09140000000000001,0.34275
1180,6,0.341,270,96.3,6,1,0.535,0.1670574755767722,1,96.3,0.10700000000000001,0.40125
1180,7,0.341,562,200.5,3,0,,0.26097772646000966,1,180.45000000000002,,
1180,8,0.341,552,196.9,7,0,,0.2857307046216503,1,177.21,,
1181,1,0.412,580,190.7,5,0,,0.37383689045867885,1,171.63,,
1181,2,0.412,118,38.8,6,1,0.483,0.4860125664105244,1,38.8,0.0966,0.36224999999999996
1181,3,0.412,333,109.5,7,0,,0.3946455582438612,1,98.55,,
1181,4,0.412,276,90.8,2,1,0.377,0.4535802725720445,1,90.8,0.07540000000000001,0.28275
1181,5,0.412,567,186.4,6,0,,0.3494226956268223,1,167.76000000000002,,
1181,6,0.412,268,88.1,2,1,0.56,0.4349924345417937,1,88.1,0.11200000000000002,0.42000000000000004
1181,7,0.412,588,193.3,5,0,,0.4897797630877715,1,173.97000000000003,,
1181,8,0.412,411,135.1,3,0,,0.33877004502629116,1,121.59,,
1182,1,0.572,128,35.8,6,1,0.808,0.6501358119806514,1,35.8,0.16160000000000002,0.6060000000000001
1182,2,0.572,119,33.3,5,1,0.685,0.5772372768727568,1,33.3,0.137,0.51375
1182,3,0.572,169,47.3,10,0,,0.6765460240482253,0,47.3,,
1182,4,0.572,535,149.7,5,0,,0.5518580099923026,1,134.73,,
1182,5,0.572,496,138.7,9,0,,0.6101244655162098,1,124.83,,
1182,6,0.572,129,36.1,5,1,0.621,0.5679393768321469,1,36.1,0.1242,0.46575
1182,7,0.572,278,77.8,7,1,0.723,0.562378773795942,1,77.8,0.1446,0.54225
1182,8,0.572,269,75.2,6,1,0.859,0.5978930428225689,1,75.2,0.1718,0.64425
1183,1,0.293,381,144.1,9,1,0.404,0.34668074692249035,1,129.69,0.08080000000000001,0.30300000000000005
1183,2,0.293,255,96.5,5,1,0.4,0.16804350880759947,1,96.5,0.08000000000000002,0.30000000000000004
1183,3,0.293,216,81.7,5,1,0.324,0.43636336088178773,1,81.7,0.06480000000000001,0.243
1183,4,0.293,574,217.2,3,0,,0.10703369594502013,0,195.48,,
1183,5,0.293,408,154.4,4,0,,0.2245187890261104,0,138.96,,
1183,6,0.293,189,71.5,3,1,0.475,0.2835730929235099,1,71.5,0.095,0.35624999999999996
1183,7,0.293,548,207.3,3,0,,0.3342355969085948,1,186.57000000000002,,
1183,8,0.293,101,38.2,5,1,0.489,0.45061725277413783,1,38.2,0.0978,0.36675
1184,1,0.039,351,195.3,2,1,0.35,0.0,0,175.77,0.06999999999999999,
1184,2,0.039,446,248.1,3,0,,0.0,0,223.29,,
1184,3,0.039,313,174.1,3,1,0.248,0.0,1,156.69,0.049600000000000005,0.186
1184,4,0.039,180,100.1,2,1,0.397,0.04216219739102478,1,100.1,0.07940000000000001,0.29775
1184,5,0.039,193,107.4,2,1,0.374,0.06616835845000307,1,107.4,0.0748,0.28049999999999997
1184,6,0.039,504,280.4,4,0,,0.19807957421712527,1,252.35999999999999,,
1184,7,0.039,535,297.6,5,0,,0.051063476089345416,0,267.84000000000003,,
1184,8,0.039,367,204.2,1,1,0.248,0.14340251294423798,1,183.78,0.049600000000000005,0.186
1185,1,0.223,185,76.7,5,1,0.328,0.2813837081539059,1,76.7,0.0656,0.246
1185,2,0.223,422,175.0,4,1,0.506,0.17947518029948317,1,157.5,0.10120000000000001,0.3795
1185,3,0.223,353,146.4,5,1,0.402,0.08210392532079608,0,131.76000000000002,0.08040000000000001,
1185,4,0.223,594,246.4,5,0,,0.2505002298291811,1,221.76000000000002,,
1185,5,0.223,553,229.4,4,0,,0.07378979828546361,0,206.46,,
1185,6,0.223,377,156.4,2,1,0.393,0.3525207072669644,1,140.76000000000002,0.0786,0.29475
1185,7,0.223,281,116.6,4,1,0.413,0.2067937897963176,1,116.6,0.0826,0.30974999999999997
1185,8,0.223,456,189.1,3,0,,0.34251774115114164,1,170.19,,
1186,1,0.34,333,118.9,8,0,,0.2919785565867601,1,107.01,,
1186,2,0.34,287,102.5,5,1,0.475,0.3668850786400992,1,102.5,0.095,0.35624999999999996
1186,3,0.34,529,188.9,3,0,,0.3609348857334689,1,170.01000000000002,,
1186,4,0.34,414,147.9,5,0,,0.3354955881989076,0,133.11,,
1186,5,0.34,292,104.3,8,1,0.403,0.2967340486603408,1,104.3,0.0806,0.30225
1186,6,0.34,112,40.0,4,1,0.522,0.379245601847052,1,40.0,0.1044,0.3915
1186,7,0.34,505,180.4,4,0,,0.24738367365167918,0,162.36,,
1186,8,0.34,594,212.2,6,0,,0.21905646710409415,1,190.98,,
1187,1,0.184,212,93.0,9,1,0.343,0.30828268933268277,1,93.0,0.06860000000000001,0.25725000000000003
1187,2,0.184,342,150.1,2,1,0.2,0.25671679888921006,0,135.09,0.04000000000000001,
1187,3,0.184,262,115.0,6,1,0.315,0.19058916086022398,1,115.0,0.063,0.23625000000000002
1187,4,0.184,106,46.5,3,1,0.348,0.35051423825437816,1,46.5,0.0696,0.261
1187,5,0.184,157,68.9,5,1,0.217,0.1572234481275155,1,68.9,0.0434,0.16275
1187,6,0.184,317,139.1,3,1,0.41,0.31627032199889793,0,125.19,0.082,
1187,7,0.184,419,183.9,2,0,,0.2015574084925822,0,165.51000000000002,,
1187,8,0.184,507,222.5,6,0,,0.08152492499236097,1,200.25,,
1188,1,0.389,190,64.1,10,1,0.246,0.573804019177085,1,64.1,0.0492,0.1845
1188,2,0.389,460,155.3,4,0,,0.48807108466240856,1,139.77,,
1188,3,0.389,225,76.0,7,1,0.345,0.37689789689904357,1,76.0,0.06899999999999999,0.25875
1188,4,0.389,115,38.8,5,1,0.468,0.4617171259533949,1,38.8,0.09360000000000002,0.35100000000000003
1188,5,0.389,281,94.9,6,1,0.689,0.34862965660020934,1,94.9,0.1378,0.5167499999999999
1188,6,0.389,516,174.2,4,0,,0.4719149035059542,1,156.78,,
1188,7,0.389,391,132.0,6,1,0.505,0.14989214347160407,0,118.8,0.101,
1188,8,0.389,146,49.3,5,1,0.406,0.28701986663054063,1,49.3,0.08120000000000001,0.3045
1189,1,0.085,183,93.9,4,1,0.443,0.1829259744286963,1,93.9,0.08860000000000001,0.33225
1189,2,0.085,293,150.4,2,1,0.164,0.060034446178108075,1,150.4,0.0328,0.123
1189,3,0.085,136,69.8,2,1,0.139,0.1057542294888742,1,69.8,0.027800000000000005,0.10425000000000001
1189,4,0.085,102,52.3,1,1,0.174,0.0,1,52.3,0.0348,0.1305
1189,5,0.085,208,106.7,1,1,0.493,0.26978669957021034,1,106.7,0.09860000000000001,0.36975
1189,6,0.085,531,272.5,1,0,,0.20405296437176768,0,245.25,,
1189,7,0.085,380,195.0,3,1,0.345,0.06493147816246703,1,175.5,0.06899999999999999,0.25875
1189,8,0.085,177,90.8,3,1,0.242,0.044530414313667374,1,90.8,0.0484,0.1815
1190,1,0.643,129,33.8,10,0,,0.7459604361419694,0,33.8,,
1190,2,0.643,150,39.4,5,0,,0.8412470450168927,1,11.819999999999999,,
1190,3,0.643,574,150.6,7,1,0.672,0.7383760255811354,1,135.54,0.13440000000000002,0.504
1190,4,0.643,516,135.4,5,0,,0.8601802667396602,1,40.62,,
1190,5,0.643,177,46.4,8,1,0.66,0.5507648670938082,1,46.4,0.132,0.495
1190,6,0.643,354,92.9,4,0,,0.561061316950121,1,83.61000000000001,,
1190,7,0.643,172,45.1,9,1,0.595,0.5241058881946652,1,45.1,0.119,0.44625
1190,8,0.643,541,141.9,5,0,,0.687176064964948,1,127.71000000000001,,
1191,1,0.18,144,63.6,3,1,0.23,0.197560354980437,1,63.6,0.046000000000000006,0.17250000000000001
1191,2,0.18,592,261.3,3,0,,0.1648048876528014,0,235.17000000000002,,
1191,3,0.18,486,214.5,1,0,,0.2609258628123299,1,193.05,,
1191,4,0.18,172,75.9,3,1,0.391,0.3032328605214664,1,75.9,0.0782,0.29325
1191,5,0.18,228,100.6,5,1,0.448,0.02743375907131579,1,100.6,0.08960000000000001,0.336
1191,6,0.18,192,84.7,6,1,0.247,0.12030279720988844,1,84.7,0.0494,0.18525
1191,7,0.18,300,132.4,0,1,0.449,0.262014359412306,1,132.4,0.0898,0.33675
1191,8,0.18,360,158.9,2,1,0.346,0.1332261316141418,1,143.01000000000002,0.0692,0.25949999999999995
1192,1,0.099,247,123.7,3,1,0.353,0.01917939236418459,1,123.7,0.0706,0.26475
1192,2,0.099,117,58.6,5,1,0.231,0.20085374276503948,1,58.6,0.046200000000000005,0.17325000000000002
1192,3,0.099,189,94.7,1,1,0.264,0.0,1,94.7,0.05280000000000001,0.198
1192,4,0.099,367,183.8,2,1,0.42,0.0688420192208895,0,165.42000000000002,0.084,
1192,5,0.099,523,261.9,2,0,,0.13186440258048088,1,235.70999999999998,,
1192,6,0.099,276,138.2,2,1,0.21,0.04161800860898812,1,138.2,0.042,0.1575
1192,7,0.099,510,255.4,3,0,,0.1773155656013175,1,229.86,,
1192,8,0.099,330,165.3,2,1,0.296,0.0421123024802631,1,148.77,0.0592,0.22199999999999998
1193,1,0.132,116,55.1,6,1,0.324,0.27286194934459196,1,55.1,0.06480000000000001,0.243
1193,2,0.132,258,122.5,4,1,0.457,0.11942537025042274,1,122.5,0.09140000000000001,0.34275
1193,3,0.132,319,151.4,3,0,,0.19912701367053537,0,136.26000000000002,,
1193,4,0.132,468,222.1,6,0,,0.20660239529828164,0,199.89,,
1193,5,0.132,161,76.4,4,1,0.389,0.06924599972559273,1,76.4,0.07780000000000001,0.29175
1193,6,0.132,401,190.3,3,0,,0.0,1,171.27,,
1193,7,0.132,528,250.6,5,0,,0.1680755754663835,1,225.54,,
1193,8,0.132,129,61.2,5,1,0.375,0.13922883471248695,1,61.2,0.07500000000000001,0.28125
1194,1,0.487,555,168.8,3,0,,0.5425826027575127,1,151.92000000000002,,
1194,2,0.487,368,111.9,6,0,,0.4643472527617162,1,100.71000000000001,,
1194,3,0.487,572,173.9,9,0,,0.4439572301199284,1,156.51000000000002,,
1194,4,0.487,558,169.7,7,0,,0.6878473010981699,1,152.73,,
1194,5,0.487,506,153.9,4,0,,0.3397645938489222,1,138.51000000000002,,
1194,6,0.487,376,114.3,5,1,0.603,0.5603950478364238,0,102.87,0.1206,
1194,7,0.487,199,60.5,3,1,0.597,0.4295398141816609,1,60.5,0.1194,0.44775
1194,8,0.487,206,62.6,9,1,0.599,0.4534221382259578,1,62.6,0.1198,0.44925
1195,1,0.142,219,102.3,4,1,0.387,0.1102897167426034,1,102.3,0.07740000000000001,0.29025
1195,2,0.142,239,111.7,3,1,0.286,0.06165657258287427,1,111.7,0.0572,0.21449999999999997
1195,3,0.142,385,179.9,3,1,0.301,0.19912242102362393,0,161.91,0.060200000000000004,
1195,4,0.142,150,70.1,2,1,0.244,0.2810643595949957,1,70.1,0.0488,0.183
1195,5,0.142,436,203.7,6,0,,0.18900136612466614,0,183.32999999999998,,
1195,6,0.142,417,194.8,1,0,,0.1523381996212095,1,175.32000000000002,,
1195,7,0.142,206,96.2,8,1,0.411,0.043355950090075326,1,96.2,0.0822,0.30824999999999997
1195,8,0.142,470,219.6,5,1,0.257,0.19368252658244509,0,197.64,0.0514,
1196,1,0.32,382,139.7,2,0,,0.5356349631729299,1,125.72999999999999,,
1196,2,0.32,521,190.5,6,0,,0.28193053762049075,1,171.45000000000002,,
1196,3,0.32,461,168.6,4,0,,0.2824016420648134,1,151.74,,
1196,4,0.32,381,139.3,6,0,,0.2638910869019003,0,125.37000000000002,,
1196,5,0.32,347,126.9,5,1,0.358,0.271058576550558,0,114.21000000000001,0.0716,
1196,6,0.32,259,94.7,7,1,0.548,0.04547004463276155,1,94.7,0.10960000000000002,0.41100000000000003
1196,7,0.32,247,90.3,5,1,0.397,0.36050353858557127,1,90.3,0.07940000000000001,0.29775
1196,8,0.32,344,125.8,6,1,0.435,0.23544478236453864,1,113.22,0.08700000000000001,0.32625
1197,1,0.583,125,34.6,7,1,0.631,0.4219736881208199,1,34.6,0.1262,0.47325
1197,2,0.583,506,140.1,7,0,,0.6583189949732549,1,126.09,,
1197,3,0.583,401,111.0,6,0,,0.47479822149580636,1,99.9,,
1197,4,0.583,367,101.6,6,0,,0.5491330946116242,1,91.44,,
1197,5,0.583,276,76.4,7,1,0.773,0.729644239118858,1,76.4,0.15460000000000002,0.57975
1197,6,0.583,352,97.5,8,1,0.729,0.4420784201975486,1,87.75,0.1458,0.54675
1197,7,0.583,307,85.0,3,1,0.719,0.4297401765402238,1,76.5,0.1438,0.53925
1197,8,0.583,117,32.4,9,1,0.733,0.6099306189562338,1,32.4,0.1466,0.54975
1198,1,0.128,264,126.2,2,1,0.2,0.24294873640103687,1,126.2,0.04000000000000001,0.15000000000000002
1198,2,0.128,109,52.1,3,1,0.357,0.0,1,52.1,0.0714,0.26775
1198,3,0.128,154,73.6,4,1,0.273,0.1687689736837177,1,73.6,0.05460000000000001,0.20475000000000002
1198,4,0.128,196,93.7,3,1,0.308,0.18609995399616922,1,93.7,0.0616,0.23099999999999998
1198,5,0.128,559,267.1,2,0,,0.0,1,240.39000000000001,,
1198,6,0.128,375,179.2,1,1,0.425,0.20785013379072204,0,161.28,0.085,
1198,7,0.128,235,112.3,4,1,0.37,0.21566058798421794,1,112.3,0.074,0.27749999999999997
1198,8,0.128,130,62.1,3,1,0.223,0.09682144267439753,1,62.1,0.0446,0.16725
1199,1,0.511,132,39.2,2,1,0.729,0.6362346362298008,1,39.2,0.1458,0.54675
1199,2,0.511,592,175.6,8,0,,0.6246455574324845,1,158.04,,
1199,3,0.511,253,75.1,2,1,0.57,0.5213117925717204,1,75.1,0.11399999999999999,0.4275
1199,4,0.511,194,57.6,4,1,0.725,0.46585546096750663,1,57.6,0.145,0.54375
1199,5,0.511,424,125.8,7,1,0.736,0.4137172107417043,1,113.22,0.1472,0.552
1199,6,0.511,131,38.9,5,1,0.751,0.5072436490633809,1,38.9,0.1502,0.56325
1199,7,0.511,179,53.1,9,1,0.619,0.5679758919704179,1,53.1,0.12380000000000001,0.46425
1199,8,0.511,337,100.0,6,1,0.627,0.47858231389593586,1,90.0,0.1254,0.47025
